                0.68 0 0 0 -5.97382e-07 -2.76769e-07  3.43331e-06 0 0 0 0.522     0 1.173 -7.88088e-06 -3.70671e-06  6.50355e-05 -8.48584e-08 -4.81874e-07 -2.74656e-06 0 0 0 0.0319169 -0.101783  -9.80062 
                0.72  -0.0183177 -0.00316009  0.00939688  0.000627142   0.00232343 -0.000567579 0 0 0 0.522     0 1.173 -2.11014e-05  0.000928342 -8.14443e-06 -8.22984e-08 -4.80409e-07 -2.74905e-06 -4.96946e-09 -1.78138e-08  4.47893e-09 0.0319169 -0.101783  -9.80062 
                0.78 0.0330219 0.0130426 0.0232618  0.0634257 -0.0510865  0.0115776 0 0 0 0.522     0 1.173  0.626372 -0.533201  0.121485 -1.71335e-05  8.49328e-07 -9.41529e-06 -9.70435e-05  8.26787e-05 -1.88218e-05 0.0320102 -0.101862  -9.80062 
                0.82  -0.00506399 -0.000182534    0.0105609  0.0188359 -0.0120459 0.00292893 0 0 0 0.522     0 1.173  0.0483637 -0.0466658  0.0114512 -2.22235e-06  2.60971e-06  4.77534e-06  0.00179451 -0.00212298  0.00190646  0.0301879 -0.0997265   -9.80065 
                0.88 0.00165258 0.00235787  0.0125032  0.00808894 -0.00511651  0.00160969 0 0 0 0.522     0 1.173   -0.0206293   0.00103692 -0.000775116 1.24785e-06 8.58305e-06 4.99237e-06  0.00319062 -0.00345251  0.00282927  0.0288447 -0.0984412   -9.80066 
                0.92 0.000565919  0.00157718   0.0116029  0.00712099 -0.00373521    0.001089 0 0 0 0.522     0 1.173    -0.020868   0.00130484 -0.000872774 1.75397e-06 8.93276e-06 5.40155e-06  0.00319042 -0.00345252  0.00282933  0.0288449 -0.0984412   -9.80066 
                0.98 0.000465265  0.00154577    0.011586  0.00702235 -0.00395265  0.00107833 0 0 0 0.522     0 1.173  -0.0212267  0.00170606 -0.00101862 1.80921e-06 8.93629e-06 5.40046e-06  0.00319008 -0.00345232  0.00282931  0.0288452 -0.0984414   -9.80066 
                1.02 0.000678357  0.00162577   0.0120801  0.00760589 -0.00400534  0.00110698 0 0 0 0.522     0 1.173  -0.0213921  0.00184631 -0.00106797 1.69845e-06 8.87659e-06 5.14278e-06  0.00318932 -0.00345196  0.00282927   0.028846 -0.0984418   -9.80066 
                1.08  0.0296965 0.00597357  0.0229592 0.00972191 -0.0148045 0.00374269 0 0 0 0.522     0 1.173  -0.0217977  0.00211145 -0.00127773 -1.70721e-05  6.04596e-06 -1.90013e-06   0.0031882 -0.00344905  0.00282868   0.028847 -0.0984446   -9.80066 
                1.14 0.00274877 0.00135554  0.0121413  0.00760432 -0.00207958 0.000926827 0 0 0 0.522     0 1.173    -0.02217   0.0025436 -0.00142814 -3.10829e-06  8.41778e-06  3.68368e-06  0.00318781 -0.00345315  0.00282962  0.0288474 -0.0984406   -9.80066 
                1.18  0.0304177 0.00944545  0.0199712  0.0151579 -0.0143599 0.00335441 0 0 0 0.522     0 1.173  -0.0223235  0.00256029 -0.00151828 -1.43658e-05  5.09543e-06  4.98215e-07  0.00318284 -0.00344642  0.00282847  0.0288522 -0.0984471   -9.80066 
                1.24 0.00798602 0.00187471  0.0146499  0.00577074 -0.00556312 0.000849019 0 0 0 0.522     0 1.173  -0.0226944  0.00289785 -0.00166667 -3.95998e-06  8.60474e-06  2.95587e-06  0.00318496 -0.00344862  0.00282922 0.0288502 -0.098445  -9.80066 
                1.28  0.0100347 0.00291649  0.0182895  0.00908697 -0.00953341  0.00110358 0 0 0 0.522     0 1.173  -0.0228349  0.00295495 -0.00171448 -4.85705e-06   8.1236e-06  1.37644e-06  0.00318151 -0.00344501  0.00282899  0.0288535 -0.0984484   -9.80066 
                1.34 0.0105816 0.0027586 0.0169242  0.00763676 -0.00555255  0.00116525 0 0 0 0.522     0 1.173  -0.0232776  0.00344655 -0.00192858 -5.12483e-06  8.19162e-06  2.07021e-06  0.00318078 -0.00344583  0.00282888  0.0288542 -0.0984477   -9.80066 
                1.38  0.0108593 0.00285308  0.0172159  0.00821211 -0.00630267  0.00113915 0 0 0 0.522     0 1.173  -0.0234983  0.00363071 -0.00202495 -5.25428e-06  8.12267e-06  1.92905e-06  0.00317849 -0.00344396  0.00282877  0.0288564 -0.0984494   -9.80066 
                1.44  0.0106251 0.00302684  0.0173547  0.00789644 -0.00611145  0.00115299 0 0 0 0.522     0 1.173  -0.0238352  0.00392177 -0.00216913 -5.12089e-06  8.00531e-06  1.84463e-06  0.00317702 -0.00344302  0.00282866  0.0288578 -0.0984504   -9.80066 
                1.48  0.0292137 0.00888659   0.023502  0.0170943 -0.0153396 0.00333292 0 0 0 0.522     0 1.173   -0.024017  0.00404343 -0.00229821 -1.41397e-05  5.10543e-06 -1.13035e-06  0.00316611 -0.00343267  0.00282669  0.0288682 -0.0984603   -9.80066 
                1.54  0.0288936 0.00774172  0.0234367  0.0123443 -0.0128781 0.00278001 0 0 0 0.522     0 1.173  -0.0244098  0.00433891 -0.00250182 -1.39253e-05  5.80965e-06 -1.09261e-06  0.00316638 -0.00343202  0.00282682   0.028868 -0.0984609   -9.80066 
                1.58  0.0282173 0.00786944  0.0228399  0.0137169 -0.0128963 0.00267889 0 0 0 0.522     0 1.173  -0.0245765  0.00439757 -0.00259029 -1.35756e-05  5.71095e-06 -7.92993e-07 0.00316148 -0.0034288 0.00282664 0.0288727 -0.098464  -9.80066 
                1.64  0.0281984 0.00779998  0.0230302    0.01321 -0.0128553 0.00258721 0 0 0 0.522     0 1.173  -0.0247515  0.00431265 -0.00265211 -1.35545e-05  5.73651e-06  -9.2512e-07   0.0031589 -0.00342648  0.00282648  0.0288752 -0.0984662   -9.80066 
                 1.7  0.0282255 0.00778941  0.0227699  0.0130503 -0.0128026 0.00255707 0 0 0 0.522     0 1.173  -0.0250088   0.0044103 -0.00278232 -1.35596e-05  5.71186e-06 -7.90798e-07  0.00315443 -0.00342283  0.00282615  0.0288794 -0.0984697   -9.80066 
                1.74  0.0282584 0.00777833  0.0227788  0.0135164 -0.0128914 0.00259865 0 0 0 0.522     0 1.173    -0.02524  0.00458857 -0.00291636  -1.3572e-05  5.68501e-06 -7.97427e-07  0.00314948 -0.00341886  0.00282577  0.0288842 -0.0984735   -9.80066 
                 1.8  0.0281698 0.00780566  0.0230209  0.0131554 -0.0128353 0.00257368 0 0 0 0.522     0 1.173 -0.0255175  0.0046832 -0.0030497  -1.3529e-05  5.64853e-06 -9.17792e-07 0.00314624 -0.0034161 0.00282551  0.0288873 -0.0984762   -9.80066 
                1.84  0.0281022 0.00783332  0.0227143  0.0134856 -0.0128319 0.00263993 0 0 0 0.522     0 1.173   -0.025679  0.00473231 -0.00313398 -1.35009e-05  5.60091e-06 -7.83961e-07 0.00314089 -0.0034118 0.00282505  0.0288924 -0.0984803   -9.80066 
                 1.9  0.0279858 0.00786211  0.0229577  0.0131482 -0.0127849 0.00260856 0 0 0 0.522     0 1.173  -0.0260423  0.00501864 -0.00332723  -1.3438e-05   5.5609e-06 -9.17647e-07  0.00313727 -0.00340874  0.00282475  0.0288959 -0.0984832   -9.80066 
                1.94  0.0280098 0.00786329  0.0226825  0.0134627 -0.0128111 0.00263891 0 0 0 0.522     0 1.173  -0.0261918  0.00506739 -0.00340701 -1.34528e-05  5.52427e-06 -7.90913e-07  0.00313139 -0.00340397  0.00282427  0.0289015 -0.0984878   -9.80066 
                   2  0.0279656 0.00787333  0.0229064  0.0131245 -0.0127342 0.00258396 0 0 0 0.522     0 1.173  -0.0264464  0.00516473 -0.00352868 -1.34233e-05  5.49393e-06 -9.26514e-07  0.00312741 -0.00340064  0.00282395 0.0289053 -0.098491  -9.80066 
                2.04  0.0105685 0.00318228  0.0173892  0.00740726 -0.00481904  0.00106774 0 0 0 0.522     0 1.173    -0.02677  0.00556001 -0.00366966 -4.71842e-06  7.83959e-06  1.80816e-06  0.00313152 -0.00340932  0.00282579  0.0289014 -0.0984827   -9.80066 
                 2.1  0.0110117 0.00346945  0.0181154   0.0082089 -0.00650061   0.0010611 0 0 0 0.522     0 1.173  -0.0270795  0.00582006 -0.00379607 -5.02182e-06  7.61995e-06    1.329e-06  0.00312701 -0.00340524  0.00282546  0.0289057 -0.0984866   -9.80066 
                2.16  0.0108928 0.00366608   0.017451  0.00794019 -0.00567025  0.00108325 0 0 0 0.522     0 1.173  -0.0273803  0.00609347 -0.00392126 -4.96334e-06  7.47956e-06  1.66704e-06  0.00312168 -0.00340306  0.00282489  0.0289108 -0.0984887   -9.80066 
                 2.2  0.0114112 0.00349536  0.0179126  0.00845551 -0.00623132  0.00107261 0 0 0 0.522     0 1.173  -0.0276994  0.00650083 -0.00409859 -5.1923e-06  7.5096e-06 1.47234e-06  0.00311562 -0.00339852  0.00282446 0.0289166 -0.098493  -9.80066 
                2.26  0.0276611 0.00911991  0.0244722  0.0161347 -0.0151775  0.0030246 0 0 0 0.522     0 1.173  -0.0280743  0.00688914 -0.00435088 -1.28345e-05  4.80439e-06 -1.58564e-06  0.00310085 -0.00338362  0.00282171  0.0289308 -0.0985073   -9.80066 
                 2.3  0.0122917 0.00324165   0.017966  0.00730864 -0.00442169 0.000904515 0 0 0 0.522     0 1.173  -0.0283736  0.00718621 -0.00445299 -6.06643e-06  7.40361e-06  1.23755e-06   0.0031111 -0.00339907  0.00282496  0.0289209 -0.0984925   -9.80066 
                2.36 0.0278398 0.0087974 0.0248478  0.0162901 -0.0154798 0.00290398 0 0 0 0.522     0 1.173  -0.0284218  0.00698184 -0.00449098 -1.41622e-05  4.44428e-06 -2.30972e-06  0.00309362 -0.00338041  0.00282194  0.0289377 -0.0985104   -9.80066 
                 2.4  0.0272367 0.00805741  0.0222034  0.0129881  -0.011783 0.00250028 0 0 0 0.522     0 1.173   -0.028531  0.00694133 -0.00452735 -1.38573e-05  4.77471e-06 -1.09315e-06  0.00309205 -0.00338085    0.002822  0.0289392 -0.0985099   -9.80066 
                2.46 0.00884413 0.00407241  0.0195602  0.00869107 -0.00770408 0.000798752 0 0 0 0.522     0 1.173  -0.0288645  0.00726333 -0.00466464 -3.37931e-06  7.03896e-06  4.05595e-07  0.00309255 -0.00338253  0.00282372  0.0289387 -0.0985083   -9.80066 
                 2.5  0.0281192 0.00846685  0.0245671   0.016329 -0.0147677 0.00275702 0 0 0 0.522     0 1.173  -0.0290002   0.0074061 -0.00481664 -1.28507e-05  4.76804e-06 -2.03122e-06  0.00306771 -0.00336047  0.00281902  0.0289625 -0.0985295   -9.80066 
                2.56  0.0278125 0.00819796  0.0248528  0.0139091 -0.0133804 0.00257527 0 0 0 0.522     0 1.173  -0.0293525  0.00767913 -0.00500919 -1.26634e-05  4.91117e-06 -2.21067e-06  0.00306419 -0.00335692  0.00281859  0.0289659 -0.0985329   -9.80066 
                 2.6   0.027652 0.00804061  0.0252977  0.0141223 -0.0136693 0.00261857 0 0 0 0.522     0 1.173  -0.0294597  0.00769062 -0.00508581 -1.26054e-05  4.93567e-06 -2.43847e-06  0.00305445 -0.00334812  0.00281766  0.0289752 -0.0985413   -9.80066 
                2.66  0.0270659 0.00794476  0.0239647  0.0130358 -0.0128632  0.0024991 0 0 0 0.522     0 1.173  -0.0295951  0.00758734 -0.00513647 -1.22067e-05  4.96998e-06 -1.53028e-06  0.00304902 -0.00334365   0.0028171  0.0289804 -0.0985456   -9.80066 
                2.72  0.0277116 0.00832011  0.0255774  0.0127649 -0.0136994 0.00268436 0 0 0 0.522     0 1.173  -0.0295939  0.00723561 -0.00511212 -1.25801e-05  4.71378e-06 -2.39088e-06  0.00303884 -0.00333276  0.00281553 0.0289901 -0.098556  -9.80066 
                2.76  0.0276921 0.00811906  0.0246325  0.0130823 -0.0133246 0.00275974 0 0 0 0.522     0 1.173  -0.0295648  0.00699588 -0.00509536 -1.25908e-05   4.7427e-06 -1.99209e-06 0.00302838 -0.0033249 0.00281441  0.0290002 -0.0985635   -9.80066 
                2.82 0.0277484 0.0077973  0.024665  0.0128268  -0.013141 0.00263287 0 0 0 0.522     0 1.173  -0.0300411  0.00679639 -0.00516428 -1.26321e-05   4.8613e-06 -2.00884e-06  0.00302118 -0.00331907  0.00281381  0.0290071 -0.0985691   -9.80066 
                2.86  0.0281696 0.00718599  0.0207735  0.0149956 -0.0130577 0.00261833 0 0 0 0.522     0 1.173 -0.0305602  0.0068588  -0.005387 -1.28312e-05  5.20383e-06 -3.16606e-07  0.00300477 -0.00331032  0.00281285  0.0290228 -0.0985775   -9.80066 
                2.92  0.0272931 0.00528913  0.0194318  0.0163893 -0.0132014 0.00239793 0 0 0 0.522     0 1.173  -0.0311768  0.00711646 -0.00570459 -1.23595e-05  6.34987e-06   3.9186e-07  0.00299321 -0.00330369  0.00281236  0.0290338 -0.0985838   -9.80066 
                2.96   0.012286 0.00470451   0.016255   0.0107379 -0.00623445  0.00129758 0 0 0 0.522     0 1.173  -0.0315101   0.0074198 -0.00579504 -5.16195e-06  6.72675e-06  1.90957e-06  0.00299782 -0.00331541  0.00281426  0.0290294 -0.0985726   -9.80066 
                3.02 0.00907703 0.00377156  0.0174234   0.0100095 -0.00733189 0.000994584 0 0 0 0.522     0 1.173  -0.0315642  0.00765316 -0.00607965 -3.27979e-06  7.23115e-06   1.1743e-06  0.00299151 -0.00330892  0.00281397  0.0290354 -0.0985788   -9.80066 
                3.06 0.00858846 0.00330888   0.018694   0.0104101 -0.00780255 0.000929094 0 0 0 0.522     0 1.173  -0.0315315  0.00777925 -0.00626979 -3.06973e-06  7.33086e-06   5.1573e-07   0.0029805 -0.00330082   0.0028132   0.029046 -0.0985865   -9.80066 
                3.12 0.00866982 0.00384271  0.0195599  0.00956508 -0.00800247  0.00093834 0 0 0 0.522     0 1.173  -0.0318989  0.00793327 -0.00652229 -3.14782e-06  6.86965e-06 -6.65174e-08  0.00297429 -0.00329537  0.00281228  0.0290519 -0.0985918   -9.80066 
                3.18  0.0141213 0.00354959  0.0189831  0.00853116  -0.0056183 0.000661655 0 0 0 0.522     0 1.173   -0.032234  0.00808165 -0.00677501 -6.01302e-06  6.88356e-06  2.05133e-07  0.00296567 -0.00329541  0.00281167  0.0290601 -0.0985917   -9.80066 
                3.22  0.0145054 0.00390172  0.0211664  0.00938376  -0.0074667 0.000705061 0 0 0 0.522     0 1.173  -0.0324667  0.00793318 -0.00686175   -6.237e-06   6.6163e-06 -7.08124e-07 0.00295301 -0.0032829 0.00281048  0.0290722 -0.0986037   -9.80066 
                3.28  0.0135058 0.00368943  0.0210642  0.00869531 -0.00687786  0.00061123 0 0 0 0.522     0 1.173  -0.0329211   0.0078412 -0.00699801 -5.77996e-06  6.65181e-06 -6.73241e-07  0.00294621 -0.00327894  0.00280966  0.0290787 -0.0986075   -9.80066 
                3.32  0.0216654 0.00592158  0.0241472    0.012347 -0.00889495  0.00165346 0 0 0 0.522     0 1.173   -0.032945  0.00782274 -0.00705493 -9.40554e-06  5.53593e-06 -2.04084e-06  0.00292303 -0.00326462  0.00280529  0.0291009 -0.0986212   -9.80066 
                3.38  0.0194685 0.00599987  0.0244007   0.0113553 -0.00819167  0.00159739 0 0 0 0.522     0 1.173  -0.0332947  0.00766119 -0.00717432 -8.27755e-06  5.44958e-06 -2.18508e-06  0.00291544 -0.00326016  0.00280424  0.0291082 -0.0986255   -9.80066 
                3.42   0.019818 0.00605804  0.0236384  0.0117212 -0.0079139 0.00177017 0 0 0 0.522     0 1.173   -0.033401  0.00743927 -0.00724865   -8.457e-06  5.34769e-06 -1.85013e-06  0.00290169 -0.00325279  0.00280233  0.0291213 -0.0986325   -9.80066 
                3.48  0.0195869 0.00613246   0.024484   0.0114887 -0.00856536  0.00171947 0 0 0 0.522     0 1.173  -0.0335607  0.00735169 -0.00725039  -8.3501e-06  5.25484e-06 -2.34787e-06  0.00289215 -0.00324528  0.00280118  0.0291304 -0.0986397   -9.80066 
                3.52  0.0199797 0.00598751  0.0246569   0.0119843 -0.00882895  0.00182604 0 0 0 0.522     0 1.173 -0.0335964 0.00738491 -0.0072792 -8.57322e-06  5.25187e-06   -2.449e-06  0.00287732 -0.00323542  0.00279939  0.0291446 -0.0986491   -9.80066 
                3.58  0.0197616 0.00608936  0.0249463   0.0115669 -0.00882235  0.00173845 0 0 0 0.522     0 1.173  -0.0337913  0.00761141 -0.00745072 -8.44485e-06  5.13913e-06 -2.64667e-06  0.00286779 -0.00322894  0.00279828  0.0291537 -0.0986553   -9.80066 
                3.62  0.0201777 0.00602581  0.0246676   0.0120037 -0.00874083  0.00179902 0 0 0 0.522     0 1.173  -0.0338376  0.00757581 -0.00755876 -8.68369e-06  5.08997e-06 -2.52298e-06  0.00285262 -0.00321987  0.00279655 0.0291682 -0.098664  -9.80066 
                3.68  0.0209693 0.00599332  0.0252419   0.0117536 -0.00915134  0.00192723 0 0 0 0.522     0 1.173  -0.0340808  0.00766078 -0.00766911 -9.25451e-06  5.05434e-06  -2.9331e-06   0.0028423 -0.00321207  0.00279486  0.0291781 -0.0986715   -9.80066 
                3.74   0.021691 0.00587755  0.0259358   0.0115407 -0.00960604  0.00186858 0 0 0 0.522     0 1.173   -0.034329  0.00779627 -0.00772389 -9.67858e-06  5.03022e-06 -3.32412e-06  0.00282636 -0.00319968  0.00279289  0.0291933 -0.0986833   -9.80066 
                3.78 0.0219714  0.005893 0.0262668  0.0122398 -0.0100888 0.00206849 0 0 0 0.522     0 1.173  -0.0343858  0.00791928 -0.00779277 -9.84345e-06  4.92862e-06 -3.47869e-06   0.0028091 -0.00318718  0.00279049  0.0292098 -0.0986953   -9.80066 
                3.84  0.0221308 0.00588043  0.0268834  0.0117972 -0.0104583 0.00205498 0 0 0 0.522     0 1.173  -0.0347018  0.00798657 -0.00797789 -9.95408e-06  4.87719e-06 -3.79337e-06  0.00279848 -0.00317836  0.00278898  0.0292199 -0.0987037   -9.80066 
                3.88  0.0224022 0.00599805  0.0271639  0.0123431 -0.0109088 0.00218896 0 0 0 0.522     0 1.173    -0.03481  0.00822135 -0.00809395 -1.01153e-05  4.73534e-06 -3.93512e-06  0.00278112 -0.00316495  0.00278669  0.0292365 -0.0987165   -9.80066 
                3.94    0.02226 0.00605024  0.0274765  0.0118342 -0.0110523 0.00218012 0 0 0 0.522     0 1.173  -0.0353727  0.00849008 -0.00843115  -1.0072e-05  4.64864e-06 -4.11748e-06  0.00277026 -0.00315606  0.00278505 0.0292469 -0.098725  -9.80066 
                3.98   0.022617 0.00590715  0.0273396  0.0123505 -0.0112281 0.00224849 0 0 0 0.522     0 1.173  -0.0356012  0.00825084 -0.00868745 -1.03008e-05  4.61651e-06 -4.06607e-06  0.00275239 -0.00314294  0.00278284   0.029264 -0.0987375   -9.80066 
                4.04  0.0226646 0.00594787  0.0276939  0.0118295 -0.0115216 0.00222017 0 0 0 0.522     0 1.173  -0.0358151  0.00838905 -0.00912118 -1.03599e-05   4.5261e-06 -4.29207e-06  0.00274114 -0.00313318   0.0027811  0.0292747 -0.0987469   -9.80066 
                4.08  0.0231724 0.00577777  0.0274003  0.0123086 -0.0114694 0.00234171 0 0 0 0.522     0 1.173  -0.0358849  0.00834497 -0.00935933 -1.06549e-05  4.51136e-06 -4.16052e-06  0.00272289 -0.00312038  0.00277849  0.0292921 -0.0987591   -9.80066 
                4.14   0.024596 0.00586493    0.02813  0.0123281 -0.0119798 0.00251436 0 0 0 0.522     0 1.173 -0.0361621 0.00814849 -0.0095393 -1.1628e-05 4.38228e-06 -4.6541e-06  0.00270968 -0.00310957  0.00277604  0.0293048 -0.0987694   -9.80066 
                 4.2  0.0226892 0.00567699  0.0277445   0.011108 -0.0115598 0.00198951 0 0 0 0.522     0 1.173  -0.0363047  0.00816878 -0.00984621 -1.06758e-05  4.40408e-06 -4.46694e-06  0.00269504 -0.00309704  0.00277511  0.0293187 -0.0987814   -9.80066 
                4.24  0.0225191 0.00575893  0.0276947  0.0118836 -0.0118327 0.00217153 0 0 0 0.522     0 1.173 -0.0361895 0.00858176 -0.0100251 -1.06815e-05    4.268e-06 -4.45833e-06   0.0026749 -0.00308217  0.00277204   0.029338 -0.0987956   -9.80066 
                 4.3  0.0225556 0.00573267   0.027916  0.0112834 -0.0119529 0.00214069 0 0 0 0.522     0 1.173 -0.0362704 0.00900499 -0.0102525 -1.07538e-05  4.22188e-06 -4.57184e-06  0.00266316 -0.00307189  0.00276996  0.0293492 -0.0988054   -9.80066 
                4.34 0.0196646 0.0116169  0.039658 -0.0093278 -0.0111012 0.00370463 0 0 0 0.522     0 1.173 -0.0282424 0.00892933 -0.0119343 -9.52518e-06  2.03823e-06 -9.74752e-06  0.00274525 -0.00306159  0.00276078  0.0292709 -0.0988154   -9.80066 
                 4.4   0.0715979 -0.00503665   0.0372603  -0.0198691 -0.00459471  0.00871614 0 0 0 0.522     0 1.173 -0.00543974  0.00894178  -0.0164195 -3.64972e-05 -4.41204e-06 -8.49462e-06  0.00278055 -0.00307284  0.00274313  0.0292373 -0.0988048   -9.80066 
                4.44   0.141782 -0.0134218   0.035904 -0.00736551 -0.00691085   0.0110032 0 0 0 0.522     0 1.173 0.00533041 0.00790902 -0.0188626 -6.92095e-05 -2.71348e-05 -7.85698e-06  0.00273999 -0.00305196  0.00272762   0.029276 -0.0988249   -9.80066 
                 4.5  0.0905676 0.00195652  0.0262666  0.0303131 -0.0123295 0.00929606 0 0 0 0.522     0 1.173  0.0142813 0.00664372 -0.0219899 -3.97977e-05 -3.86945e-05 -2.30641e-06   0.0026273 -0.00302524  0.00272719  0.0293835 -0.0988503   -9.80066 
                4.54 0.0669034 0.0203067 0.0107159   0.0230422 -0.00983109  0.00822133 0 0 0 0.522     0 1.173  0.0818592 0.00623795 -0.0143425 -2.80481e-05 -3.61386e-05  5.32881e-06  0.00265921 -0.00302231  0.00272554  0.0293531 -0.0988531   -9.80066 
                 4.6  0.174937 0.0706344 0.0307663   0.0276127 -0.00075984   0.0208668 0 0 0 0.522     0 1.173    0.31576 0.00530288 0.00687742  -9.6047e-05 -6.05883e-05 -7.30265e-06  0.00267165 -0.00304454  0.00268341  0.0293413 -0.0988323   -9.80066 
                4.64   0.271966 -0.0182171  0.0192605   0.0453185 -0.00224371   0.0245925 0 0 0 0.522     0 1.173   0.510382 0.00371987  0.0143971  -0.00014593 -7.39344e-05 -1.49835e-06  0.00266501 -0.00303037   0.0026618  0.0293477 -0.0988461   -9.80066 
                 4.7    0.268294   -0.132889 0.000310682   0.114072 0.00884985  0.0375757 0 0 0 0.522     0 1.173   0.841496 0.00135458  0.0161993 -0.000142892 -0.000119697  1.12577e-05  0.00256305 -0.00306324  0.00261902   0.029445 -0.0988151   -9.80066 
                4.76  0.270589 -0.306487 0.0112064  0.195649 0.0014319 0.0431715 0 0 0 0.522     0 1.173      1.1798 -0.00155831   0.0127489 -0.000143939 -0.000187257  5.01767e-06  0.00242555 -0.00302713   0.0025865  0.0295762 -0.0988498   -9.80066 
                 4.8  0.288692 -0.262241 0.0185465    0.267157 -0.00121874   0.0515369 0 0 0 0.522     0 1.173     1.39505 -0.00373011  0.00998175 -0.000151306 -0.000296865  2.01069e-06  0.00229818 -0.00301088  0.00253699  0.0296977 -0.0988657   -9.80066 
                4.86  0.286969 -0.102564 0.0174529    0.379051 -0.00078175   0.0499209 0 0 0 0.522     0 1.173     1.58076 -0.00369666 -0.00287437 -0.000150812 -0.000402435  2.15955e-06  0.00219624 -0.00301053  0.00253406  0.0297948 -0.0988661   -9.80066 
                 4.9  0.301796 0.0559769 0.0212867     0.48126 -0.00570235   0.0485132 0 0 0 0.522     0 1.173    1.60704 -0.0047345 -0.0135183   -0.0001557 -0.000434236  1.28658e-06  0.00194985 -0.00298237  0.00252526  0.0300296 -0.0988929   -9.80066 
                4.96  0.271217  0.176777 0.0218223     0.54541 -0.00110828    0.040012 0 0 0 0.522     0 1.173     1.60575 -0.00977738  -0.0200181 -0.000136617 -0.000412097  8.82254e-07  0.00201603 -0.00299685  0.00254069 0.0299665 -0.098879  -9.80066 
                   5  0.193829  0.327401 0.0159493   0.611283 -0.0061836  0.0314252 0 0 0 0.522     0 1.173    1.59367 -0.0109925 -0.0187514 -9.94603e-05 -0.000354981  2.92442e-06  0.00194389 -0.00297183  0.00256683  0.0300352 -0.0989025   -9.80065 
                5.06 0.0804917  0.193856 0.0393459   0.652072 -0.0118132  0.0135661 0 0 0 0.522     0 1.173    1.56431 -0.0155456 -0.0114088 -3.08592e-05 -0.000181665 -1.02629e-05  0.00209436 -0.00295288  0.00261664  0.0298917 -0.0989201   -9.80066 
                 5.1  0.0334391   0.216578 -0.0269413    0.723361 -0.00972147  0.00805823 0 0 0 0.522     0 1.173     1.54802  -0.0234305 -0.00446573 -1.25037e-05 -0.000114801  1.71712e-05 0.00200401 -0.0029655 0.00263744  0.0299777 -0.0989078   -9.80066 
                5.19 0.0308919  0.166673 -0.133441    0.849949 -0.00640967  0.00397403 0 0 0 0.522     0 1.173    1.52523 -0.0633993 0.00973954 -2.35042e-05 -4.51183e-05  6.82281e-05  0.00200774 -0.00299127  0.00264916  0.0299741 -0.0988832   -9.80066 
                5.26 0.0610157  0.124551 -0.209643   0.816907 -0.0187431 0.00395353 0 0 0 0.522     0 1.173   1.50097 -0.102031  0.016443  -6.7493e-05 -2.25566e-05  1.71173e-05  0.00308628 -0.00295124  0.00265256  0.0289471 -0.0989216   -9.80066 
                5.32 0.0479394  0.105532 -0.400858   0.879491 -0.0129794  0.0024135 0 0 0 0.522     0 1.173   1.49327  -0.12607 0.0189235 -7.83378e-05 -2.96156e-05  1.41106e-05 0.00332127 -0.0030395 0.00266638  0.0287233 -0.0988376   -9.80066 
                5.36  0.159941  0.149926 -0.531443   0.896286 -0.0213763   0.017592 0 0 0 0.522     0 1.173   1.48822 -0.142213 0.0192314 -0.000125962 -6.32378e-05 -7.67388e-06  0.00363009 -0.00303883  0.00258751  0.0284296 -0.0988391   -9.80066 
                5.42  0.168825  0.156402 -0.729877    1.00827 -0.0388152  0.0168852 0 0 0 0.522     0 1.173   1.48553 -0.175594 0.0162677 -0.000124367 -7.71002e-05  2.24665e-05  0.00359741 -0.00301385  0.00259035  0.0284607 -0.0988628   -9.80066 
                5.46  0.157877  0.152011 -0.937724    1.04535 -0.0567068 0.00863538 0 0 0 0.522     0 1.173   1.48304 -0.187227 0.0135547 -0.000117763 -8.33598e-05 -2.91117e-06 0.00378143 -0.0029565 0.00263365 0.0282854 -0.098917  -9.80066 
                5.52 0.189429 0.171589 -1.21663    1.13728 -0.0591723  0.0137183 0 0 0 0.522     0 1.173   1.48516 -0.182923 0.0101811 -0.000125049 -9.89602e-05  5.83052e-05  0.00381014 -0.00298917  0.00261547  0.0282581 -0.0988861   -9.80066 
                5.56 0.176576 0.158569 -1.34831    1.17674 -0.0774189 0.00726923 0 0 0 0.522     0 1.173     1.4836  -0.171891 0.00747053 -8.54233e-05 -9.57293e-05  1.25799e-05   0.0039757 -0.00293072  0.00264881  0.0281005 -0.0989413   -9.80066 
                5.62 0.171575 0.158418 -1.48056    1.26945 -0.0875782 0.00742391 0 0 0 0.522     0 1.173    1.48503  -0.136333 0.00487977 -4.59521e-05 -9.77817e-05  2.70451e-05  0.0039958 -0.0029266 0.00264764  0.0280813 -0.0989452   -9.80066 
                5.66 0.165204 0.141415 -1.57572    1.29496 -0.0739154  0.0117557 0 0 0 0.522     0 1.173    1.48261  -0.108503 0.00401234 -2.00537e-07 -8.95749e-05  1.91896e-05  0.00424018 -0.00303787   0.0026209   0.027849 -0.0988394   -9.80066 
                5.72 0.132093 0.132654 -1.61856    1.38404 -0.0785786 0.00577269 0 0 0 0.522     0 1.173    1.48276 -0.0691018 0.00290005  4.80254e-05 -8.40214e-05  1.77757e-05  0.00427844 -0.00305217  0.00264169  0.0278126 -0.0988255   -9.80066 
                5.78 0.158787 0.153271 -1.53945    1.48947 -0.0894937 0.00370561 0 0 0 0.522     0 1.173    1.48368 -0.0392954 0.00328204  4.69325e-05 -9.57423e-05 -3.24884e-05  0.00422097 -0.00302259  0.00265171  0.0278672 -0.0988537   -9.80066 
                5.82 0.178791 0.152672 -1.57038    1.52132 -0.0843871 0.00614371 0 0 0 0.522     0 1.173    1.48077 -0.0312722 0.00410024  2.93006e-05   -9.443e-05 -1.84172e-05  0.00440828 -0.00306654   0.0026358  0.0276892 -0.0988117   -9.80066 
                5.88 0.159405 0.159696 -1.60208    1.58257 -0.0786151 0.00675423 0 0 0 0.522     0 1.173    1.47811 -0.0307534 0.00499448  1.77013e-05 -9.72301e-05 -3.94727e-06 0.00454481 -0.0031042 0.00263229  0.0275594 -0.0987756   -9.80066 
                5.92  0.16855 0.163733 -1.57791    1.62888  -0.081554 0.00789096 0 0 0 0.522     0 1.173    1.47577 -0.0352458 0.00569346 -2.05033e-05 -9.87591e-05 -1.37951e-05  0.00467185 -0.00311083  0.00262325  0.0274386 -0.0987691   -9.80066 
                5.98 0.181015 0.178151 -1.56965     1.7157 -0.0787223  0.0118493 0 0 0 0.522     0 1.173    1.47436 -0.0491199 0.00674967 -5.17078e-05 -0.000107028 -1.83398e-05  0.00470977 -0.00314269  0.00260625  0.0274027 -0.0987389   -9.80066 
                6.02   0.1678 0.175664 -1.56597    1.76428 -0.0868164  0.0112402 0 0 0 0.522     0 1.173     1.4725 -0.0594713 0.00704533 -6.87577e-05 -0.000106349 -2.08321e-05  0.00481017 -0.00312393  0.00260639  0.0273072 -0.0987565   -9.80066 
                6.08 0.170141 0.200095 -1.57315    1.84412 -0.0885867 0.00882795 0 0 0 0.522     0 1.173    1.47185 -0.0703953 0.00659884 -8.04074e-05  -0.00012189 -1.60645e-05  0.00486773 -0.00314209  0.00261453  0.0272525 -0.0987389   -9.80066 
                6.12 0.147225 0.190545 -1.57206    1.87029 -0.0881055 0.00311319 0 0 0 0.522     0 1.173    1.46873 -0.0750496 0.00616784  -7.0745e-05 -0.000117127  -1.6653e-05  0.00510706 -0.00318057  0.00264674  0.0270251 -0.0987012   -9.80067 
                6.18 0.178982 0.208515 -1.57993    1.95458 -0.0859824 0.00478696 0 0 0 0.522     0 1.173    1.46842  -0.078776 0.00590304 -8.65093e-05 -0.000129729 -1.15267e-05  0.00515587 -0.00322455   0.0026395  0.0269789 -0.0986593   -9.80067 
                6.24 0.185757  0.19765  -1.5641    2.02935   -0.10079 0.00425908 0 0 0 0.522     0 1.173    1.46642  -0.080021 0.00527848 -7.95281e-05 -0.000124151 -1.97712e-05  0.00528079 -0.00318659  0.00264149    0.02686 -0.0986949   -9.80067 
                6.28 0.171873 0.205503 -1.53503    2.05723  -0.096423 0.00315482 0 0 0 0.522     0 1.173    1.46284 -0.0778972 0.00481354 -6.43482e-05  -0.00012669 -3.18818e-05  0.00552323 -0.00325314  0.00264663  0.0266299 -0.0986306   -9.80067 
                6.34 0.183963 0.218711 -1.59613     2.1393 -0.0998521 0.00443352 0 0 0 0.522     0 1.173    1.46226 -0.0745657 0.00476828 -6.42648e-05 -0.000132771 -2.77141e-06   0.0055872 -0.00327495  0.00264046  0.0265692 -0.0986096   -9.80067 
                6.38 0.189015 0.224988 -1.55081    2.19127  -0.113521 0.00458482 0 0 0 0.522     0 1.173    1.46121 -0.0753983 0.00491371  -6.0739e-05  -0.00013539 -2.25942e-05  0.00568029 -0.00323016  0.00263716  0.0264806 -0.0986518   -9.80067 
                6.44 0.168871 0.219728 -1.58143    2.26259 -0.0951927 0.00482399 0 0 0 0.522     0 1.173    1.46043 -0.0720416 0.00457403 -4.89414e-05 -0.000132255 -6.54935e-06  0.00578282 -0.00334173  0.00263504  0.0263837 -0.0985453   -9.80067 
                6.48 0.181356 0.236946 -1.56366    2.32169  -0.111283 0.00636086 0 0 0 0.522     0 1.173    1.46045 -0.0704534 0.00494621 -5.58153e-05 -0.000140517 -1.29057e-05  0.00582418 -0.00329184  0.00262254  0.0263442 -0.0985926   -9.80067 
                6.54 0.189185 0.223214 -1.56852     2.3899  -0.101931 0.00603069 0 0 0 0.522     0 1.173    1.45927 -0.0725859 0.00560948   -6.032e-05 -0.000132426  -9.7701e-06 0.00593339 -0.0033691 0.00262245  0.0262409 -0.0985186   -9.80067 
                6.58 0.176792 0.231113  -1.5301    2.44088   -0.10393 0.00635684 0 0 0 0.522     0 1.173    1.45826 -0.0696464    0.00609 -5.64493e-05 -0.000136459 -2.99995e-05  0.00602235 -0.00341334  0.00261765  0.0261567 -0.0984762   -9.80067 
                6.64 0.201651  0.23232 -1.52469     2.5208  -0.104845 0.00738278 0 0 0 0.522     0 1.173    1.45778 -0.0604767 0.00695762 -6.74715e-05 -0.000137071 -2.04409e-05   0.0060783 -0.00345339  0.00261189  0.0261039 -0.0984379   -9.80067 
                6.68 0.191446 0.236648   -1.422    2.57217   -0.12057 0.00920657 0 0 0 0.522     0 1.173    1.45636  -0.051674 0.00756524  -5.4715e-05 -0.000139022 -4.83183e-05  0.00615071 -0.00340183  0.00259691  0.0260349 -0.0984866   -9.80067 
                6.74 0.183481 0.238423 -1.42657    2.62878  -0.107612 0.00633837 0 0 0 0.522     0 1.173    1.45261 -0.0360127 0.00785934  -3.9812e-05 -0.000138981  -1.0981e-05  0.00630557 -0.00349008  0.00260824  0.0258884 -0.0984017   -9.80067 
                 6.8 0.173742 0.232491 -1.30408    2.73051     -0.119 0.00626453 0 0 0 0.522     0 1.173    1.45179  -0.022256 0.00806873 -2.73811e-05 -0.000135608 -2.85974e-05  0.00624102 -0.00346738   0.0026073  0.0259495 -0.0984237   -9.80067 
                6.84 0.199259 0.241776 -1.17672    2.77656   -0.11078 0.00897321 0 0 0 0.522     0 1.173    1.44965 -0.0198823 0.00863005 -3.54246e-05 -0.000138667 -3.46452e-05   0.0063306 -0.00355969  0.00258696  0.0258652 -0.0983357   -9.80067 
                 6.9  0.19243 0.252058 -1.15282   2.81059  -0.09828 0.0112046 0 0 0 0.522     0 1.173    1.44555 -0.0371577 0.00913441 -4.11137e-05 -0.000142366 -1.47109e-05  0.00658168 -0.00364769  0.00257593  0.0256275 -0.0982506   -9.80067 
                6.94 0.125613 0.230441 -1.14427   2.83725 -0.102253 0.0115123 0 0 0 0.522     0 1.173    1.44106 -0.0490131 0.00921811 -4.35374e-05 -0.000131673 -2.20127e-06  0.00685052 -0.00368095  0.00257045  0.0253727 -0.0982172   -9.80068 
                   7 0.150689 0.232082 -1.16541    2.93605 -0.0955921 0.00724266 0 0 0 0.522     0 1.173       1.44 -0.0769896 0.00871763 -7.82546e-05 -0.000133031  1.24703e-05  0.00683951 -0.00376195  0.00258847  0.0253836 -0.0981403   -9.80068 
                7.04 0.181015 0.262774 -1.17205    2.95234 -0.0892607  0.0115025 0 0 0 0.522     0 1.173    1.43386 -0.0946722 0.00855662 -0.000110799 -0.000146686  7.64117e-06  0.00717414 -0.00389033  0.00255722  0.0250672 -0.0980164   -9.80068 
                 7.1 0.183435 0.261102 -1.24396    3.04119  -0.108229 0.00503017 0 0 0 0.522     0 1.173    1.43203   -0.12106 0.00781388 -0.000120332  -0.00014548  3.79259e-05  0.00720867 -0.00387676  0.00258527  0.0250343 -0.0980287   -9.80068 
                7.14 0.168749 0.267214 -1.31455    3.06909  -0.105372 0.00548953 0 0 0 0.522     0 1.173    1.42688  -0.134435 0.00750437 -0.000117236 -0.000146886  3.26065e-05  0.00747302 -0.00398901  0.00258035  0.0247844 -0.0979203   -9.80068 
                 7.2 0.184202 0.256209  -1.3936    3.15413  -0.113837 0.00271046 0 0 0 0.522     0 1.173    1.42575  -0.145839 0.00685073 -0.000119525 -0.000138787  4.37197e-05  0.00752425 -0.00403248  0.00259254  0.0247361 -0.0978785   -9.80068 
                7.26 0.173177 0.258819 -1.49353     3.22183   -0.126557 -0.00124058 0 0 0 0.522     0 1.173    1.42069   -0.16365 0.00610905 -9.22263e-05 -0.000138757  4.34695e-05  0.00770978 -0.00406963  0.00262003  0.0245604 -0.0978416   -9.80068 
                 7.3 0.155411 0.253552 -1.63549     3.23411   -0.126385 -0.00309165 0 0 0 0.522     0 1.173   1.41329 -0.167517 0.0057735 -7.45567e-05 -0.000133874  4.62715e-05  0.00809485 -0.00417653  0.00263328 0.0241961 -0.097737  -9.80068 
                7.36 0.172575 0.256166 -1.72264      3.33822    -0.138396 -0.000728881 0 0 0 0.522     0 1.173    1.42757  -0.157737 0.00402093 -7.37809e-05 -0.000134785  4.48068e-05  0.00806893 -0.00421298  0.00262263   0.024221 -0.0977028   -9.80068 
                 7.4 0.275816 0.234516 -1.79708    3.36106  -0.136151 0.00606331 0 0 0 0.522     0 1.173    1.43768  -0.143822 0.00221115 -9.58217e-05 -0.000140496  2.93694e-05  0.00838418 -0.00433799   0.0025729  0.0239234 -0.0975821   -9.80069 
                7.46 0.298861 0.217528 -1.80457   3.47547 -0.150027 0.0121084 0 0 0 0.522     0 1.173      1.45391    -0.113475 -0.000701492 -8.35426e-05 -0.000148469  1.37303e-05  0.00831223 -0.00435936   0.0025408  0.0239919 -0.0975629   -9.80069 
                 7.5 0.289189 0.221782 -1.79386    3.52748  -0.156521 0.00977621 0 0 0 0.522     0 1.173     1.45694  -0.0955279 -0.00284564 -4.86844e-05 -0.000150006   5.8306e-06  0.00841022 -0.00440478  0.00255038  0.0238994 -0.0975189   -9.80069 
                7.56 0.275367 0.230501 -1.82947     3.6067  -0.154152 0.00866101 0 0 0 0.522     0 1.173    1.57824 -0.0844908 0.00512967 -3.2012e-05  -0.0001445 2.65216e-05  0.00849077 -0.00448038  0.00255138  0.0238238 -0.0974465   -9.80069 
                 7.6 0.270171 0.201014 -1.80173   3.67025 -0.159283  0.013021 0 0 0 0.522     0 1.173    1.75746 -0.0859133  0.0142699 -4.00194e-05 -0.000158747  1.17384e-05  0.00854776 -0.00453177  0.00251554  0.0237704 -0.0973977   -9.80069 
                7.66   0.27097 0.0499581  -1.80469   3.79913 -0.153296 0.0202437 0 0 0 0.522     0 1.173    1.96538 -0.0933385  0.0072266 -5.88269e-05 -0.000155796  1.41589e-05  0.00848197 -0.00462824  0.00247815  0.0238338 -0.0973073   -9.80069 
                 7.7  0.302312 -0.121434  -1.79698   3.86564  -0.16852 0.0286479 0 0 0 0.522     0 1.173     2.02374  -0.0999988 -0.00597366 -0.000101972 -0.000192986  9.08859e-06  0.00861282 -0.00461654  0.00240684    0.02371 -0.0973179   -9.80069 
                7.76    0.26971 -0.0284518   -1.79816  4.01329 -0.16314 0.016228 0 0 0 0.522     0 1.173    2.07264  -0.111889 -0.0229684 -9.68873e-05 -0.000293841  9.18665e-06   0.0085258 -0.00471352  0.00245633  0.0237932 -0.0972264   -9.80069 
                7.82 0.253202 0.222825 -1.75658   4.13818 -0.189116 0.0247742 0 0 0 0.522     0 1.173    2.08724  -0.126652 -0.0327113 -0.000101977 -0.000370631 -1.50876e-05 0.00854124 -0.0046452 0.00237232  0.0237782 -0.0972919   -9.80069 
                7.86 0.258552 0.312937 -1.74665   4.18714 -0.170178 0.0189911 0 0 0 0.522     0 1.173    2.07756  -0.126308 -0.0353102 -0.000109165 -0.000326324 -1.88218e-05  0.00880588 -0.00486967  0.00239209  0.0235299 -0.0970764   -9.80069 
                7.92 0.257514 0.386716 -1.75761   4.31455 -0.183869 0.0119187 0 0 0 0.522     0 1.173    2.05906   -0.14142 -0.0336147 -0.000107998 -0.000298507 -1.21808e-05  0.00881715 -0.00489161  0.00240934  0.0235194 -0.0970553   -9.80069 
                7.96 0.229369 0.378964 -1.81491   4.36325 -0.179651 0.0138667 0 0 0 0.522     0 1.173    2.03956  -0.157577 -0.0296999 -0.000100354 -0.000221911  -8.6577e-07  0.00909197 -0.00503276  0.00237599  0.0232609 -0.0969191   -9.80069 
                8.02 0.168946 0.336062 -1.96028    4.47591   -0.17246 0.00202263 0 0 0 0.522     0 1.173    2.01893  -0.178994 -0.0232641 -8.02797e-05  -0.00015896  4.86599e-05  0.00917703 -0.00517114  0.00242141  0.0231818 -0.0967866   -9.80069 
                8.06 0.168035  0.32676 -2.10472     4.53856    -0.17926 -0.00548764 0 0 0 0.522     0 1.173    2.00481  -0.198052 -0.0193853 -9.29675e-05 -0.000126801  5.76106e-05  0.00936976 -0.00527954  0.00246769  0.0230004 -0.0966813    -9.8007 
                8.12 0.138056 0.315342 -2.23976     4.64768   -0.178324 -0.00879437 0 0 0 0.522     0 1.173    1.98991  -0.234424 -0.0137895 -7.85935e-05 -0.000111914   7.7451e-05  0.00947246 -0.00541792  0.00247854  0.0229047 -0.0965491    -9.8007 
                8.16 0.122135 0.334856 -2.49061     4.71215   -0.196968 -0.00651052 0 0 0 0.522     0 1.173    1.97907  -0.262433 -0.0108884 -7.97172e-05 -0.000122917  0.000100676  0.00965928 -0.00547467  0.00245765  0.0227287 -0.0964934    -9.8007 
                8.22 0.104637   0.3245  -2.7502     4.81092   -0.203207 -0.00712101 0 0 0 0.522     0 1.173     1.96664   -0.306445 -0.00876242 -8.02825e-05  -0.00012089   0.00014963  0.00981479 -0.00560258  0.00245751  0.0225831 -0.0963706    -9.8007 
                8.28  0.14586 0.294628 -3.06688    4.91879  -0.222848 -0.0142222 0 0 0 0.522     0 1.173     1.95963   -0.323958 -0.00880862 -0.000109617 -0.000112091   0.00014301 0.00998783 -0.0057259 0.00250819  0.0224207 -0.0962512    -9.8007 
                8.32 0.188279 0.315461 -3.24715    4.98631  -0.248106 -0.0171942 0 0 0 0.522     0 1.173    1.95725  -0.314007 -0.0099634 -0.000102895 -0.000127126  9.68498e-05   0.0101696 -0.00576345  0.00253135  0.0222492 -0.0962131    -9.8007 
                8.38 0.250857  0.30493 -3.35103    5.12054  -0.267556 -0.0153838 0 0 0 0.522     0 1.173    1.96071  -0.280387 -0.0124383 -9.10132e-05 -0.000127495  7.97062e-05   0.0101547 -0.00583558  0.00252117  0.0222643 -0.0961452    -9.8007 
                8.42  0.30333 0.343221 -3.40519    5.19536  -0.279417 -0.0153823 0 0 0 0.522     0 1.173     1.9618  -0.245347 -0.0145629 -5.05171e-05 -0.000149967  4.04566e-05    0.010257 -0.00593781  0.00252045   0.022169 -0.0960471    -9.8007 
                8.48  0.33519  0.31525 -3.40746    5.34547  -0.303579 -0.0116882 0 0 0 0.522     0 1.173    1.96754  -0.190632 -0.0173723 -2.33211e-05 -0.000138568  2.04871e-05   0.0101388 -0.00595724  0.00249806  0.0222811 -0.0960307    -9.8007 
                8.52 0.340477  0.32462 -3.39007     5.41531   -0.296778 -0.00523504 0 0 0 0.522     0 1.173   1.96722 -0.158313 -0.018341  8.43406e-06 -0.000143957  8.67395e-06   0.0102278 -0.00614887  0.00244377     0.0222 -0.0958489   -9.80071 
                8.58 0.264878  0.33825 -3.44427     5.52037   -0.304479 -0.00329553 0 0 0 0.522     0 1.173    1.96571  -0.132064 -0.0193805  5.12497e-05 -0.000150682  4.21005e-05   0.0103083 -0.00621995  0.00242725   0.022125 -0.0957807   -9.80071 
                8.62 0.217322 0.330401 -3.43772      5.57198    -0.297929 -0.000781727 0 0 0 0.522     0 1.173    1.95992  -0.125802 -0.0192967  4.46417e-05 -0.000143295  3.82075e-05   0.0105429 -0.00640579  0.00239988  0.0219062 -0.0956018   -9.80071 
                8.68  0.18286 0.342774 -3.44046     5.70071   -0.306068 -0.00602598 0 0 0 0.522     0 1.173    1.95786  -0.131668 -0.0192565  2.81571e-05 -0.000148777  3.91826e-05   0.0105215 -0.00647898  0.00241963  0.0219276 -0.0955327   -9.80071 
                8.72 0.165136 0.365506 -3.42314     5.76883   -0.306705 -0.00427178 0 0 0 0.522     0 1.173    1.95413  -0.138276 -0.0184339 -7.66086e-06 -0.000157029  3.09685e-05   0.0106284 -0.00662573  0.00239896   0.021829 -0.0953926   -9.80071 
                8.78 0.140641 0.339176  -3.4087     5.90139   -0.308841 -0.00870436 0 0 0 0.522     0 1.173    1.95208  -0.153344 -0.0175701 -2.03685e-05 -0.000136324  2.03928e-05   0.0105716 -0.00673774  0.00241551  0.0218845 -0.0952875   -9.80071 
                8.84 0.146386 0.333874 -3.42316    5.99755  -0.318874 -0.0100372 0 0 0 0.522     0 1.173    1.94601  -0.165423 -0.0166658 -4.30573e-05 -0.000130393  2.77857e-05  0.0107333 -0.0068554  0.0024183  0.0217337 -0.0951736   -9.80071 
                8.88 0.177883 0.359252 -3.44768     6.08484   -0.326901 -0.00954531 0 0 0 0.522     0 1.173    1.94548   -0.16931 -0.0159225   -6.057e-05 -0.000140394  3.86213e-05   0.0106805 -0.00697082  0.00240973  0.0217857 -0.0950656   -9.80071 
                8.94 0.195722 0.372165 -3.47432    6.18766  -0.322502 -0.0104989 0 0 0 0.522     0 1.173    1.94233  -0.170477 -0.0153201 -6.54747e-05 -0.000145894  5.19942e-05   0.0107501 -0.00712656  0.00241024  0.0217227 -0.0949173   -9.80072 
                8.98  0.21692 0.354491 -3.39778    6.24285  -0.341817 -0.0137356 0 0 0 0.522     0 1.173   1.93771 -0.170011 -0.015429 -6.45973e-05 -0.000136449  1.64723e-05   0.0109234 -0.00717034   0.0024323  0.0215597 -0.0948725   -9.80072 
                9.04 0.218603 0.351813 -3.43523      6.367  -0.346941 -0.0123892 0 0 0 0.522     0 1.173     1.9365  -0.166161 -0.0150544 -5.56759e-05 -0.000134611  3.74157e-05   0.0108983 -0.00727878  0.00242155  0.0215856 -0.0947707   -9.80072 
                9.08 0.239296  0.36603 -3.47484    6.48139  -0.347963 -0.0103408 0 0 0 0.522     0 1.173    1.94123  -0.160323 -0.0147924 -5.44399e-05 -0.000142317  5.67115e-05   0.0106194 -0.00745664   0.0024014  0.0218524 -0.0946084   -9.80072 
                9.14 0.223643 0.380133 -3.46277    6.55643  -0.342253 -0.0117678 0 0 0 0.522     0 1.173   1.93668 -0.153492 -0.014607 -3.81251e-05 -0.000149794   4.9243e-05   0.0107948 -0.00762305  0.00240534  0.0216901 -0.0944478   -9.80072 
                9.18 0.225662 0.380702   -3.498    6.68931  -0.362718 -0.0106498 0 0 0 0.522     0 1.173    1.94462  -0.150906 -0.0143563 -3.59708e-05 -0.000151605   6.7331e-05   0.010356 -0.0076779 0.00239197 0.0221054 -0.094405  -9.80072 
                9.24 0.214548 0.391929 -3.47904   6.75767 -0.362353 -0.011138 0 0 0 0.522     0 1.173     1.9396  -0.146457 -0.0151141 -2.84095e-05 -0.000158007  5.44431e-05   0.0105393 -0.00781488  0.00239096 0.0219353 -0.094272  -9.80072 
                 9.3 0.223134 0.392384 -3.49083    6.91773  -0.372121 -0.0100922 0 0 0 0.522     0 1.173    1.94555   -0.14366 -0.0161463 -3.61253e-05 -0.000159844  6.06577e-05   0.0101608 -0.00796407  0.00237531  0.0222956 -0.0941393   -9.80072 
                9.34 0.211646 0.401333 -3.51882    6.95638  -0.359098 -0.0096055 0 0 0 0.522     0 1.173   1.94123 -0.138157 -0.016762 -3.42727e-05 -0.000162759    7.238e-05    0.010349 -0.00825119  0.00236716  0.0221241 -0.0938646   -9.80073 
                 9.4 0.208896 0.388427 -3.49643    7.05003  -0.374441 -0.0122383 0 0 0 0.522     0 1.173     2.04369   -0.144127 -0.00486311 -3.60452e-05 -0.000156351  6.14659e-05  0.0104191 -0.0083296 0.00237712 0.0220597 -0.093789  -9.80073 
                9.44 0.192175 0.334267 -3.48881    7.14354  -0.381871 -0.0132794 0 0 0 0.522     0 1.173    2.12365  -0.147681 0.00167115 -3.23986e-05 -0.000147298  5.78363e-05    0.010274 -0.00848344  0.00238553 0.0221999 -0.093647  -9.80073 
                 9.5 0.221839 0.274391 -3.52112      7.2592    -0.38128 -0.00973944 0 0 0 0.522     0 1.173     2.14173   -0.148749 -0.00315691 -5.03068e-05 -0.000137812  7.48688e-05   0.0102828 -0.00864023  0.00236779  0.0221952 -0.0934992   -9.80073 
                9.54 0.193675 0.283702 -3.49178    7.35183  -0.388236 -0.0119002 0 0 0 0.522     0 1.173     2.1513  -0.147324 -0.0061851 -3.78079e-05 -0.000159904  6.08177e-05  0.0101528 -0.0088105 0.00238543  0.0223216 -0.0933414   -9.80073 
                 9.6 0.220146  0.34199 -3.49722     7.45143   -0.392726 -0.00911625 0 0 0 0.522     0 1.173     2.15353   -0.147991 -0.00894656 -5.27693e-05 -0.000191402  6.40362e-05   0.010234 -0.0089477 0.00236929  0.0222483 -0.0932104   -9.80073 
                9.64 0.207375  0.35495 -3.49707    7.54973  -0.412517 -0.0132993 0 0 0 0.522     0 1.173   2.15688 -0.144985 -0.010185 -4.55423e-05 -0.000185247  6.31526e-05   0.0100522 -0.00902572   0.0024007  0.0224214 -0.0931408   -9.80073 
                 9.7 0.216051 0.375737 -3.49036    7.65053  -0.415797 -0.0143322 0 0 0 0.522     0 1.173     2.15222   -0.142952 -0.00994956 -4.70091e-05 -0.000184656    5.844e-05   0.0101163 -0.00916083  0.00240453  0.0223642 -0.0930119   -9.80073 
                9.74 0.224632  0.38839  -3.5025    7.72902  -0.426727 -0.0150369 0 0 0 0.522     0 1.173     2.15032   -0.143167 -0.00931491 -4.68405e-05 -0.000177245  6.22072e-05   0.0100665 -0.00929273   0.0024092  0.0224143 -0.0928888   -9.80073 
                9.83 0.216295 0.382678 -3.49138      7.884  -0.429958 -0.0136405 0 0 0 0.522     0 1.173     2.14223   -0.140269 -0.00653562 -3.89393e-05  -0.00016425   5.4165e-05   0.0101837 -0.00944839  0.00239913  0.0223079 -0.0927394   -9.80074 
                 9.9 0.207456 0.368159 -3.50563    7.84862  -0.423836 -0.0153614 0 0 0 0.522     0 1.173     2.09793   -0.141088 -0.00471425 -3.44826e-05 -0.000145679  5.50146e-05   0.0120921 -0.00984617  0.00242252  0.0205201 -0.0923163   -9.80074 
                9.96  0.21313 0.360963 -3.50059    7.96913  -0.439025 -0.0136003 0 0 0 0.522     0 1.173     2.09184   -0.148826 -0.00344009 -4.51254e-05  -0.00014254  4.14373e-05  0.0122556 -0.0100145 0.00240664  0.0203707 -0.0921537   -9.80075 
                  10 0.194545 0.360119 -3.57655     8.0105  -0.441948 -0.0144282 0 0 0 0.522     0 1.173     2.08079   -0.158263 -0.00352371 -4.86665e-05 -0.000141968  5.07934e-05  0.0126627 -0.0102163 0.00241562  0.0199926 -0.0919529   -9.80075 
               10.06 0.182011 0.361515 -3.62867   8.14051 -0.463357 -0.015553 0 0 0 0.522     0 1.173     2.07482    -0.18838 -0.00376822 -5.22316e-05 -0.000143962  4.89999e-05  0.0127189 -0.0102879 0.00242258 0.0199416 -0.091884  -9.80075 
                10.1 0.159072 0.363149 -3.75894      8.212  -0.468813 -0.0151849 0 0 0 0.522     0 1.173   2.06803 -0.202721 -0.003675 -6.07886e-05 -0.000144964  4.98765e-05  0.0129058 -0.0104826 0.00242184   0.019771 -0.0916957   -9.80075 
               10.16 0.155351 0.366236 -3.90327    8.33614  -0.482332 -0.0161131 0 0 0 0.522     0 1.173     2.06295   -0.222709 -0.00394903 -6.94981e-05 -0.000146919  7.19347e-05  0.0129704 -0.0106017 0.00242794  0.0197135 -0.0915817   -9.80075 
                10.2  0.15769 0.368024  -4.0674    8.38246  -0.494019 -0.0163149 0 0 0 0.522     0 1.173     2.05121   -0.240919 -0.00465395 -6.64168e-05 -0.000146363  6.76547e-05  0.0133191 -0.0107644 0.00243248  0.0193898 -0.0914189   -9.80075 
               10.26 0.164708 0.381815 -4.22207    8.51176   -0.50808 -0.0146311 0 0 0 0.522     0 1.173      2.0448   -0.264988 -0.00532951 -7.15323e-05 -0.000154767  7.49514e-05  0.0133594 -0.0108945 0.00242389  0.0193557 -0.0912954   -9.80076 
               10.32 0.153267 0.385842 -4.46831     8.6215  -0.536339 -0.0154497 0 0 0 0.522     0 1.173     2.03723    -0.27632 -0.00600344 -6.33452e-05 -0.000154846  7.63128e-05   0.013534 -0.0109923  0.0024311  0.0191943 -0.0911983   -9.80076 
               10.36 0.176453 0.383851 -4.65745    8.66256  -0.542952 -0.0149698 0 0 0 0.522     0 1.173     2.02448   -0.285298 -0.00652887 -5.84169e-05 -0.000151705  5.40223e-05  0.0139139 -0.0111975 0.00242896   0.018843 -0.0909942   -9.80076 
               10.42 0.174306 0.384089 -4.95337    8.78389  -0.561774 -0.0163331 0 0 0 0.522     0 1.173     2.01196   -0.315119 -0.00714336 -5.13022e-05 -0.000150533  0.000108906  0.0139888  -0.011314 0.00243644  0.0187761 -0.0908824   -9.80076 
               10.46 0.154457 0.383164 -5.21636    8.82793  -0.588854 -0.0186326 0 0 0 0.522     0 1.173     1.99522   -0.338123 -0.00764575 -5.25848e-05 -0.000146306  7.26321e-05  0.0143499 -0.0113895 0.00245753  0.0184388 -0.0908001   -9.80076 
               10.52 0.136247 0.384691 -5.59346    8.94435  -0.603716 -0.0187001 0 0 0 0.522     0 1.173     1.98278    -0.36828 -0.00745047 -5.44676e-05 -0.000144332  0.000135126  0.0144479 -0.0115327 0.00245848  0.0183511 -0.0906625   -9.80076 
               10.56 0.137766  0.39872 -5.98356    9.00821  -0.618019 -0.0193182 0 0 0 0.522     0 1.173    1.97369  -0.379154 -0.0069811 -6.20051e-05   -0.0001472  0.000114569  0.0146706   -0.01172 0.00246608  0.0181477 -0.0904793   -9.80077 
               10.62 0.163356 0.393384 -6.26215       9.14  -0.637465 -0.0223362 0 0 0 0.522     0 1.173     1.97064   -0.377952 -0.00606597 -6.36466e-05 -0.000143187  0.000113949 0.0146787 -0.011866 0.0024838  0.0181447 -0.0903416   -9.80077 
               10.66 0.216355 0.400251 -6.56376    9.17738  -0.657381 -0.0248422 0 0 0 0.522     0 1.173     1.96385    -0.35571 -0.00570494 -4.64476e-05 -0.000147109  9.04775e-05  0.0150606 -0.0120204 0.00250956  0.0177909 -0.0901836   -9.80077 
               10.72 0.272628   0.3895 -6.75141    9.31207  -0.679759 -0.0219484 0 0 0 0.522     0 1.173     1.97099   -0.306748 -0.00470831 -3.27732e-05 -0.000143976  9.60008e-05  0.0150523 -0.0121449 0.00249572   0.017803 -0.0900672   -9.80077 
               10.76 0.339614 0.385729  -6.8997   9.38187 -0.690788 -0.019053 0 0 0 0.522     0 1.173     1.97311   -0.268067 -0.00396115 -9.11099e-06 -0.000146744  6.76786e-05  0.0151944 -0.0123442 0.00247551  0.0176767 -0.0898752   -9.80077 
               10.82 0.364205 0.355706 -6.97656    9.52341  -0.702771 -0.0206581 0 0 0 0.522     0 1.173      1.9819   -0.210628 -0.00364647  1.12519e-05 -0.000130135  6.04407e-05  0.0151287 -0.0124945 0.00248599  0.0177437 -0.0897364   -9.80077 
               10.88 0.350788 0.364479 -6.98376    9.63828  -0.719782 -0.0196278 0 0 0 0.522     0 1.173     1.99723   -0.148638 -0.00120323  4.15747e-05 -0.000138822  3.32413e-05  0.0151855 -0.0126579 0.00248102 0.0176964 -0.089581  -9.80077 
               10.92  0.41765 0.342254 -6.90001    9.71223  -0.707986 -0.0237171 0 0 0 0.522     0 1.173    2.02236 -0.0899187  0.0013847  2.18405e-05 -0.000132982  5.68215e-06  0.0152494 -0.0129809 0.00252014  0.0176484 -0.0892749   -9.80078 
               10.98 0.478688 0.337679 -6.69088    9.85246  -0.709746 -0.0251441 0 0 0 0.522     0 1.173    2.09097 -0.0116609 0.00708098  1.06016e-05 -0.000139622  -3.9728e-05  0.0151676 -0.0131436 0.00253307  0.0177314 -0.0891252   -9.80078 
               11.02 0.436139 0.317718 -6.31972    9.93418  -0.737537 -0.0180881 0 0 0 0.522     0 1.173    2.1497 0.0103853 0.0107986  5.36548e-05 -0.000154762 -5.89158e-05   0.015151 -0.0131651 0.00248245  0.0177481 -0.0891062   -9.80078 
               11.08 0.304875 0.240108 -6.18822    10.0241    -0.7325 -0.0051147 0 0 0 0.522     0 1.173   2.24483 0.0223712 0.0127831  9.44199e-05 -0.000139252 -2.43735e-05  0.0153233 -0.0133048 0.00241556  0.0175924 -0.0889691   -9.80078 
               11.12 0.168787 0.132658 -5.98794     10.1153   -0.728092 -0.00969575 0 0 0 0.522     0 1.173    2.3176 0.0233661 0.0118478 8.77776e-05 -0.00012812 2.92002e-06  0.0153208 -0.0135308 0.00245772  0.0176038 -0.0887567   -9.80078 
               11.18  0.165584 0.0829979  -5.78222    10.2226  -0.739143 -0.0141214 0 0 0 0.522     0 1.173    2.42947 0.00859909 0.00918474  4.14612e-05 -0.000128446 -3.10066e-06 0.0154758  -0.01361  0.002488  0.0174616 -0.0886756   -9.80078 
               11.22  0.160655 0.0722459  -5.35443    10.3707  -0.759024 -0.0115361 0 0 0 0.522     0 1.173    2.51767 -0.0041265 0.00688457 -1.01529e-06   -0.0001574   -6.568e-05  0.0151321 -0.0136849 0.00247153  0.0177872 -0.0886201   -9.80078 
               11.28  0.162383 0.0562481  -5.19641    10.4781  -0.735922 -0.0164881 0 0 0 0.522     0 1.173    2.63513 -0.0208943 0.00230407 -2.99952e-05 -0.000166896 -3.87997e-05  0.0153249 -0.0139163 0.00250362  0.0176162 -0.0883945   -9.80079 
               11.34  0.141085 0.0257559   -4.9107    10.6976  -0.769048 -0.0199978 0 0 0 0.522     0 1.173     2.76795  -0.0323317 -0.00226072 -4.06811e-05 -0.000169583 -4.48909e-05  0.0148845 -0.0139264 0.00253724  0.0180292 -0.0884038   -9.80078 
               11.38    0.196711 -0.00358127     -4.7098    10.6828  -0.770203 -0.0262356 0 0 0 0.522     0 1.173    2.83032 -0.0288997 -0.0050576  -6.0137e-05 -0.000160834 -5.93575e-06  0.0157038 -0.0140874 0.00259721  0.0172682 -0.0882161   -9.80079 
               11.44   0.219891 -0.0371754    -4.5092    10.8638  -0.774385 -0.0335116 0 0 0 0.522     0 1.173     2.95383  -0.0251946 -0.00735714 -5.82694e-05 -0.000147541  -3.3051e-06  0.0156952 -0.0142104 0.00264229  0.0172816 -0.0881007   -9.80079 
               11.48   0.231808 -0.0283427   -4.14385    11.0215  -0.795774 -0.0273985 0 0 0 0.522     0 1.173    3.04215 -0.0229913 -0.0072177  -4.9064e-05 -0.000155003 -3.32893e-05  0.0154475 -0.0142797  0.0025988   0.017517 -0.0880474   -9.80079 
               11.54   0.222004 -0.0499455   -3.98806    11.1399  -0.771812 -0.0293421 0 0 0 0.522     0 1.173     3.15791 -0.00664774  -0.0080572 -3.96105e-05 -0.000143143  -1.9181e-05   0.015753 -0.0145112 0.00261417  0.0172414 -0.0878165   -9.80079 
               11.58   0.249502 -0.0363559   -3.60098    11.3014  -0.793584 -0.0271901 0 0 0 0.522     0 1.173      3.24573 -0.000983709  -0.00827711 -4.27329e-05 -0.000151884 -6.66612e-05  0.0155508  -0.014589 0.00260266  0.0174343 -0.0877532   -9.80079 
               11.64   0.217236 -0.0422217   -3.46988    11.4749  -0.805144 -0.0249999 0 0 0 0.522     0 1.173     3.36644 -0.00467411 -0.00814275 -1.98585e-05 -0.000148708  -3.1709e-05  0.0156567 -0.0146644  0.0025937  0.0173388 -0.0876777   -9.80079 
               11.68   0.177902 -0.0494952   -3.23955    11.5801  -0.793141 -0.0247034 0 0 0 0.522     0 1.173     3.44283 0.000830811 -0.00824596 -1.85648e-05 -0.000145671 -3.82379e-05  0.0158888 -0.0149379 0.00259718  0.0171343 -0.0874109    -9.8008 
               11.74   0.180776 -0.0611355    -3.1186    11.8058  -0.796598 -0.0285641 0 0 0 0.522     0 1.173     3.56725  0.00534076 -0.00825968  -2.6714e-05 -0.000139546 -2.14549e-05  0.0158332 -0.0150704 0.00262174  0.0171924 -0.0872892    -9.8008 
               11.78   0.207261 -0.0507724   -2.80687    11.9239  -0.802798 -0.0272085 0 0 0 0.522     0 1.173     3.64458  0.00806028 -0.00819934 -3.25916e-05  -0.00014575 -5.87865e-05  0.0160204 -0.0152429 0.00261778  0.0170254 -0.0871191    -9.8008 
               11.84   0.184345 -0.0447718   -2.68714    12.1437  -0.819212 -0.0302742 0 0 0 0.522     0 1.173     3.76751   0.0120584 -0.00861579 -1.75346e-05 -0.000151533 -4.54845e-05  0.0160405 -0.0153114 0.00263873  0.0170097 -0.0870538    -9.8008 
                11.9   0.205994 -0.0525883   -2.49829   12.3439 -0.814106 -0.030589 0 0 0 0.522     0 1.173      3.8864   0.0260223 -0.00795479 -2.51465e-05 -0.000148105 -3.48182e-05  0.0162506 -0.0155465 0.00264814  0.0168243 -0.0868239    -9.8008 
               11.94   0.209576 -0.0475489    -2.3177    12.4952  -0.838742 -0.0287968 0 0 0 0.522     0 1.173     3.96692   0.0316464 -0.00725941 -1.99216e-05 -0.000151134 -1.79714e-05  0.0163157 -0.0155922 0.00264123  0.0167657 -0.0867781    -9.8008 
                  12   0.184369 -0.0379566   -2.18636    12.7229  -0.825633 -0.0282753 0 0 0 0.522     0 1.173     4.08785   0.0449677 -0.00637717 -9.53432e-06 -0.000156308 -2.12333e-05  0.0163966 -0.0157802 0.00264288   0.016699 -0.0865985    -9.8008 
               12.04   0.179531 -0.0453875   -1.97962    12.8802  -0.823485 -0.0272715 0 0 0 0.522     0 1.173     4.16775   0.0547285 -0.00618883 -1.06704e-05 -0.000153055 -3.16473e-05  0.0164823 -0.0160109 0.00264248  0.0166299 -0.0863788   -9.80081 
                12.1   0.169209 -0.0544268   -1.92117    13.1194  -0.820482 -0.0274903 0 0 0 0.522     0 1.173     4.28835   0.0596338 -0.00637644 -8.83463e-06 -0.000148039  5.77441e-06  0.0165656 -0.0161681 0.00264847  0.0165595 -0.0862279   -9.80081 
               12.14   0.133449 -0.0683627   -1.68094    13.2554  -0.841513 -0.0286077 0 0 0 0.522     0 1.173     4.36274   0.0646785 -0.00603852 -9.10889e-06 -0.000141589 -3.52955e-05  0.0168513 -0.0162474 0.00266677 0.0162963  -0.08614  -9.80081 
                12.2   0.132226 -0.0827214   -1.63065     13.516  -0.834072 -0.0296031 0 0 0 0.522     0 1.173     4.48319   0.0671635 -0.00480972 -1.57312e-05 -0.000133778  1.61939e-06   0.016914 -0.0164201 0.00267805   0.016246 -0.0859756   -9.80081 
               12.24   0.101476 -0.0961578   -1.42636    13.7041  -0.823197 -0.0250304 0 0 0 0.522     0 1.173     4.56382   0.0694774 -0.00380206 -1.02068e-05 -0.000128252 -2.88334e-05  0.0169275 -0.0167311 0.00264959  0.0162483 -0.0856848   -9.80081 
                12.3 0.0542206 -0.108802  -1.43596     13.958  -0.838723 -0.0300959 0 0 0 0.522     0 1.173      4.6809    0.061815 -0.00425234  4.11181e-06 -0.000120459  2.32417e-05  0.0170561 -0.0168183 0.00268437  0.0161322 -0.0855969   -9.80081 
               12.36 0.0397315 -0.123234  -1.30791    14.2352  -0.837623 -0.0276725 0 0 0 0.522     0 1.173     4.79861    0.056967 -0.00477515  2.26675e-07 -0.000114511  3.42208e-06  0.0171506 -0.0170647 0.00267481  0.0160557 -0.0853625   -9.80082 
                12.4 0.0587208 -0.136807  -1.24977    14.3639  -0.858513 -0.0312982 0 0 0 0.522     0 1.173     4.86657   0.0552346 -0.00636379  -1.226e-05 -0.00010914 1.27719e-05  0.0176369 -0.0171625 0.00271724  0.0156063 -0.0852477   -9.80082 
               12.46 0.0762958 -0.138377  -1.22387    14.6723  -0.846677 -0.0352991 0 0 0 0.522     0 1.173      4.9882   0.0576738 -0.00868403 -1.88253e-05  -0.00011112  2.42654e-05  0.0176506 -0.0173782 0.00274715  0.0156036 -0.0850455   -9.80082 
                12.5 0.0922595 -0.133744  -1.13432    14.8604  -0.864584 -0.0357363 0 0 0 0.522     0 1.173    5.06494  0.0607958 -0.0102406 -1.96523e-05 -0.000116726  1.65139e-05  0.0178199 -0.0175218 0.00276423  0.0154523 -0.0849034   -9.80082 
               12.56 0.0880875 -0.126373   -1.1229    15.1532  -0.869532 -0.0328434 0 0 0 0.522     0 1.173    5.18327  0.0639332 -0.0125034  -1.4748e-05 -0.000123231  3.10741e-05  0.0179413  -0.017664 0.00275537  0.0153457 -0.0847652   -9.80082 
                12.6 0.0720514 -0.126259  -1.05823    15.3157  -0.874183 -0.0335003 0 0 0 0.522     0 1.173    5.25369  0.0697507 -0.0141858 -7.62072e-06 -0.000125022  2.12216e-05  0.0183497 -0.0178818 0.00277253   0.014975 -0.0845428   -9.80082 
               12.66  0.054452 -0.143564  -1.07662    15.6752  -0.868949 -0.0331647 0 0 0 0.522     0 1.173    5.37744  0.0752026 -0.0155087 -4.93511e-07 -0.000117237  4.57166e-05  0.0182538 -0.0180841 0.00277602  0.0150738 -0.0843586   -9.80083 
                12.7 0.0253955 -0.163576 -0.954491    15.8691  -0.898252 -0.0312693 0 0 0 0.522     0 1.173    5.45189    0.07631 -0.0156792  5.89738e-06 -0.000107183 -2.36824e-06  0.0184806 -0.0181635 0.00277101  0.0148662 -0.0842741   -9.80083 
               12.76 0.0129007 -0.172369  -1.00662     16.216  -0.879972 -0.0312342 0 0 0 0.522     0 1.173    5.57402  0.0776448 -0.0159198  6.55085e-06 -0.000101473  4.12012e-05  0.0184708 -0.0184159 0.00277583   0.014887 -0.0840393   -9.80083 
                12.8 0.00624201  -0.153241  -0.897265    16.4068  -0.882078 -0.0329483 0 0 0 0.522     0 1.173      5.648  0.0809421 -0.0168116  1.43749e-06 -0.000108369 -7.64288e-06  0.0187657 -0.0186861 0.00280112  0.0146245 -0.0837737   -9.80083 
               12.86 0.00571694  -0.144267  -0.962505    16.7689  -0.902676 -0.0327186 0 0 0 0.522     0 1.173   5.76972 0.0766692  -0.01755  -3.1091e-06 -0.000110099  4.58897e-05  0.0187341 -0.0187909 0.00280521  0.0146587 -0.0836774   -9.80083 
               12.92 0.00176851  -0.121054  -0.936475   17.0719 -0.910116 -0.032978 0 0 0 0.522     0 1.173    5.88059  0.0738984 -0.0179837 -3.89635e-06 -0.000111734  3.64689e-05  0.0190962 -0.0190111 0.00281575  0.0143316 -0.0834558   -9.80083 
               12.96 -0.0111217  -0.104733  -0.990363    17.2523  -0.879819 -0.0325484 0 0 0 0.522     0 1.173    5.94807  0.0804414 -0.0182005 -3.67942e-07 -0.000106737  5.83996e-05  0.0195792 -0.0194915 0.00282355  0.0139037 -0.0829864   -9.80084 
               13.02 -0.0162808 -0.0979506  -0.978254     17.656  -0.908429 -0.0326462 0 0 0 0.522     0 1.173    6.07024  0.0735152 -0.0186478 -1.71474e-06 -0.000102352  4.60125e-05  0.0194807 -0.0195927 0.00282936  0.0139999 -0.0828966   -9.80084 
               13.06 -0.0219486 -0.0682352  -0.930845    17.8884  -0.941262 -0.0337341 0 0 0 0.522     0 1.173    6.14548  0.0703779 -0.0199542 -3.96521e-06 -0.000104777   1.1507e-05  0.0196479 -0.0196968 0.00285002  0.0138489 -0.0827918   -9.80084 
               13.12 -0.0220637 -0.0564259   -1.02524    18.2587  -0.947143 -0.0364705 0 0 0 0.522     0 1.173    6.26262  0.0669726 -0.0228282 -6.17418e-06 -0.000103165  5.33551e-05  0.0197173 -0.0198671 0.00287072   0.013792 -0.0826301   -9.80084 
               13.16 -0.0241507 -0.0396031   -1.04925    18.5029  -0.924342 -0.0364428 0 0 0 0.522     0 1.173    6.33847  0.0746261 -0.0251063 -5.50898e-06  -0.00010045  4.82361e-05  0.0198665 -0.0203288 0.00288211  0.0136738 -0.0821937   -9.80085 
               13.22 -0.0241177 -0.0203256    -1.1326    18.8765  -0.936763 -0.0399522 0 0 0 0.522     0 1.173    6.45543  0.0692661 -0.0286576 -6.42465e-06 -0.000103083  8.45286e-05  0.0199669 -0.0205022 0.00290635  0.0135881 -0.0820277   -9.80085 
               13.26 -0.0205321  0.0125757   -1.13187    19.1512  -0.941431 -0.0392456 0 0 0 0.522     0 1.173     6.5346  0.0702361 -0.0314719 -8.14592e-06  -0.00010794  6.23904e-05  0.0199612 -0.0208329 0.00291157  0.0136081 -0.0817204   -9.80085 
               13.32 -0.0188108  0.0330642   -1.29804    19.6333  -0.960384 -0.0421576 0 0 0 0.522     0 1.173    6.66065   0.061576 -0.0363264 -6.70369e-06 -0.000112189   0.00015525  0.0196217 -0.0210063 0.00293044  0.0139313 -0.0815741   -9.80085 
               13.38 0.00998772  0.0478895   -1.28616    20.0372  -0.988744 -0.0444177 0 0 0 0.522     0 1.173    6.77941  0.0554052 -0.0412645 -1.50278e-05 -0.000108163  0.000122172  0.0195638 -0.0211891 0.00295244  0.0139932 -0.0814065   -9.80085 
               13.42 0.00165199    0.06608   -1.28765    20.1865  -0.986001 -0.0462336 0 0 0 0.522     0 1.173     6.8373  0.0607385 -0.0449097 -4.30616e-06 -0.000103553  0.000100553  0.0203137 -0.0215358 0.00297688 0.0133116 -0.081051  -9.80086 
               13.48 0.00167791  0.0937054   -1.41407    20.6412  -0.981815 -0.0482581 0 0 0 0.522     0 1.173    6.95902  0.0615329 -0.0487935 -3.13914e-07   -0.0001105  0.000144504  0.0201819 -0.0218067 0.00298809 0.0134459 -0.080805  -9.80086 
               13.52 -0.00646996    0.123202    -1.38489    20.8897   -1.01371 -0.0469005 0 0 0 0.522     0 1.173     7.0313  0.0619775 -0.0507456  5.47929e-06 -0.000111484  0.000105196  0.0203961 -0.0219952 0.00298405  0.0132552 -0.0806206   -9.80086 
               13.58 -0.0166157   0.133741   -1.53719    21.3857   -1.02131 -0.0513709 0 0 0 0.522     0 1.173    7.15525  0.0593043 -0.0530742 1.10079e-05 -0.00010876 0.000166366  0.0201165 -0.0222262 0.00300658   0.013525 -0.0804181   -9.80086 
               13.62 -0.0165717   0.146904   -1.56238    21.6876   -1.04453 -0.0522507 0 0 0 0.522     0 1.173    7.23629  0.0583528 -0.0548497  1.00131e-05 -0.000102806  0.000150031  0.0199795 -0.0224832 0.00301994  0.0136633 -0.0801853   -9.80086 
               13.68 -0.00303168    0.176698    -1.62924    22.1038   -1.04172 -0.0548177 0 0 0 0.522     0 1.173    7.35023  0.0485902 -0.0581909  2.48733e-06 -0.000109413  0.000166299  0.0200245 -0.0227542 0.00303185  0.0136333 -0.0799317   -9.80086 
               13.72 0.0232165  0.219409  -1.68465    22.4537   -1.06077 -0.0573882 0 0 0 0.522     0 1.173     7.4378  0.0443098 -0.0596356 -4.75422e-06 -0.000118319  0.000164155  0.0196221 -0.0230708 0.00305783  0.0140205 -0.0796553   -9.80087 
               13.78 0.0653524   0.22323  -1.72822    22.8577   -1.07231 -0.0611205 0 0 0 0.522     0 1.173    7.54632    0.03554 -0.0607378 -2.07515e-05 -0.000108247  0.000166744  0.0197307 -0.0232988  0.0030755  0.0139296 -0.0794388   -9.80087 
               13.82 0.119125 0.240125 -1.77632   23.2123  -1.09481 -0.062497 0 0 0 0.522     0 1.173   7.63197 0.0374033 -0.061787 -2.88961e-05 -0.000106977  0.000160965  0.0193201 -0.0236087 0.00309231  0.0143239 -0.0791692   -9.80087 
               13.88 0.130722 0.237077 -1.83045    23.5915   -1.11507 -0.0677612 0 0 0 0.522     0 1.173   7.73604 0.0361737 -0.063063 -1.90347e-05 -9.68194e-05  0.000171411   0.019563 -0.0238013 0.00311878   0.014107 -0.0789797   -9.80087 
               13.94 0.154924 0.246655 -1.92965    24.1385   -1.14125 -0.0678389 0 0 0 0.522     0 1.173    7.86468  0.0381948 -0.0638357  -1.6228e-05 -0.000101925  0.000193245  0.0189789 -0.0240904 0.00311536   0.014661 -0.0787372   -9.80087 
               13.98 0.133899 0.219284 -1.95177    24.3656   -1.15198 -0.0684617 0 0 0 0.522     0 1.173    7.92877  0.0456024 -0.0648363   1.7041e-06 -8.79924e-05  0.000176538  0.0193668 -0.0244397 0.00312692  0.0143167 -0.0783966   -9.80088 
               14.04 0.125367 0.210892 -2.00678    24.8077   -1.16404 -0.0730818 0 0 0 0.522     0 1.173    8.03744  0.0449223 -0.0679441  8.91412e-06 -8.40238e-05   0.00018492  0.0194593 -0.0246779 0.00314917  0.0142413 -0.0781716   -9.80088 
               14.08 0.124893 0.183156 -2.05978   25.1934  -1.18183 -0.073191 0 0 0 0.522     0 1.173    8.12396  0.0468827 -0.0704271  1.12822e-05 -7.57719e-05  0.000183798  0.0190069 -0.0250389 0.00315562   0.014676 -0.0778569   -9.80088 
               14.14 0.127868 0.184427  -2.1037    25.6263   -1.19792 -0.0762499 0 0 0 0.522     0 1.173     8.2302  0.0408046 -0.0717706  1.21262e-05 -7.94482e-05  0.000188894  0.0191531 -0.0252711 0.00316832  0.0145507 -0.0776354   -9.80088 
               14.18 0.151494 0.167485  -2.1085   25.9946  -1.21451 -0.080614 0 0 0 0.522     0 1.173    8.31365  0.0437143 -0.0711321   6.0691e-06 -7.71335e-05  0.000166261  0.0188325 -0.0256514  0.0032089   0.014864 -0.0772969   -9.80088 
               14.24 0.155756 0.175114 -2.16624    26.4425   -1.23789 -0.0824704 0 0 0 0.522     0 1.173    8.41984  0.0394582 -0.0687305  1.01578e-05 -8.37133e-05   0.00018232  0.0189601 -0.0258661 0.00321624  0.0147553 -0.0770925   -9.80089 
               14.28 0.159267 0.188584  -2.2462    26.8611   -1.25959 -0.0861717 0 0 0 0.522     0 1.173    8.50912  0.0426393 -0.0676589 1.83134e-05 -9.5312e-05   0.0001988  0.0183702 -0.0262366  0.0032535  0.0153171 -0.0767751   -9.80089 
               14.34 0.146799 0.174741 -2.25964   27.3064  -1.26931 -0.088791 0 0 0 0.522     0 1.173    8.61084  0.0396944 -0.0647112  3.19121e-05 -8.64739e-05  0.000183508  0.0185231 -0.0265131 0.00326686  0.0151877 -0.0765126   -9.80089 
                14.4 0.124937 0.168708 -2.33512    27.8956   -1.30035 -0.0902704 0 0 0 0.522     0 1.173    8.73367  0.0363929 -0.0628546  4.35667e-05 -8.89505e-05  0.000190913  0.0179577  -0.026843 0.00327847   0.015725 -0.0762321   -9.80089 
               14.47 0.107478 0.151619 -2.42984    28.4245   -1.30787 -0.0930893 0 0 0 0.522     0 1.173    8.84924   0.025317 -0.0636234   4.5942e-05 -8.43399e-05  0.000200065  0.0182629 -0.0272781 0.00329741  0.0154619 -0.0758163   -9.80089 
               14.54 0.0952078  0.115688  -2.51446    28.5639   -1.34066 -0.0936717 0 0 0 0.522     0 1.173    8.87848 0.00797019 -0.0651341  3.68955e-05 -6.02201e-05  0.000190102  0.0214656  -0.027564 0.00330292  0.0125147 -0.0754111    -9.8009 
                14.6 0.0818935  0.117424  -2.56769    28.9022   -1.36688 -0.0947901 0 0 0 0.522     0 1.173     8.93274 -0.00419322  -0.0677646  2.94943e-05 -5.94491e-05  0.000156267  0.0231979 -0.0279552 0.00331628  0.0109315 -0.0749731   -9.80091 
               14.64 0.0641201 0.0964819  -2.68954    29.1786   -1.39851 -0.0944953 0 0 0 0.522     0 1.173    8.97368 -0.0118405 -0.0696234  2.87778e-05 -4.62493e-05  0.000162012  0.0241854 -0.0282855 0.00332538  0.0100343 -0.0746243   -9.80091 
                14.7 0.0347228  0.111158  -2.80673     29.831   -1.42311 -0.0985584 0 0 0 0.522     0 1.173    9.08077 -0.0338302 -0.0728456    3.758e-05 -5.29685e-05  0.000183318  0.0241228 -0.0285674 0.00334591  0.0101045 -0.0743666   -9.80091 
               14.74 0.00490287   0.124054   -2.90588    30.0993   -1.44974 -0.0999174 0 0 0 0.522     0 1.173    9.11895 -0.0434161  -0.075206  3.98653e-05 -4.65384e-05  0.000164522  0.0251483  -0.028947 0.00336741 0.00917501 -0.0739703   -9.80092 
                14.8 -0.0403017   0.157206   -3.02567   30.7451  -1.49124 -0.104616 0 0 0 0.522     0 1.173    9.22027 -0.0739057 -0.0784862  5.72889e-05 -5.76275e-05  0.000177627  0.0251272 -0.0291817 0.00339047  0.0092049 -0.0737545   -9.80092 
               14.84 -0.0393063   0.175128    -3.1568   31.0689  -1.52658 -0.106737 0 0 0 0.522     0 1.173    9.26382 -0.0891066  -0.080551  4.38766e-05 -4.84532e-05  0.000160924  0.0258404 -0.0295388 0.00341721 0.00856304 -0.0733927   -9.80092 
                14.9 -0.0640198   0.205766   -3.32487   31.6887   -1.5855 -0.110082 0 0 0 0.522     0 1.173    9.35683  -0.122358 -0.0828478  5.26936e-05 -5.64521e-05  0.000199081  0.0259145 -0.0297134 0.00343259 0.00850256 -0.0732283   -9.80092 
               14.96 -0.066624  0.212749  -3.47049   32.1882  -1.64165 -0.110583 0 0 0 0.522     0 1.173    9.40752  -0.237241 -0.0869632 4.68779e-05 -4.3016e-05 0.000179232  0.0266924 -0.0299648  0.0034328 0.00779694  -0.072961   -9.80093 
                  15 -0.352323  0.244273  -4.02865   32.5556  -1.68468 -0.109423 0 0 0 0.522     0 1.173    9.42643  -0.400128 -0.0901403  6.44934e-05 -4.02032e-05  0.000217023   0.027217 -0.0302975 0.00343101  0.0073288 -0.0726305   -9.80093 
               15.06 -0.880885  0.263197  -4.81367   33.1299  -1.83827 -0.113887 0 0 0 0.522     0 1.173    9.46344  -0.746142 -0.0910464   0.00014327 -3.73239e-05  0.000286951  0.0274887 -0.0301658 0.00344947 0.0070724 -0.072739  -9.80093 
                15.1 -1.31843 0.257147 -6.22172    33.585  -1.91606 -0.109986 0 0 0 0.522     0 1.173    9.49899  -0.966048 -0.0867537  6.13038e-05 -3.03825e-05  0.000328129  0.0275018 -0.0303858 0.00342431 0.00707065 -0.0725361   -9.80093 
               15.16 -1.60818 0.253923 -7.16839   34.1556  -2.00629 -0.121418 0 0 0 0.522     0 1.173    9.56321   -1.23667 -0.0809617  9.01769e-05 -4.06113e-05  0.000353091  0.0277587  -0.030602 0.00347951 0.00684421 -0.0723243   -9.80093 
                15.2  -1.5985 0.189191 -8.02492   34.5135  -2.04698 -0.129315 0 0 0 0.522     0 1.173    9.60139   -1.37059 -0.0821509  8.48058e-05 -3.54015e-05  0.000192993  0.0282906  -0.031175 0.00355175 0.00638201 -0.0717706   -9.80094 
               15.26 -1.44058 0.155578 -9.02182   35.2026  -2.16641 -0.129709 0 0 0 0.522     0 1.173    9.69056   -1.55522 -0.0874095  6.16828e-05 -4.77397e-05    0.0003765  0.0281291 -0.0314452 0.00355271 0.00654403 -0.0715301   -9.80094 
                15.3 -1.24266  0.10633 -9.80125   35.5724  -2.28861 -0.132779 0 0 0 0.522     0 1.173     9.7359   -1.65318 -0.0930024  8.66887e-05 -4.00085e-05  0.000260943  0.0285204 -0.0316995 0.00358724 0.0061969 -0.071276  -9.80094 
               15.36 -1.00578 0.103057 -10.6016   36.2382   -2.4194 -0.136232 0 0 0 0.522     0 1.173   9.82566  -1.77288 -0.101037   4.0604e-05 -4.72753e-05  0.000373502  0.0284203 -0.0319884 0.00360088 0.00630401 -0.0710155   -9.80094 
               15.42 -0.858247  0.120074  -11.3846   36.7377  -2.57573 -0.143788 0 0 0 0.522     0 1.173   9.88662   -1.8682 -0.108784  9.79638e-05 -4.71861e-05  0.000320886  0.0291619 -0.0322847 0.00365153 0.00563808 -0.0707027   -9.80094 
               15.46 -0.607456  0.108581  -12.0415   37.0169  -2.64915 -0.144044 0 0 0 0.522     0 1.173   9.90785  -1.91572 -0.112045  8.47376e-05 -2.54075e-05  0.000256876  0.0301443 -0.0328525 0.00365978 0.00476703 -0.0701259   -9.80095 
               15.52 -0.530098  0.143814  -12.6776   37.6661  -2.82581 -0.144761 0 0 0 0.522     0 1.173   9.97502  -2.01471 -0.113004  9.43152e-05 -3.17029e-05  0.000318258  0.0302197 -0.0330513 0.00365508 0.00470939 -0.0699388   -9.80095 
               15.56 -0.459451  0.166782  -13.2948   38.0636  -2.91411 -0.147688 0 0 0 0.522     0 1.173    10.007  -2.06662 -0.111984  0.000100362 -2.55287e-05  0.000261929  0.0306075 -0.0336255 0.00368066 0.00438768 -0.0693879   -9.80095 
               15.62 -0.422798  0.170165  -13.9694   38.6883  -3.13289 -0.153092 0 0 0 0.522     0 1.173    10.066  -2.16626 -0.109151  0.000100462 -2.01109e-05  0.000378645  0.0307574  -0.033715 0.00370063 0.00425557 -0.0692962   -9.80095 
               15.66 -0.361654  0.184351  -14.4085    39.265  -3.26544 -0.154871 0 0 0 0.522     0 1.173   10.1299  -2.21834 -0.107058  9.93127e-05 -2.52129e-05  0.000286232  0.0301294 -0.0341297 0.00371902 0.00485888 -0.0689561   -9.80096 
               15.72 -0.258227  0.188304  -14.8275   39.9103  -3.44458 -0.160365 0 0 0 0.522     0 1.173   10.1997  -2.29427 -0.102481  6.37871e-05 -2.78351e-05  0.000312255  0.0301157 -0.0343882 0.00374081 0.00488883 -0.0687195   -9.80096 
               15.76 -0.158435  0.187969  -15.1005    40.252  -3.64857 -0.167429 0 0 0 0.522     0 1.173   10.2346  -2.33772 -0.100197  5.18844e-05 -2.84166e-05  0.000198742  0.0306128 -0.0343767 0.00380621 0.00443166 -0.0686948   -9.80096 
               15.82 -0.107788  0.185755  -15.5911   40.9238   -3.7685 -0.167925 0 0 0 0.522     0 1.173    10.3188   -2.37225 -0.0958371  6.53237e-05 -3.30203e-05  0.000342827  0.0305562 -0.0348452 0.00380536 0.00451782 -0.0682691   -9.80096 
               15.86 0.0608145  0.179546  -15.8407   41.2563  -3.85756 -0.171556 0 0 0 0.522     0 1.173    10.357  -2.37535 -0.094816  4.70764e-05 -3.41843e-05  0.000308821  0.0311761 -0.0354891 0.00384506 0.00399771 -0.0676315   -9.80097 
               15.92 0.0848054  0.171905  -16.1574   41.9377  -4.09085 -0.174652 0 0 0 0.522     0 1.173    10.4465   -2.40011 -0.0942521  9.27678e-05 -3.45244e-05  0.000421836  0.0311064 -0.0356254 0.00386055 0.00407236 -0.0675119   -9.80097 
               15.98 0.241052 0.171163 -16.1813   42.5293  -4.27989 -0.178483 0 0 0 0.522     0 1.173    10.5235   -2.40998 -0.0945369  7.00252e-05 -3.84918e-05  0.000329272  0.0314809 -0.0360166 0.00388958  0.0037607 -0.0671226   -9.80097 
               16.02 0.233392 0.130343 -16.2694   42.9599  -4.42927 -0.174217 0 0 0 0.522     0 1.173    10.5785   -2.40891 -0.0938602 0.000112039 -2.3565e-05 0.000299873  0.0316385 -0.0363771 0.00387123 0.00364689 -0.0667791   -9.80097 
               16.08 0.297493 0.109237 -16.4786   43.6583  -4.57374 -0.180206 0 0 0 0.522     0 1.173    10.6702   -2.40719 -0.0932977  0.000103109 -1.50203e-05  0.000368748  0.0315598 -0.0368246 0.00390011 0.00375821 -0.0663758   -9.80097 
               16.12  0.305584 0.0824134  -16.3605   44.0895  -4.81103 -0.175968 0 0 0 0.522     0 1.173    10.726  -2.41274 -0.092481  0.000128038 -5.12889e-06  0.000283488  0.0316527  -0.036759 0.00388421  0.0036672 -0.0664275   -9.80097 
               16.18  0.372742 0.0675675  -16.4295   44.7613  -4.91257 -0.176569 0 0 0 0.522     0 1.173    10.8161   -2.38994 -0.0913097 0.000116423 1.14815e-06 0.000317979  0.0316763 -0.0373326 0.00388567 0.00369941 -0.0659001   -9.80098 
               16.22  0.417696 0.0613623  -16.3213  45.1193 -5.13527  -0.1781 0 0 0 0.522     0 1.173    10.8607   -2.37891 -0.0904051 0.000126202 1.74996e-06 0.000282525  0.0321752 -0.0373179 0.00391276 0.00324119 -0.0658652   -9.80098 
               16.28  0.465213 0.0714958   -16.369   45.8692   -5.2364 -0.181548 0 0 0 0.522     0 1.173    10.9557   -2.36573 -0.0888344 0.000126802  -1.034e-05 0.000347734  0.0319805 -0.0379139 0.00392906 0.00347879 -0.0653391   -9.80098 
               16.32  0.440849 0.0635231   -16.234   46.2939  -5.39448 -0.177426 0 0 0 0.522     0 1.173    11.0043   -2.37575 -0.0871547  0.000128202 -1.28564e-05  0.000291336  0.0321617 -0.0382877 0.00391293 0.00335153 -0.0649787   -9.80098 
               16.38   0.32143 0.0445143  -16.3482   47.0866  -5.62167 -0.179254 0 0 0 0.522     0 1.173    11.0987   -2.40041 -0.0854731  0.000160068 -7.05127e-06  0.000338141  0.0317679 -0.0384979 0.00392256 0.00373387 -0.0648282   -9.80098 
               16.44  0.289794 0.0328466  -16.3541   47.6109  -5.83281 -0.181608 0 0 0 0.522     0 1.173    11.1602   -2.40488 -0.0843766  0.000143979 -2.83728e-06  0.000314726  0.0325222 -0.0387708 0.00394312 0.00307385 -0.0644967   -9.80099 
               16.48  0.317572 0.0191828  -16.2622   47.9517  -5.98428 -0.186036 0 0 0 0.522     0 1.173    11.1995   -2.38761 -0.0845954 0.000143602 3.17993e-06 0.000290175  0.0332111 -0.0391023  0.0039924 0.00248124 -0.0641164   -9.80099 
               16.54   0.40584 0.0167411  -16.1569   48.7282  -6.16469 -0.192125 0 0 0 0.522     0 1.173    11.3061   -2.34182 -0.0846416 0.000134489 2.64548e-06 0.000280069  0.0330034 -0.0394477 0.00402527 0.00271055 -0.0638245   -9.80099 
               16.58  0.605527 0.0154886  -15.9061   49.1976  -6.33656 -0.194258 0 0 0 0.522     0 1.173   11.3757  -2.28871 -0.085256 0.000117421 4.63994e-06  0.00026789  0.0330437  -0.039733 0.00406014  0.0027072 -0.0635591   -9.80099 
               16.64 0.782175 0.034209 -15.6557   49.9679  -6.56115 -0.198051 0 0 0 0.522     0 1.173    11.4928   -2.19675 -0.0862161   9.2139e-05 -5.08011e-06  0.000246907  0.0328152 -0.0398994 0.00408353 0.00293573 -0.0634346   -9.80099 
               16.68  0.911544 0.0509315   -15.138   50.3881  -6.71648 -0.195349 0 0 0 0.522     0 1.173    11.5595   -2.11827 -0.0870102  0.000123534 -1.03446e-05  0.000185299  0.0330699 -0.0401675 0.00408344 0.00273653 -0.0631587     -9.801 
               16.74  0.969917 0.0437958  -14.8717   51.1293  -6.86283 -0.191523 0 0 0 0.522     0 1.173    11.6768   -1.99179 -0.0886769  0.000156601 -4.48358e-06  0.000203367   0.032981 -0.0405274 0.00406738 0.00286311  -0.062842     -9.801 
               16.78   1.13658 0.0495687  -14.1727   51.6076  -7.02597 -0.195971 0 0 0 0.522     0 1.173    11.7528   -1.90316 -0.0908371  0.000138302 -8.49919e-06  9.48522e-05  0.0329665 -0.0407536 0.00411699 0.00290534 -0.0626374     -9.801 
               16.84   1.14602 0.0519903  -13.8924   52.4231   -7.1574 -0.193743 0 0 0 0.522     0 1.173    11.8773   -1.76585 -0.0925385  0.000173456 -1.07246e-05  0.000139485  0.0326364 -0.0411434 0.00410747 0.00325724 -0.0623258     -9.801 
               16.88   1.21693 0.0495595  -13.2554   52.9122  -7.37819 -0.192676 0 0 0 0.522     0 1.173   11.9556  -1.68661 -0.093956 0.000164449 -1.1181e-05 9.29546e-05  0.0324787 -0.0410416   0.004116 0.00338717 -0.0624395     -9.801 
               16.94  1.23784 0.042346 -12.9686  53.5939 -7.50335 -0.19507 0 0 0 0.522     0 1.173   12.0607  -1.55379 -0.095965  0.000164403 -3.61132e-06   0.00016052  0.0325805 -0.0413306 0.00412799 0.00333387 -0.0621626     -9.801 
                  17   1.26104 0.0420367  -12.2825   54.3143  -7.60578 -0.200031 0 0 0 0.522     0 1.173    12.1667    -1.4135 -0.0983004  0.000160041 -3.19522e-06  0.000103958  0.0326097 -0.0418816 0.00416389 0.00338338 -0.0616574   -9.80101 
               17.04  1.25255 0.048403 -11.7612   54.7815  -7.79054 -0.195984 0 0 0 0.522     0 1.173    12.2332   -1.33529 -0.0983709   0.00016356 -3.41992e-06  0.000137526  0.0326631 -0.0418619 0.00414981 0.00333213 -0.0616679   -9.80101 
                17.1   1.23541 0.0434976  -11.4053   55.5266  -7.89795 -0.200172 0 0 0 0.522     0 1.173    12.3328   -1.21066 -0.0975923 0.000171011 1.02183e-06 0.000159889  0.0326439  -0.042159 0.00416951 0.00339182 -0.0614007   -9.80101 
               17.14   1.23369 0.0316095  -10.7224   55.9631  -8.04855 -0.200756 0 0 0 0.522     0 1.173    12.3864   -1.13207 -0.0963249 0.000164113 7.42846e-06 0.000117698  0.0329096 -0.0422207 0.00418916 0.00315947 -0.0613062   -9.80101 
                17.2   1.18456 0.0175392  -10.3974    56.744  -8.11468 -0.200745 0 0 0 0.522     0 1.173    12.4815   -1.00845 -0.0926906 0.000185191 1.33853e-05 0.000153859  0.0328416 -0.0426151 0.00418974 0.00327877 -0.0609585   -9.80101 
               17.24    1.17004 0.00026497    -9.6867   57.2667  -8.15741 -0.205362 0 0 0 0.522     0 1.173   12.5449 -0.916337 -0.090601 0.000182383 1.30747e-05 8.28651e-05  0.0327849 -0.0432368 0.00423899 0.00342158 -0.0604029   -9.80101 
                17.3    1.17209 -0.0312667   -9.35374   58.0646  -8.31146 -0.201829 0 0 0 0.522     0 1.173    12.6395  -0.812059 -0.0849089  0.00016922 2.32181e-05 0.000104695  0.0326331 -0.0433664 0.00422587 0.00357843 -0.0603082   -9.80101 
               17.34    1.10649 -0.0423693   -8.81619   58.5645  -8.40191 -0.204781 0 0 0 0.522     0 1.173    12.6996  -0.736069 -0.0821798 0.000187588 1.49024e-05  0.00010061  0.0326434 -0.0437148 0.00426643 0.00362122 -0.0599909   -9.80102 
                17.4    1.10463 -0.0650541    -8.5177   59.3618  -8.46452 -0.204427 0 0 0 0.522     0 1.173    12.7916  -0.631902 -0.0783084 0.000175291 1.97422e-05 0.000127718  0.0325372 -0.0440957 0.00427081  0.0037749 -0.0596622   -9.80102 
               17.46    1.07316 -0.0765428    -8.1136   60.0993  -8.60498 -0.204775 0 0 0 0.522     0 1.173    12.8747  -0.539987 -0.0764422 0.000175517 1.90912e-05 0.000171536  0.0326304  -0.044254 0.00428464 0.00371468 -0.0595048   -9.80102 
                17.5    1.06239 -0.0739142   -7.60032   60.5977    -8.639 -0.201686 0 0 0 0.522     0 1.173    12.9287  -0.466247 -0.0760356 0.000167129 1.69137e-05   0.0001462  0.0327312 -0.0448371 0.00428489 0.00371295 -0.0589625   -9.80102 
               17.56    1.04562 -0.0608719   -7.50611   61.2924  -8.69993 -0.204458 0 0 0 0.522     0 1.173    12.9994  -0.385499 -0.0786736 0.000161218 1.72439e-05 0.000238116  0.0330186 -0.0451592 0.00430586 0.00350303 -0.0586271   -9.80102 
                17.6   0.959924 -0.0407574   -7.15369    61.863  -8.79916 -0.196672 0 0 0 0.522     0 1.173    13.0576  -0.335779 -0.0816652 0.000176394 1.75541e-05 0.000250891  0.0328421 -0.0454956 0.00427275 0.00371452 -0.0583511   -9.80103 
               17.66   0.924523 -0.0110683   -6.87246   62.6945  -8.87235 -0.199223 0 0 0 0.522     0 1.173    13.1349  -0.269917 -0.0889235  0.00017783 1.16022e-05 0.000222403  0.0327203 -0.0458148 0.00429007 0.00387411  -0.058082   -9.80103 
                17.7 0.864683 0.018739 -6.59051   63.2713  -8.97004 -0.196476 0 0 0 0.522     0 1.173    13.1905  -0.223114 -0.0936006  0.00018598 1.27995e-05 0.000239362  0.0324651 -0.0461502 0.00428887 0.00415658 -0.0578195   -9.80103 
               17.76   0.85966 0.0273986  -6.37499   64.0624   -9.0699 -0.203587 0 0 0 0.522     0 1.173    13.2559  -0.166877 -0.0997405 0.000173855 1.94911e-05 0.000227995  0.0324374 -0.0463507 0.00432479 0.00421293 -0.0576428   -9.80103 
                17.8  0.843789 0.0344745   -6.1739   64.5662   -9.1278 -0.205329 0 0 0 0.522     0 1.173   13.2946 -0.119795 -0.102576 0.000166278 2.84735e-05 0.000264967  0.0325413  -0.046797 0.00435401 0.00418946 -0.0572241   -9.80103 
               17.86  0.847857 0.0238868  -6.04494   65.3657  -9.22346 -0.211934 0 0 0 0.522     0 1.173    13.3565 -0.0682973  -0.104173 0.000152837 4.00152e-05 0.000292319   0.032523 -0.0469966 0.00438709 0.00423738  -0.057047   -9.80103 
                17.9   0.77729 0.0311242  -5.71801  65.9417  -9.2519 -0.20899 0 0 0 0.522     0 1.173    13.4062 -0.0173491   -0.10271 0.000184613 3.22115e-05 0.000245756  0.0323378  -0.047612 0.00438443 0.00450135 -0.0565227   -9.80104 
               17.96  0.762938 0.0271421  -5.65097   66.7728  -9.33595 -0.212242 0 0 0 0.522     0 1.173    13.4742   0.035631 -0.0994987 0.000190513 2.87093e-05 0.000307607  0.0322236 -0.0478613 0.00440236 0.00464354 -0.0563165   -9.80104 
               18.02 0.772943 0.004074 -5.39932   67.5786  -9.40803 -0.212297 0 0 0 0.522     0 1.173    13.5437  0.0918454 -0.0976941 0.000183048 3.06341e-05 0.000290814  0.0321783 -0.0482589 0.00440836 0.00474737 -0.0559664   -9.80104 
               18.06  0.768745 0.0100649  -5.20076   68.0031  -9.51469 -0.210422 0 0 0 0.522     0 1.173    13.5723   0.127035 -0.0976803 0.000185114 2.49859e-05 0.000298284  0.0326585 -0.0484224 0.00441518   0.004342 -0.0557431   -9.80104 
               18.12  0.793796 0.0186046  -5.12376   68.8107  -9.57495 -0.209971 0 0 0 0.522     0 1.173    13.6381   0.177614 -0.0987527 0.000176263 2.23981e-05 0.000329781  0.0327068 -0.0486844 0.00441699 0.00434036 -0.0555002   -9.80104 
               18.16 0.785052 0.048928 -4.85101   69.4364  -9.66088 -0.205688 0 0 0 0.522     0 1.173   13.6947  0.216622 -0.100012 0.000187193 1.61898e-05 0.000292848  0.0323593 -0.0490184 0.00440607 0.00470544 -0.0552561   -9.80104 
               18.22  0.777057 0.0695972  -4.76599   70.2667  -9.70483 -0.208249 0 0 0 0.522     0 1.173   13.7519  0.269546 -0.103786 0.000195095 2.04636e-05 0.000314433  0.0323265 -0.0493241  0.0044204 0.00478361  -0.054987   -9.80104 
               18.26 0.765052 0.130998 -4.63055   70.8256  -9.76344 -0.205994 0 0 0 0.522     0 1.173   13.7875  0.307453 -0.105623 0.000203875 1.34615e-05  0.00033595  0.0322636 -0.0497455 0.00442196 0.00490716 -0.0546193   -9.80105 
               18.32  0.780771 0.0860064  -4.52674    71.637   -9.8427 -0.210661 0 0 0 0.522     0 1.173   13.8312  0.349621 -0.106709 0.000199232 5.64971e-05 0.000342947  0.0322846 -0.0499362 0.00444479 0.00491874 -0.0544448   -9.80105 
               18.36  0.80791 0.113157 -4.36811   72.1571  -9.90012 -0.212277 0 0 0 0.522     0 1.173   13.8559  0.391737 -0.107059 0.000195989 4.66622e-05 0.000348513  0.0324234 -0.0503232 0.00447356 0.00485614 -0.0540758   -9.80105 
               18.42  0.799188 0.0736861  -4.26837  73.0363 -9.97719 -0.21865 0 0 0 0.522     0 1.173  13.9059 0.442562 -0.10286 0.000207459  6.1645e-05 0.000354596  0.0322707 -0.0505249 0.00450556 0.00502489 -0.0539193   -9.80105 
               18.48  0.759212 0.0310843  -4.00794   73.9155  -10.0161 -0.220345 0 0 0 0.522     0 1.173      13.89   0.505229 -0.0972503 0.000227802 5.44612e-05 0.000295441  0.0320372   -0.05098 0.00452428 0.00530636 -0.0535492   -9.80105 
               18.52 0.702647 0.104317 -4.01063  74.3569 -10.0826  -0.2104 0 0 0 0.522     0 1.173    13.7902    0.54822 -0.0922079 0.000241431 2.25997e-05  0.00035739  0.0324949  -0.051267 0.00447848 0.00494286 -0.0532203   -9.80105 
               18.58 0.815692   0.2009 -4.06392    75.237  -10.1525 -0.207216 0 0 0 0.522     0 1.173    13.6179   0.596654 -0.0820035  0.00017236 6.67727e-06 0.000425339  0.0323278 -0.0514685 0.00447029 0.00512414 -0.0530669   -9.80105 
               18.62 0.720289 0.383135 -4.16935   75.6873  -10.1813 -0.201643 0 0 0 0.522     0 1.173    13.4635   0.641426 -0.0734152  0.00019447 2.25335e-06 0.000525721  0.0327361 -0.0519117 0.00445573 0.00482986 -0.0526065   -9.80106 
               18.68 0.730532  0.54662 -4.16778   76.5383  -10.2601 -0.207406 0 0 0 0.522     0 1.173    13.2391   0.682419 -0.0610087   0.00016935 -2.08457e-05  0.000561232   0.032597 -0.0520779 0.00449281 0.00498035 -0.0524797   -9.80106 
               18.72 0.611042 0.735003 -4.10452   77.165 -10.3221 -0.20119 0 0 0 0.522     0 1.173   13.0984  0.714409 -0.053756  0.000202325 -3.32182e-05  0.000572367   0.032116 -0.0524698 0.00448086 0.00547184 -0.0522065   -9.80106 
               18.78 0.539767 0.733481 -4.01865    77.903  -10.3473 -0.199976 0 0 0 0.522     0 1.173    12.8531    0.75107 -0.0488778 0.000225514 2.29542e-05 0.000549307  0.0321779 -0.0527507 0.00449153 0.00546111 -0.0519459   -9.80106 
               18.82 0.608464 0.816915 -4.11993   78.3986   -10.457 -0.203245 0 0 0 0.522     0 1.173    12.6935   0.772073 -0.0499004 0.000168105 3.15974e-05 0.000634518  0.0321299 -0.0528767 0.00454722 0.00552371 -0.0518404   -9.80106 
               18.88 0.617118 0.820588 -4.03972   78.993 -10.4973 -0.20366 0 0 0 0.522     0 1.173    12.4362   0.803904 -0.0547806 0.000152295 5.97176e-05 0.000605972  0.0325577  -0.053044 0.00456792  0.0051689 -0.0516234   -9.80106 
               18.92 0.573894 0.834443 -4.04434  79.5322 -10.5821 -0.19924 0 0 0 0.522     0 1.173    12.2842   0.827776 -0.0602147 0.000168027 7.04469e-05 0.000634685   0.032355 -0.0532612 0.00457244 0.00538379  -0.051462   -9.80106 
               18.98 0.566945 0.805596 -3.98587   80.2067  -10.6581 -0.203576 0 0 0 0.522     0 1.173      12.04   0.855993 -0.0708676 0.000168959 9.71692e-05 0.000611954  0.0324924 -0.0533341 0.00460803 0.00527287  -0.051375   -9.80106 
               19.04 0.562892  0.78637 -4.00836   80.9321  -10.6299 -0.202167 0 0 0 0.522     0 1.173    11.8046   0.901695 -0.0803814 0.000169519 0.000105249  0.00064413  0.0324938 -0.0539078 0.00462025 0.00536204 -0.0508641   -9.80107 
               19.11 0.531459 0.776936 -4.06851   81.6408  -10.7578 -0.200162 0 0 0 0.522     0 1.173   11.5159   0.92553 -0.085339 0.000179033 0.000104764 0.000684225  0.0329231 -0.0537216 0.00461915 0.00495094 -0.0509622   -9.80107 
               19.18 0.472676 0.797702 -3.98294   82.3347  -10.8803 -0.194568 0 0 0 0.522     0 1.173     11.225   0.949686 -0.0861467  0.00019999 8.73846e-05 0.000655547  0.033456 -0.053522 0.0045886   0.004446 -0.0510564   -9.80107 
               19.24 0.480299 0.797323 -4.03614   82.7841  -10.8868 -0.199221 0 0 0 0.522     0 1.173    10.9494   0.986449 -0.0871856 0.000184447 8.69207e-05  0.00069052  0.0347123 -0.0537976 0.00464172 0.00337316 -0.0506141   -9.80107 
               19.28  0.45091 0.797965 -4.03008   83.1512  -11.0087 -0.193823 0 0 0 0.522     0 1.173    10.7786   0.995579 -0.0864973 0.000185736 8.81234e-05 0.000688593  0.0352279 -0.0536917 0.00463286 0.00289902 -0.0506275   -9.80107 
               19.34 0.429838 0.791277 -4.03917   83.9604  -11.0514 -0.193254 0 0 0 0.522     0 1.173     10.568    1.01426 -0.0851854 0.000189008 9.42073e-05 0.000692311  0.0349282 -0.0538405 0.00463967 0.00318811 -0.0505422   -9.80107 
               19.38 0.409786 0.800497 -4.06515   84.2486  -11.1244 -0.190694 0 0 0 0.522     0 1.173    10.3962    1.02734 -0.0848189 0.000188256 0.000100593 0.000699951  0.0356495 -0.0538682 0.00464941 0.00255283  -0.050405   -9.80107 
               19.44 0.429092 0.820202 -4.11825   84.9817  -11.1657 -0.194703 0 0 0 0.522     0 1.173    10.1928    1.04385 -0.0863943 0.000167393 9.26193e-05 0.000729492  0.0354783 -0.0539881 0.00467666 0.00272317 -0.0503251   -9.80107 
                19.5 0.414177 0.799032 -4.06419   85.5482  -11.2037 -0.194455 0 0 0 0.522     0 1.173    9.97698    1.06286 -0.0889844 0.000170348 0.000111066 0.000688633  0.0358082 -0.0541017 0.00469054  0.0024486 -0.0501729   -9.80107 
               19.54 0.399806 0.813004 -4.10046   85.9019  -11.3047 -0.192285 0 0 0 0.522     0 1.173    9.83249    1.06986 -0.0918735 0.000172857 0.000108782 0.000694551  0.0361471 -0.0540222 0.00470273 0.00213612 -0.0501904   -9.80107 
                19.6 0.395405 0.809413 -4.19726    86.507  -11.2808 -0.192813 0 0 0 0.522     0 1.173    9.63967    1.09154 -0.0969603 0.000174534 0.000110562  0.00073381  0.0362441 -0.0542635 0.00471368 0.00208781 -0.0499617   -9.80107 
               19.64 0.402778 0.791262 -4.18057  86.8429 -11.3642 -0.19126 0 0 0 0.522     0 1.173   9.50338   1.10093 -0.100222 0.000171212  0.00011605 0.000712243  0.0366151 -0.0542616 0.00472763 0.00175936 -0.0499057   -9.80107 
                19.7 0.397712 0.778565  -4.2542   87.4574  -11.3854 -0.192613 0 0 0 0.522     0 1.173   9.32698   1.11798 -0.104883 0.000175301 0.000117775 0.000741618  0.0366211 -0.0543897  0.0047398 0.00177388 -0.0497914   -9.80107 
               19.74 0.424793 0.736838 -4.21214   87.7716  -11.4561 -0.191542 0 0 0 0.522     0 1.173   9.19764   1.12937 -0.108184 0.000165906 0.000131522 0.000707331  0.0370254 -0.0544207   0.004755 0.00142148 -0.0497011   -9.80107 
                19.8 0.372671 0.741477 -4.28367   88.4106  -11.5041 -0.191043 0 0 0 0.522     0 1.173  9.03762  1.14483 -0.11113 0.000201406 0.000120844 0.000740902  0.0368996 -0.0544778 0.00475709 0.00154144 -0.0496702   -9.80107 
               19.84 0.390508 0.744236 -4.29873   88.7013  -11.5573 -0.190958 0 0 0 0.522     0 1.173  8.91439  1.15981 -0.11167 0.000198864 0.000112617 0.000737208  0.0373284 -0.0545517 0.00477667 0.00117438 -0.0495385   -9.80107 
                19.9 0.346647 0.742243 -4.29534   89.3469  -11.5618 -0.192762 0 0 0 0.522     0 1.173  8.76585  1.18285 -0.11024 0.000234075 0.000105461  0.00072603  0.0371363 -0.0547283 0.00478755 0.00137118 -0.0494123   -9.80108 
               19.94 0.385573 0.717949 -4.29625   89.6213  -11.6734 -0.191759 0 0 0 0.522     0 1.173   8.64797    1.1892 -0.108627 0.000216843 0.000111366 0.000716556  0.0375212 -0.0545681 0.00480162 0.00100706 -0.0494939   -9.80107 
                  20 0.389937 0.699268 -4.38069   90.2204  -11.7176 -0.194034 0 0 0 0.522     0 1.173   8.50334   1.20621 -0.106411 0.000215913 0.000115916 0.000770081  0.0373789 -0.0546035 0.00481554 0.00113783 -0.0494845   -9.80108 
               20.06 0.391775 0.706275 -4.35989   90.6756  -11.7287 -0.193018 0 0 0 0.522     0 1.173   8.34502   1.22937 -0.104876 0.000216831 0.000103028 0.000750085  0.0376922 -0.0547192 0.00481739 0.000879793  -0.0493343    -9.80108 
                20.1 0.376422 0.688431  -4.4172  90.9069 -11.8062 -0.19088 0 0 0 0.522     0 1.173   8.22875   1.23982 -0.104376  0.00022204 0.000105294 0.000769633  0.0382222 -0.0546364 0.00482564 0.00040054 -0.0493254   -9.80108 
               20.16 0.365363 0.673069 -4.44195   91.5039   -11.858 -0.193052 0 0 0 0.522     0 1.173     8.097   1.25449 -0.104112 0.000225588 0.000105316 0.000778133  0.0380441 -0.0546343 0.00483954 0.000556807  -0.0493545    -9.80108 
                20.2 0.370158 0.647255  -4.3944   91.7999  -11.8835 -0.189668 0 0 0 0.522     0 1.173   7.99836   1.27052 -0.104214  0.00022019 0.000109006 0.000749602  0.0382785 -0.0547667 0.00483981 0.000371173  -0.0492021    -9.80108 
               20.26 0.351813 0.641612 -4.48768   92.3223  -11.9421 -0.189861 0 0 0 0.522     0 1.173   7.86708    1.2822 -0.105326 0.000226454 0.000105817 0.000798994  0.0382304 -0.0547238 0.00484544 0.000406813  -0.0492471    -9.80108 
                20.3 0.381326 0.648251 -4.44281   92.6148  -11.9996 -0.190437 0 0 0 0.522     0 1.173   7.77261   1.29075 -0.106442 0.000207969 9.79379e-05 0.000770804    0.03841 -0.0547173 0.00486962 0.000248026   -0.049225    -9.80108 
               20.36 0.347963 0.614425 -4.50786   93.1404  -12.0301 -0.193982 0 0 0 0.522     0 1.173   7.64682   1.30484 -0.107999 0.000226627 0.000116986 0.000807503  0.0383114 -0.0547364 0.00488894 0.000337412  -0.0492231    -9.80108 
                20.4 0.376351 0.620599 -4.50689   93.3758  -12.0875 -0.192505 0 0 0 0.522     0 1.173   7.54784   1.31478 -0.109196 0.000209629 0.000114833 0.000801407  0.0386602 -0.0546961 0.00490131 2.52183e-05  -0.0492047    -9.80108 
               20.46 0.352236 0.600799 -4.54852   93.9098  -12.1094 -0.197451 0 0 0 0.522     0 1.173   7.42832   1.33071 -0.111169 0.000225067 0.000128376 0.000825555  0.0385085 -0.0547348 0.00492622  0.0001641 -0.0491938   -9.80108 
               20.52 0.379748 0.608074 -4.55436   94.2903  -12.1262 -0.195839 0 0 0 0.522     0 1.173    7.2915   1.34717 -0.112304 0.000208468 0.000127623 0.000823147  0.0388289 -0.0547463 0.00492413 -0.000114828   -0.0491346     -9.80108 
               20.56 0.401277  0.60683 -4.53515   94.5696  -12.1671 -0.194175 0 0 0 0.522     0 1.173   7.20393   1.35878 -0.113773 0.000198564 0.000130678 0.000810503  0.0389828 -0.0547889 0.00493419 -0.000243086   -0.0490736     -9.80108 
               20.62 0.387252 0.599726 -4.58647   95.0159  -12.1675 -0.194816 0 0 0 0.522     0 1.173   7.08232   1.37624 -0.116978 0.000205343 0.000136218 0.000832914  0.0390212 -0.0548625 0.00494045 -0.000265382   -0.0490032     -9.80108 
               20.66 0.392397 0.607124 -4.56711   95.3108  -12.2364 -0.196132 0 0 0 0.522     0 1.173   7.00129   1.38389 -0.119893 0.000202865 0.000135924 0.000819711  0.0390648 -0.0548169  0.0049673 -0.000310625   -0.0490361     -9.80108 
               20.72 0.386394 0.605513 -4.62717   95.7249  -12.2763 -0.196043 0 0 0 0.522     0 1.173  6.88068  1.39618 -0.12281 0.000205917 0.000140496 0.000849545   0.039133 -0.0547745 0.00496935 -0.000376746   -0.0490627     -9.80108 
               20.76 0.430267 0.600554 -4.62612   95.9814  -12.3541 -0.198458 0 0 0 0.522     0 1.173   6.79558   1.40086 -0.125044 0.000184274 0.000148939 0.000844982  0.0392879 -0.0546488  0.0050019 -0.000531377   -0.0491482     -9.80108 
               20.82 0.380566 0.602879 -4.66925   96.4426  -12.2876 -0.200775 0 0 0 0.522     0 1.173   6.68224   1.42355 -0.126943 0.000215744 0.000152334  0.00086826  0.0392402  -0.054884 0.00501286 -0.00045374  -0.0489503    -9.80108 
               20.86 0.409321 0.623101 -4.61134   96.6998  -12.3984 -0.201449 0 0 0 0.522     0 1.173   6.60091   1.42364 -0.127925 0.000200188 0.000148641 0.000834615  0.0393271 -0.0546662 0.00503452 -0.000563044   -0.0491266     -9.80108 
               20.92 0.402283 0.617132 -4.69584    97.105  -12.3921 -0.200491 0 0 0 0.522     0 1.173   6.48573   1.44065 -0.127911 0.000205018 0.000158733 0.000888134  0.0393617 -0.0547335 0.00503183 -0.000582869   -0.0490627     -9.80108 
               20.96 0.418357 0.612865 -4.65104   97.3145  -12.4712 -0.199091 0 0 0 0.522     0 1.173   6.39819   1.44586 -0.127815 0.000196285 0.000169017 0.000860461  0.0396219 -0.0545941 0.00504059 -0.000830881   -0.0491442     -9.80108 
               21.02 0.403408 0.608367 -4.70879  97.7893 -12.4736 -0.20198 0 0 0 0.522     0 1.173  6.29069  1.46141 -0.12752 0.000207347 0.000176839  0.00089994  0.0394558 -0.0546541 0.00505267 -0.000677107   -0.0491172     -9.80108 
               21.08 0.426948 0.608756 -4.78825  98.1206 -12.3601  -0.2043 0 0 0 0.522     0 1.173   6.16836   1.49725 -0.127156 0.000196299 0.000181767 0.000942495  0.0397509 -0.0551492 0.00506932 -0.000858274   -0.0486413     -9.80108 
               21.12 0.432658 0.614455 -4.73008   98.3304  -12.5424 -0.200821 0 0 0 0.522     0 1.173   6.08446   1.48851 -0.126912 0.000191165 0.000179457 0.000913922  0.0399276 -0.0546742 0.00506565 -0.00108451  -0.0490272    -9.80108 
               21.18  0.42397 0.601198 -4.73694   98.7388  -12.5269 -0.202437 0 0 0 0.522     0 1.173   5.97668   1.50607 -0.126837 0.000195968 0.000183907 0.000916095  0.0398957 -0.0547621 0.00507283 -0.00104337  -0.0489556    -9.80108 
               21.22 0.396621 0.599477 -4.76311   98.9202  -12.5727 -0.202905 0 0 0 0.522     0 1.173   5.89107   1.51642 -0.126765 0.000208368 0.000181886 0.000926617  0.0402097 -0.0547421   0.005093 -0.00131917  -0.0489248    -9.80108 
               21.28 0.428085 0.594895 -4.80977   99.3205   -12.633 -0.206652 0 0 0 0.522     0 1.173   5.78328   1.52597 -0.125926    0.000189 0.000179927 0.000951854  0.0401561 -0.0546403 0.00510891 -0.00128836   -0.049021    -9.80108 
               21.32 0.398186 0.586255 -4.77542   99.5754   -12.641 -0.203119 0 0 0 0.522     0 1.173   5.71138   1.54137 -0.124805 0.000203995 0.000176519  0.00093225  0.0401789 -0.0547715 0.00510517 -0.00128807  -0.0489039    -9.80108 
               21.38 0.403679 0.572013 -4.81663   99.8976  -12.6747 -0.206391 0 0 0 0.522     0 1.173   5.60046   1.55414 -0.123658 0.000197479 0.000177902 0.000956312  0.0402826 -0.0547127 0.00511994 -0.00138694  -0.0489388    -9.80108 
               21.42 0.397297 0.568825 -4.86932   100.106  -12.7082 -0.204182 0 0 0 0.522     0 1.173   5.52385   1.56531 -0.122601 0.000195701 0.000168314 0.000981626  0.0404534 -0.0547305 0.00512485 -0.00153221  -0.0488972    -9.80108 
               21.48 0.391555  0.55253 -4.79694  100.501 -12.7572  -0.2106 0 0 0 0.522     0 1.173   5.42421   1.57478 -0.121282 0.000194039  0.00016677 0.000928641  0.0403514  -0.054649 0.00515211 -0.00145654   -0.048983    -9.80108 
               21.54 0.371764 0.542693 -4.81716   100.844  -12.7673 -0.208838 0 0 0 0.522     0 1.173   5.32135   1.58471 -0.118684  0.00019799 0.000157988 0.000936971  0.0403619 -0.0546328  0.0051463 -0.00146809  -0.0489954    -9.80108 
               21.58 0.374641 0.527501 -4.84556  101.014 -12.8128 -0.20808 0 0 0 0.522     0 1.173   5.24382   1.58988 -0.117764 0.000194849   0.0001554 0.000945326  0.0405987 -0.0545739 0.00516125 -0.00168184    -0.04901    -9.80108 
               21.64 0.367337 0.519731 -4.91301   101.331   -12.829 -0.207155 0 0 0 0.522     0 1.173   5.14014   1.59904 -0.117398 0.000198798 0.000152406 0.000974755  0.0406593 -0.0545381 0.00516112 -0.00173965  -0.0490316    -9.80108 
               21.68 0.342018 0.500705 -4.90603   101.547  -12.8568 -0.206234 0 0 0 0.522     0 1.173   5.07067   1.60766 -0.117947 0.000210392 0.000151839 0.000966039  0.0407303 -0.0545611 0.00517439 -0.00179745  -0.0490008    -9.80108 
               21.74 0.345427 0.493398 -4.96625   101.887  -12.8775 -0.205626 0 0 0 0.522     0 1.173  4.97309  1.61729 -0.11849 0.000206969 0.000148435 0.000994693  0.0407054 -0.0545257 0.00517486 -0.00178145  -0.0490352    -9.80108 
               21.78 0.339974 0.492784 -4.90293   102.075  -12.9017 -0.203025 0 0 0 0.522     0 1.173   4.90314   1.62749 -0.118355 0.000208166 0.000140112 0.000956832  0.0408414 -0.0545551 0.00517774 -0.00189414   -0.048989    -9.80108 
               21.84    0.332  0.47321 -5.00166   102.399  -12.9376 -0.205572 0 0 0 0.522     0 1.173   4.80701   1.63913 -0.117448 0.000209567 0.000146146  0.00101047   0.040821 -0.0544794 0.00518999 -0.00188824  -0.0490572    -9.80108 
               21.88 0.320512 0.467135 -4.97406   102.608  -12.9963 -0.202722 0 0 0 0.522     0 1.173   4.74228   1.64427 -0.117042  0.00020883 0.000143967 0.000986983  0.0408319 -0.0543815 0.00519125 -0.00191263  -0.0491397    -9.80108 
               21.94 0.314644 0.461363 -5.02712   102.894  -13.0126 -0.203865 0 0 0 0.522     0 1.173   4.64533   1.65269 -0.117696 0.000204598 0.000145445  0.00101437  0.0408749 -0.0543276 0.00519848 -0.00195785  -0.0491793    -9.80108 
               21.98 0.303121 0.456473 -5.03478   103.043  -13.0217 -0.204294 0 0 0 0.522     0 1.173  4.57249  1.66184 -0.11891 0.000202287 0.000148303  0.00100971  0.0411095 -0.0543742 0.00521939 -0.00215254  -0.0491031    -9.80108 
               22.04 0.305504 0.457889 -5.05742   103.399  -13.0554 -0.204696 0 0 0 0.522     0 1.173   4.48359   1.66761 -0.120733 0.000194305 0.000147329  0.00101898   0.040967 -0.0543063 0.00522297 -0.00204058  -0.0491833    -9.80108 
                22.1  0.30773 0.461658 -5.09875  103.638 -13.0884 -0.20465 0 0 0 0.522     0 1.173   4.38173   1.67145 -0.122374 0.000188446 0.000149293  0.00103443  0.0411302 -0.0541452 0.00522621 -0.0022054 -0.0492964   -9.80108 
               22.14 0.312831 0.456647 -5.08238   103.819  -13.1184 -0.204275 0 0 0 0.522     0 1.173   4.31587   1.67794 -0.123577 0.000185927 0.000155856  0.00102129  0.0411991 -0.0541165 0.00524071 -0.00226897  -0.0493104    -9.80108 
                22.2 0.326354 0.460722 -5.12756   104.086  -13.1614 -0.202793 0 0 0 0.522     0 1.173    4.2204    1.6854 -0.124856 0.000179296 0.000157805  0.00104089  0.0412262 -0.0539854 0.00523638 -0.00231229  -0.0494186    -9.80108 
               22.24 0.332038 0.482187  -5.1121   104.243  -13.1908 -0.201419 0 0 0 0.522     0 1.173   4.15171   1.69322 -0.125895 0.000179108 0.000153985  0.00102844  0.0413622 -0.0539321  0.0052443 -0.00243702  -0.0494433    -9.80107 
                22.3 0.325374 0.477529 -5.09767   104.525  -13.1806 -0.205509 0 0 0 0.522     0 1.173   4.05745   1.70708 -0.127053 0.000185171 0.000161466   0.0010164  0.0413515  -0.053926 0.00526036 -0.00242885  -0.0494499    -9.80107 
               22.34 0.336426 0.483959 -5.13647   104.699  -13.2211 -0.202663 0 0 0 0.522     0 1.173   3.99278   1.71401 -0.126921  0.00018111 0.000165095   0.0010316  0.0413936 -0.0538548 0.00525971 -0.0024758 -0.0495044   -9.80107 
                22.4 0.335536 0.470512 -5.16777  104.976 -13.2583 -0.20514 0 0 0 0.522     0 1.173   3.90085   1.72348 -0.126473 0.000181878 0.000178025  0.00104809  0.0413484 -0.0537373 0.00526947 -0.00245527  -0.0496115    -9.80107 
               22.44 0.332463 0.478836 -5.13125   105.134  -13.2909 -0.202761 0 0 0 0.522     0 1.173    3.8377   1.73086 -0.125541 0.000183188 0.000177785   0.0010246  0.0414123 -0.0536699 0.00527181 -0.00252028  -0.0496592    -9.80107 
                22.5 0.324316 0.472776 -5.18218   105.351  -13.2845 -0.206282 0 0 0 0.522     0 1.173   3.74501   1.74448 -0.124453 0.000186787 0.000184754  0.00105659  0.0414941 -0.0536318 0.00528649 -0.00259601   -0.049679    -9.80107 
               22.56 0.335052 0.462633 -5.16335   105.593  -13.3036 -0.205772 0 0 0 0.522     0 1.173    3.6543   1.75033 -0.124033 0.000178122 0.000191972   0.0010435  0.0415096 -0.0534982 0.00528595 -0.00262982  -0.0497904    -9.80107 
                22.6 0.321802 0.465291  -5.1939   105.754  -13.3151 -0.204532 0 0 0 0.522     0 1.173   3.59317   1.75663 -0.124722 0.000183142 0.000192104  0.00105583  0.0415532 -0.0535071 0.00529533 -0.00266564   -0.049776    -9.80107 
               22.66 0.327485 0.465882 -5.27433  105.989 -13.3349 -0.20521 0 0 0 0.522     0 1.173   3.50295   1.76134 -0.125235 0.000180096 0.000192172  0.00109439  0.0415558 -0.0534196 0.00529916 -0.00268136  -0.0498501    -9.80107 
                22.7 0.336647 0.458524 -5.23293   106.116  -13.3825 -0.203804 0 0 0 0.522     0 1.173   3.43772   1.76383 -0.125382 0.000179085  0.00019586  0.00107182  0.0416767 -0.0532917  0.0053074 -0.00280405  -0.0499401    -9.80107 
               22.76 0.337272 0.445757 -5.24277   106.341  -13.4126 -0.204006 0 0 0 0.522     0 1.173   3.34821   1.77163 -0.125573 0.000183096 0.000201349  0.00107481  0.0416825 -0.0531669 0.00530918 -0.0028282 -0.0500453   -9.80107 
                22.8 0.331631 0.429032 -5.26191   106.493  -13.4186 -0.203925 0 0 0 0.522     0 1.173    3.2884   1.78186 -0.125919 0.000192734 0.000204998  0.00108121   0.041719 -0.0531761 0.00532434 -0.00285786  -0.0500317    -9.80107 
               22.86 0.334395 0.429446 -5.28435   106.708  -13.4459 -0.202811 0 0 0 0.522     0 1.173   3.20182   1.79109 -0.126093 0.000194504 0.000199263  0.00109221  0.0417239 -0.0530574 0.00532113 -0.0028804 -0.0501316   -9.80107 
                22.9 0.336724 0.428308 -5.33413   106.904  -13.4791 -0.201713 0 0 0 0.522     0 1.173  3.15164  1.79703 -0.12674 0.000196107  0.00018983  0.00111529   0.041562 -0.0529925 0.00532932 -0.00275313  -0.0502117    -9.80107 
               22.96 0.326645 0.424878 -5.28623  107.052 -13.5119 -0.20179 0 0 0 0.522     0 1.173  3.06294  1.80541 -0.12696 0.000202764 0.000184264  0.00108039  0.0416795 -0.0528356 0.00533034 -0.00287707  -0.0503265    -9.80107 
                  23 0.328985 0.408232 -5.39866   107.239  -13.5091 -0.202612 0 0 0 0.522     0 1.173   3.01455   1.81546 -0.127252 0.000200278 0.000182679  0.00113884  0.0415429 -0.0528784 0.00534887 -0.00275483  -0.0503111    -9.80107 
               23.06 0.329977 0.406993 -5.37983   107.392  -13.5363 -0.203039 0 0 0 0.522     0 1.173  2.92788  1.82305 -0.12738 0.000196956 0.000174998  0.00112253  0.0416334 -0.0527391 0.00535117 -0.00285307  -0.0504149    -9.80107 
               23.12 0.329404 0.386513 -5.47467   107.688  -13.5278 -0.208278 0 0 0 0.522     0 1.173   2.86131   1.83225 -0.128417 0.000194132 0.000175143  0.00117389  0.0412804 -0.0527028 0.00537933 -0.00256034     -0.0505    -9.80107 
               23.16 0.329743 0.388686 -5.46391   107.771  -13.5885 -0.203171 0 0 0 0.522     0 1.173   2.80065   1.83233 -0.128106 0.000191037 0.000167766  0.00116692  0.0413904 -0.0524958 0.00536671 -0.0026854  -0.050658   -9.80107 
               23.22 0.314923 0.383857 -5.41312   107.945  -13.5888 -0.205279 0 0 0 0.522     0 1.173   2.71762   1.84138 -0.128086 0.000197485  0.00016565  0.00113873  0.0413969 -0.0524121 0.00537464 -0.00270398  -0.0507275    -9.80107 
               23.26 0.322713 0.378384 -5.46168   108.115  -13.6287 -0.203428 0 0 0 0.522     0 1.173   2.67188   1.84349 -0.127938 0.000191866 0.000162888  0.00116001  0.0412166 -0.0522976 0.00537831 -0.00256974   -0.050852    -9.80107 
               23.32 0.307172 0.370871 -5.50638   108.208  -13.6268 -0.203368 0 0 0 0.522     0 1.173   2.58498   1.85301 -0.127544 0.000199371 0.000164778   0.0011843  0.0413799 -0.0521951 0.00537893 -0.00272335   -0.050913    -9.80107 
               23.36 0.320959  0.36402 -5.52526   108.379   -13.666 -0.202581 0 0 0 0.522     0 1.173   2.53825   1.85509 -0.127694 0.000190629 0.000162087  0.00119198  0.0411995 -0.0520801 0.00538816 -0.00258945  -0.0510379    -9.80107 
               23.42 0.323688 0.366328 -5.47028   108.531  -13.6542 -0.205169 0 0 0 0.522     0 1.173   2.45732   1.86319 -0.128524 0.000188049 0.000156499  0.00115543  0.0412176  -0.052016 0.00539793 -0.00261482  -0.0510888    -9.80107 
               23.46 0.330718 0.347316 -5.53268   108.648  -13.6733 -0.204641 0 0 0 0.522     0 1.173   2.40455   1.86792 -0.129619 0.000183466 0.000160521  0.00118672  0.0411929 -0.0519526 0.00540944 -0.00260399  -0.0511459    -9.80107 
               23.52  0.32622 0.346591 -5.53534   108.791  -13.6944 -0.204045 0 0 0 0.522     0 1.173   2.32293   1.87421 -0.130596 0.000186106 0.000155524  0.00118671  0.0412077 -0.0518185 0.00540748 -0.00263747  -0.0512562    -9.80107 
               23.58 0.329628 0.339634 -5.51975   108.984  -13.6903 -0.205529 0 0 0 0.522     0 1.173  2.25154  1.88062 -0.13123 0.000184535 0.000152678  0.00117613  0.0410578 -0.0517139 0.00541452 -0.00252805  -0.0513675    -9.80107 
               23.62 0.340441 0.334411 -5.53292   109.032  -13.7349 -0.203365 0 0 0 0.522     0 1.173   2.19336   1.88164 -0.131149 0.000179646 0.000150993  0.00118029  0.0412162 -0.0515301 0.00541699 -0.00268988  -0.0514966    -9.80106 
               23.68 0.329299 0.332096 -5.49644  109.181  -13.775 -0.20451 0 0 0 0.522     0 1.173   2.11813   1.88651 -0.130637 0.000184832 0.000147856  0.00116079  0.0411937 -0.0513408 0.00542049 -0.0027008 -0.0516588   -9.80106 
               23.75 0.331505 0.329536 -5.56504   109.348  -13.7155 -0.207277 0 0 0 0.522     0 1.173   2.03611   1.89976 -0.130203 0.000183767 0.000145565  0.00119148  0.0411835   -0.05131 0.00542781 -0.00269717  -0.0516861    -9.80106 
               23.82 0.323483  0.32351 -5.57553    109.35  -13.8587 -0.201406 0 0 0 0.522     0 1.173   1.92669   1.87987 -0.129048 0.000181372 0.000150306  0.00119361  0.0417173 -0.0504819 0.00538633 -0.00327414   -0.052295    -9.80106 
               23.88 0.325697 0.328686 -5.54035   109.479  -13.8787 -0.197254 0 0 0 0.522     0 1.173   1.85033   1.87813 -0.128698 0.000177371 0.000145031  0.00117246 0.0418009 -0.050178 0.0053604 -0.00339191  -0.0525359    -9.80106 
               23.92  0.32101 0.316733 -5.57368   109.586  -13.9351 -0.195858 0 0 0 0.522     0 1.173   1.80159   1.87409 -0.128892 0.000177231 0.000150013  0.00118819  0.0418098 -0.0499141 0.00536511 -0.00344112  -0.0527547    -9.80106 
               23.98 0.323258 0.321733  -5.5338   109.715  -13.9194 -0.196668 0 0 0 0.522     0 1.173   1.73245   1.88029 -0.128604 0.000174456 0.000146648  0.00116027  0.0418452 -0.0498045 0.00536715 -0.00348798  -0.0528404    -9.80106 
               24.02 0.322412 0.316376  -5.5541   109.783   -13.963 -0.194467 0 0 0 0.522     0 1.173   1.68292   1.87733 -0.128659 0.000172694 0.000149541  0.00116975  0.0419617  -0.049562 0.00536807 -0.00362355   -0.053024    -9.80106 
               24.08 0.319698 0.311312 -5.54723   109.923  -13.9453 -0.196442 0 0 0 0.522     0 1.173    1.6168    1.8837 -0.129552  0.00017365 0.000150445  0.00116339  0.0419612 -0.0494595 0.00537397 -0.00363947  -0.0531093    -9.80106 
               24.14 0.324831 0.306472 -5.58914 110.048 -13.946  -0.197 0 0 0 0.522     0 1.173    1.5482   1.88515 -0.130573 0.000168928 0.000150217  0.00118566 0.0419799 -0.049247 0.0053753 -0.00368881   -0.053283    -9.80105 
               24.18 0.326929 0.306458 -5.54507   110.102  -13.9935 -0.195589 0 0 0 0.522     0 1.173  1.49797  1.88151 -0.13131 0.000166309  0.00015028   0.0011643  0.0421083 -0.0489857 0.00538002 -0.00383716  -0.0534797    -9.80105 
               24.24 0.323788 0.301172 -5.56264    110.23  -13.9717 -0.198327 0 0 0 0.522     0 1.173   1.43729   1.88715 -0.132215 0.000167218 0.000153103  0.00117258  0.0421093 -0.0488868 0.00538816 -0.0038538 -0.0535614   -9.80105 
               24.28 0.323549 0.301501 -5.59247   110.293  -14.0217 -0.193487 0 0 0 0.522     0 1.173   1.39367   1.88259 -0.132222 0.000165475 0.000152253  0.00118538  0.0421934 -0.0486209 0.00537485 -0.00396593  -0.0537688    -9.80105 
               24.34  0.31184 0.291787 -5.54619   110.409  -13.9845 -0.197168 0 0 0 0.522     0 1.173   1.33295   1.89044 -0.133403 0.000171839  0.00015512  0.00115748  0.0422093 -0.0485527 0.00538584 -0.00399009  -0.0538226    -9.80105 
               24.38 0.318298 0.288865 -5.56437    110.49  -14.0268 -0.192811 0 0 0 0.522     0 1.173   1.29012   1.88761 -0.133571 0.000166628 0.000153719  0.00116524  0.0422254 -0.0483264 0.00537445 -0.0040395 -0.0540075   -9.80105 
               24.44 0.313783 0.292812 -5.51491   110.617   -14.011 -0.196012 0 0 0 0.522     0 1.173   1.23144   1.89382 -0.133529 0.000168181 0.000150585  0.00113251  0.0421882 -0.0482222 0.00538326 -0.00402549  -0.0540995    -9.80105 
               24.48 0.320441 0.291019 -5.51757   110.712  -14.0371 -0.194323 0 0 0 0.522     0 1.173   1.19568   1.89296 -0.132985 0.000161738 0.000151969  0.00113251  0.0421268 -0.0480565 0.00538536 -0.00400135  -0.0542463    -9.80105 
               24.54 0.299263 0.288867 -5.45439  110.801 -14.0019 -0.19378 0 0 0 0.522     0 1.173   1.14291    1.8999 -0.132335 0.000174169 0.000152743  0.00108711   0.042148 -0.0479906 0.00538186 -0.00402931  -0.0542974    -9.80105 
                24.6 0.299639 0.285076 -5.46781  110.911 -14.0146 -0.19456 0 0 0 0.522     0 1.173    1.0939   1.89847 -0.132912 0.000169305 0.000150476    0.001093  0.0420826 -0.0477585 0.00538279 -0.00401267  -0.0544994    -9.80105 
               24.64 0.309861 0.283409 -5.50971   110.879    -14.08 -0.192064 0 0 0 0.522     0 1.173   1.04232   1.89139 -0.133656 0.000160028 0.000148463  0.00110983  0.0423815  -0.047418 0.00538159 -0.0043139  -0.054732   -9.80105 
                24.7 0.308425 0.280079 -5.48833   111.047  -14.0378 -0.194883 0 0 0 0.522     0 1.173  0.992676   1.89827 -0.134824 0.000158662 0.000146782   0.0010983  0.0422357 -0.0473778  0.0053884 -0.00420031  -0.0547885    -9.80105 
               24.74 0.297508 0.277732 -5.46283   111.084  -14.0785 -0.192513 0 0 0 0.522     0 1.173   0.95132   1.89472 -0.134999  0.00015992 0.000148418  0.00108493   0.042311 -0.0471469 0.00538687 -0.00429941  -0.0549664    -9.80104 
                24.8 0.298742 0.276101 -5.47113   111.167  -14.0615 -0.194759 0 0 0 0.522     0 1.173  0.898903   1.89904 -0.134685 0.000156794 0.000150402   0.0010885  0.0423118 -0.0470382 0.00539216 -0.00431769  -0.0550556    -9.80104 
               24.84 0.298253 0.271796 -5.45568   111.239  -14.0822 -0.193449 0 0 0 0.522     0 1.173   0.86826   1.89732 -0.134365  0.00015402 0.000152378  0.00107941  0.0422788 -0.0468841 0.00539589 -0.00431547  -0.0551874    -9.80104 
                24.9  0.29822 0.271376 -5.46021   111.304  -14.0661 -0.193755 0 0 0 0.522     0 1.173   0.82556       1.9 -0.134016 0.000151784 0.000150491  0.00108103  0.0423003 -0.0467754 0.00539498 -0.00435062  -0.0552732    -9.80104 
               24.94 0.288762 0.263035 -5.51671   111.365   -14.095 -0.190351 0 0 0 0.522     0 1.173  0.796909   1.89685 -0.134314 0.000153607 0.000148619  0.00110896  0.0422877 -0.0465983 0.00538806 -0.00436886  -0.0554205    -9.80104 
                  25 0.288485 0.247307  -5.5185  111.418 -14.0844  -0.1945 0 0 0 0.522     0 1.173  0.746314   1.89997 -0.136204 0.000151527  0.00015357  0.00110878  0.0423268 -0.0464771 0.00539978 -0.00442057  -0.0555133    -9.80104 
               25.04 0.293362 0.252987 -5.51734    111.46   -14.098 -0.192121 0 0 0 0.522     0 1.173  0.709697   1.90015 -0.136751 0.000146218 0.000147873  0.00110654  0.0423769 -0.0463422 0.00539825 -0.00448347  -0.0556156    -9.80104 
                25.1 0.287373 0.255747 -5.50215   111.549  -14.0867 -0.194768 0 0 0 0.522     0 1.173  0.660908   1.90399 -0.137423 0.000148387 0.000147448    0.001094  0.0423362 -0.0462374 0.00540448 -0.00446715  -0.0557078    -9.80104 
               25.16 0.300195 0.253872 -5.53204    111.62  -14.0845 -0.195567 0 0 0 0.522     0 1.173  0.613446   1.90329 -0.137685 0.000137861 0.000152461   0.0011093  0.0423066 -0.0460473 0.00540472 -0.00447385  -0.0558679    -9.80104 
                25.2 0.300548 0.254584 -5.54002   111.638  -14.1427 -0.192753 0 0 0 0.522     0 1.173  0.579217    1.8966 -0.137305 0.000134354 0.000154523  0.00111124  0.0423842  -0.045766 0.00540086 -0.00458284  -0.0560849    -9.80104 
               25.26 0.290129 0.249822 -5.52721    111.69  -14.1251 -0.193996 0 0 0 0.522     0 1.173  0.539839   1.89983 -0.136733 0.000137975  0.00015625  0.00110335  0.0424061 -0.0456531 0.00540249 -0.00461906  -0.0561734    -9.80104 
                25.3 0.283746  0.23906 -5.53454   111.767  -14.1552 -0.189709 0 0 0 0.522     0 1.173  0.521777   1.89572 -0.136129 0.000138264 0.000156107  0.00110527  0.0423135 -0.0454725 0.00539061 -0.00457293  -0.0563357    -9.80104 
               25.36 0.282007 0.235896 -5.55306   111.795   -14.131 -0.192666 0 0 0 0.522     0 1.173  0.489183    1.8978 -0.136716 0.000137352 0.000152343   0.0011148 0.0423707  -0.04537 0.0053979 -0.00463622  -0.0564098    -9.80104 
                25.4 0.289173 0.219007 -5.54669  111.856 -14.1716 -0.19099 0 0 0 0.522     0 1.173  0.467172   1.89252 -0.137879  0.00013091 0.000151014  0.00110976    0.04232 -0.0451552 0.00539898 -0.00463001  -0.0565926    -9.80104 
               25.46 0.286541  0.22034 -5.54711   111.891   -14.151 -0.194415 0 0 0 0.522     0 1.173  0.422556   1.89657 -0.140316 0.000131147 0.000145196  0.00110869  0.0423555 -0.0450474 0.00540756 -0.00467649  -0.0566743    -9.80104 
                25.5 0.282246 0.221844 -5.52266   111.966  -14.1509 -0.193551 0 0 0 0.522     0 1.173  0.395656   1.89798 -0.141395 0.000132588 0.000144972  0.00109402  0.0422687 -0.0449652 0.00541243 -0.00461946  -0.0567552    -9.80103 
               25.56 0.292174  0.22735 -5.56437   112.009  -14.1413 -0.196423 0 0 0 0.522     0 1.173 0.349206  1.90087 -0.14205 0.000124745 0.000146991  0.00112176  0.0422716 -0.0448497 0.00541888 -0.00464076  -0.0568482    -9.80103 
               25.62 0.299672 0.238199 -5.56385    112.05  -14.1316 -0.196217 0 0 0 0.522     0 1.173  0.304524   1.90108 -0.142074 0.000119551   0.0001486  0.00111959  0.0422742 -0.0446767 0.00541346 -0.00467112   -0.056988    -9.80103 
               25.66 0.289081 0.237519 -5.53207   112.077  -14.1753 -0.194207 0 0 0 0.522     0 1.173 0.276153  1.89591 -0.14193 0.000122873 0.000152653  0.00110396  0.0422917 -0.0444507 0.00541283 -0.00472233   -0.057168    -9.80103 
               25.72 0.305434 0.232773  -5.5853   112.128  -14.1542 -0.194392 0 0 0 0.522     0 1.173 0.242441  1.89859 -0.14148 0.000113959 0.000154941   0.0011295   0.042271 -0.0443552 0.00541018 -0.00472122  -0.0572487    -9.80103 
               25.76  0.29766 0.230107 -5.54515   112.156  -14.1814 -0.192258 0 0 0 0.522     0 1.173 0.221838  1.89551 -0.14109 0.000116438 0.000152002  0.00110901   0.042281 -0.0441783 0.00540872 -0.0047583   -0.05739   -9.80103 
               25.82 0.287545 0.220176 -5.56765   112.167  -14.1442 -0.195488 0 0 0 0.522     0 1.173  0.195038   1.89838 -0.140755 0.000121401 0.000152293  0.00112023  0.0423412 -0.0441075 0.00541626 -0.00481861  -0.0574371    -9.80103 
               25.86 0.290576 0.218398 -5.56336  112.237 -14.1799 -0.19196 0 0 0 0.522     0 1.173  0.186388   1.89191 -0.140482 0.000118428 0.000142938  0.00111632  0.0422295 -0.0439318 0.00540795 -0.00475735  -0.0575972    -9.80103 
               25.92 0.293177  0.19432  -5.5591    112.27  -14.1758 -0.195272 0 0 0 0.522     0 1.173  0.169954   1.88949 -0.141179 0.000115736 0.000149498  0.00111219  0.0422278 -0.0438051 0.00541553 -0.00477684  -0.0576994    -9.80103 
               25.96 0.282865 0.183848 -5.57354   112.328  -14.2049 -0.192848 0 0 0 0.522     0 1.173  0.161987   1.88427 -0.142015 0.000119634 0.000144562  0.00111787  0.0421362 -0.0436382 0.00541268 -0.00473055  -0.0578488    -9.80103 
               26.02 0.283243 0.182129 -5.57676   112.348  -14.1776 -0.195721 0 0 0 0.522     0 1.173   0.13435   1.88694 -0.144538 0.000118562 0.000139005  0.00111852  0.0421558 -0.0435537 0.00541876 -0.00476035  -0.0579135    -9.80103 
               26.06 0.290917 0.187186 -5.60121   112.398  -14.1826 -0.194264 0 0 0 0.522     0 1.173    0.1122   1.88752 -0.146372 0.000113436 0.000134299  0.00113009  0.0420919 -0.0434643 0.00542024 -0.00472373  -0.0579958    -9.80103 
               26.12 0.293434 0.203639  -5.5826   112.389  -14.1849 -0.194817 0 0 0 0.522     0 1.173 0.0659006    1.8892 -0.148092 0.000110465  0.00013013  0.00111471  0.0421558 -0.0433232 0.00541832 -0.00479835  -0.0580985    -9.80103 
               26.18 0.301834 0.215601 -5.60025   112.424  -14.1467 -0.195051 0 0 0 0.522     0 1.173 0.0217898   1.89353  -0.14902 0.000104861  0.00013794  0.00112287  0.0421475 -0.0432447 0.00541301 -0.00480467  -0.0581628    -9.80103 
               26.22 0.309879 0.227523  -5.5942   112.451  -14.2178 -0.193008 0 0 0 0.522     0 1.173 -0.00676893     1.88577   -0.149065  9.9014e-05 0.000143703  0.00111821  0.0421207  -0.042958 0.00541049 -0.00483063  -0.0583968    -9.80102 
               26.28  0.30125 0.220456 -5.58983    112.48  -14.1821 -0.195158 0 0 0 0.522     0 1.173 -0.0447086     1.8908  -0.147775 0.000102957 0.000153165  0.00111462   0.042114 -0.0428926 0.00541281 -0.00483604  -0.0584502    -9.80102 
               26.32 0.302052 0.225402 -5.57101   112.516  -14.2109 -0.194065 0 0 0 0.522     0 1.173 -0.0650863    1.88709  -0.146932 0.000101205 0.000152588  0.00110372  0.0420657 -0.0427276 0.00541528 -0.00482484    -0.05859    -9.80102 
               26.38 0.297503 0.212592 -5.58693    112.55  -14.1998 -0.196154 0 0 0 0.522     0 1.173 -0.0907836    1.88814  -0.145828 0.000102864 0.000157174  0.00111151  0.0420295 -0.0426205 0.00541789 -0.0048137 -0.0586814   -9.80102 
               26.42  0.29145 0.192816 -5.61058   112.555  -14.2065 -0.196545 0 0 0 0.522     0 1.173 -0.107237   1.88711 -0.145469 0.000104868 0.000159805  0.00112163  0.0420659 -0.0425083 0.00542846 -0.00486134  -0.0587648    -9.80102 
               26.48 0.295946 0.188053 -5.61088   112.596  -14.2096 -0.196436 0 0 0 0.522     0 1.173 -0.121823   1.88544 -0.144953 0.000100857 0.000153977  0.00112016    0.04201 -0.0423799 0.00542469 -0.00483821  -0.0588764    -9.80102 
               26.52 0.284935 0.190228 -5.59295   112.589  -14.2331 -0.195422 0 0 0 0.522     0 1.173 -0.134466   1.88124 -0.145032 0.000105409  0.00014195  0.00110847  0.0420706 -0.0422127 0.00542885 -0.00491432  -0.0589994    -9.80102 
               26.58 0.281093 0.177387 -5.60144   112.628  -14.2091 -0.196535 0 0 0 0.522     0 1.173 -0.143205    1.8821 -0.145632 0.000107359 0.000141486  0.00111269  0.0420256 -0.0421331  0.0054289 -0.00489175  -0.0590702    -9.80102 
               26.64 0.272918 0.172139 -5.62628   112.654  -14.1883 -0.198585 0 0 0 0.522     0 1.173 -0.150506   1.88062 -0.146723 0.000110827 0.000134861  0.00112451  0.0419842 -0.0420058 0.00543332 -0.0048801 -0.0591782   -9.80102 
               26.68 0.284261 0.166396 -5.63015   112.635  -14.2322 -0.194846 0 0 0 0.522     0 1.173 -0.160835   1.87388 -0.147089 0.000104111 0.000132273  0.00112433  0.0420736 -0.0417822 0.00542445 -0.00498836  -0.0593408    -9.80102 
               26.74  0.28452 0.156748 -5.63583  112.665 -14.2146 -0.19471 0 0 0 0.522     0 1.173 -0.165768   1.87367  -0.14762 0.000103191 0.000133677  0.00112586  0.0420463  -0.041687 0.00541997 -0.0049826 -0.0594209   -9.80102 
               26.78 0.281822 0.160503 -5.64716   112.715  -14.2225 -0.193816 0 0 0 0.522     0 1.173 -0.165364    1.8713 -0.148047 0.000103606 0.000128095  0.00112941  0.0419542 -0.0415898 0.00542307 -0.0049259 -0.0595132   -9.80102 
               26.84 0.280487 0.164705 -5.58804   112.727  -14.2199 -0.193644 0 0 0 0.522     0 1.173 -0.170539    1.8695 -0.148449 0.000103459 0.000123835  0.00109513  0.0419473 -0.0414681 0.00541824 -0.00494075  -0.0596107    -9.80102 
               26.88 0.283565 0.155198 -5.65286   112.728  -14.2295 -0.193157 0 0 0 0.522     0 1.173 -0.176199   1.86603 -0.148806  0.00010083 0.000127434   0.0011254  0.0419911 -0.0413484 0.00542326 -0.00499549  -0.0596979    -9.80102 
               26.94 0.282104 0.159443 -5.59839   112.732  -14.2191 -0.194644 0 0 0 0.522     0 1.173 -0.181271   1.86357 -0.148642 0.000100885 0.000123802  0.00109049  0.0420092 -0.0412401 0.00542357 -0.00502794  -0.0597804    -9.80102 
               26.98 0.281794 0.153539 -5.61701   112.778  -14.2316 -0.193713 0 0 0 0.522     0 1.173 -0.180295   1.86035 -0.148673 0.000100039 0.000125095  0.00109833  0.0419318 -0.0411341 0.00542638 -0.00498463  -0.0598769    -9.80102 
               27.04  0.28852 0.157274 -5.63066    112.81  -14.2239 -0.193897 0 0 0 0.522     0 1.173 -0.191306   1.86028 -0.149678 9.45642e-05 0.000121139  0.00110584  0.0418906 -0.0410313 0.00542252 -0.00496943  -0.0599648    -9.80102 
               27.08 0.289872 0.164507 -5.60882   112.822   -14.241 -0.193543 0 0 0 0.522     0 1.173 -0.211518    1.8585 -0.151126 9.27124e-05 0.000118978  0.00109179  0.0418926 -0.0409027 0.00542792 -0.00499258  -0.0600656    -9.80101 
               27.14 0.296304 0.176765  -5.6061   112.818  -14.2283 -0.194412 0 0 0 0.522     0 1.173 -0.253093    1.8611 -0.152524  8.7035e-05 0.000119779  0.00108802  0.0419181 -0.0408003 0.00542598 -0.00502986  -0.0601419    -9.80101 
                27.2 0.308569 0.198578 -5.60796   112.844  -14.1976 -0.195972 0 0 0 0.522     0 1.173 -0.296785   1.86469  -0.15311 7.90983e-05 0.000126956  0.00108705  0.0418747 -0.0407114 0.00542566 -0.00501077   -0.060219    -9.80101 
               27.24 0.308168 0.216448 -5.61188   112.883  -14.2304 -0.191555 0 0 0 0.522     0 1.173 -0.323762   1.86187 -0.152511 7.79165e-05 0.000135455  0.00108707  0.0417857 -0.0405576 0.00541161 -0.00496672  -0.0603548    -9.80101 
                27.3 0.305682 0.215416 -5.60843   112.902   -14.222 -0.193901 0 0 0 0.522     0 1.173 -0.364208   1.86413 -0.151644 7.83108e-05 0.000146204  0.00108385  0.0417438 -0.0404568 0.00541352 -0.00495085  -0.0604408    -9.80101 
               27.34 0.302425  0.22026 -5.60315   112.909  -14.2344 -0.193645 0 0 0 0.522     0 1.173 -0.388773   1.86353 -0.151039  7.8815e-05 0.000151226  0.00107944  0.0417306 -0.0403446   0.005419 -0.00495945  -0.0605308    -9.80101 
                27.4 0.302592 0.207517 -5.59263   112.894  -14.2436 -0.195841 0 0 0 0.522     0 1.173 -0.420096   1.86254 -0.149897 7.74782e-05 0.000158725  0.00107168  0.0417412 -0.0402022 0.00542124 -0.00499181  -0.0606403    -9.80101 
               27.44 0.300779 0.191709  -5.6117   112.899  -14.2598 -0.196047 0 0 0 0.522     0 1.173 -0.436459    1.8595 -0.149356 7.71788e-05 0.000160402  0.00107936  0.0417386 -0.0400696 0.00542972 -0.00501219  -0.0607443    -9.80101 
                27.5  0.29195 0.183444 -5.60512   112.915   -14.221 -0.196726 0 0 0 0.522     0 1.173 -0.453057    1.8624 -0.148801 8.23743e-05 0.000156617  0.00107352  0.0417038 -0.0400229 0.00542792 -0.00499291  -0.0607867    -9.80101 
               27.54 0.292715 0.170737  -5.6201   112.932  -14.2391 -0.197306 0 0 0 0.522     0 1.173 -0.460707   1.85975 -0.149334 8.09062e-05 0.000150381  0.00107945  0.0416611 -0.0399048  0.0054384 -0.00497962  -0.0608859    -9.80101 
                27.6 0.295389 0.163677  -5.6347   112.897  -14.2302 -0.196811 0 0 0 0.522     0 1.173 -0.474041   1.85901 -0.149742 7.80959e-05 0.000144831  0.00108783  0.0417099 -0.0397963 0.00543341 -0.00503601  -0.0609622    -9.80101 
               27.66 0.293063 0.151379 -5.65287   112.885  -14.2059 -0.199354 0 0 0 0.522     0 1.173 -0.483842   1.85759  -0.15065 7.84579e-05 0.000140521  0.00109579  0.0417355 -0.0396833  0.0054392 -0.00507513  -0.0610457    -9.80101 
                27.7 0.291358 0.154707 -5.62653   112.927   -14.237 -0.195678 0 0 0 0.522     0 1.173 -0.483969   1.85245  -0.15089 7.80787e-05 0.000131025  0.00108237   0.041634 -0.0395393    0.00543 -0.00502063  -0.0611749    -9.80101 
               27.76 0.288769 0.157076 -5.60883   112.89 -14.2392 -0.19645 0 0 0 0.522     0 1.173 -0.492715   1.85037 -0.151521 7.83696e-05  0.00012622  0.00107205  0.0416863 -0.0394071 0.00542815 -0.00508375  -0.0612686    -9.80101 
                27.8 0.287061 0.155851 -5.61346   112.903  -14.2342 -0.195404 0 0 0 0.522     0 1.173 -0.495947   1.84993 -0.152038  7.8624e-05 0.000122966  0.00107243  0.0416826 -0.0393422 0.00543042 -0.00509193  -0.0613196    -9.80101 
               27.86 0.288015 0.155713 -5.60971   112.952  -14.2336 -0.195268 0 0 0 0.522     0 1.173 -0.495374   1.84852 -0.152355 7.72234e-05 0.000120278  0.00106887  0.0415805 -0.0392406 0.00542514   -0.00503 -0.0614157   -9.80101 
                27.9  0.29061  0.15146 -5.62323    112.95  -14.2402 -0.196486 0 0 0 0.522     0 1.173  -0.49872   1.84638 -0.153047 7.50724e-05 0.000120821  0.00107365  0.0415912 -0.0391452 0.00543727 -0.00505459  -0.0614876    -9.80101 
               27.96  0.28564 0.159817 -5.57542   112.955  -14.2504 -0.194935 0 0 0 0.522     0 1.173 -0.500983   1.84275 -0.153259 7.70664e-05 0.000114345  0.00104271  0.0415581 -0.0390131 0.00542794 -0.0050515 -0.0615954   -9.80101 
                  28 0.291471 0.148247 -5.61518  112.963 -14.2421 -0.19669 0 0 0 0.522     0 1.173 -0.502613   1.84239 -0.154058 7.34054e-05 0.000119509  0.00106158  0.0415492 -0.0389584  0.0054422 -0.00505394   -0.061639      -9.801 
               28.06 0.289068 0.148714  -5.6219   112.974  -14.2459 -0.197254 0 0 0 0.522     0 1.173 -0.503646   1.83922 -0.154534 7.39572e-05 0.000118203  0.00106433  0.0415077 -0.0388418 0.00543913 -0.00504182   -0.061736      -9.801 
                28.1 0.294794  0.15031 -5.62919   112.97 -14.2345 -0.19648 0 0 0 0.522     0 1.173 -0.506529   1.83861 -0.154779  7.0298e-05 0.000116738   0.0010663  0.0415295 -0.0387974 0.00544247 -0.0050662 -0.0617665     -9.801 
               28.16 0.284416 0.146532 -5.58863   112.948  -14.2456 -0.197274 0 0 0 0.522     0 1.173 -0.510207   1.83516 -0.154644 7.68133e-05  0.00011893  0.00103453  0.0415491 -0.0386629 0.00544015 -0.00510424  -0.0618667      -9.801 
               28.22 0.289012 0.143108 -5.61384   112.948  -14.2163 -0.200234 0 0 0 0.522     0 1.173 -0.512407   1.83405 -0.154811 7.32606e-05 0.000120331  0.00104684  0.0415408 -0.0385711 0.00544626 -0.00511355  -0.0619386      -9.801 
               28.26 0.288299 0.143959 -5.61638   112.986  -14.2643 -0.195719 0 0 0 0.522     0 1.173 -0.510007   1.82679 -0.154583 7.19513e-05 0.000118785  0.00104614  0.0414363 -0.0383838 0.00543282 -0.00506523  -0.0621004      -9.801 
               28.32 0.283707 0.149539  -5.5926   112.956  -14.2441 -0.197127 0 0 0 0.522     0 1.173 -0.514451   1.82664 -0.154764  7.3619e-05 0.000115896   0.0010322  0.0414758 -0.0382954 0.00543222 -0.00511071  -0.0621615      -9.801 
               28.39 0.287503 0.146647 -5.61044   112.972  -14.1948 -0.200626 0 0 0 0.522     0 1.173 -0.513826    1.8268 -0.155094 7.09647e-05 0.000116608  0.00103902  0.0414092 -0.0382151 0.00543333 -0.00507335  -0.0622344      -9.801 
               28.46 0.287776 0.146479  -5.6018   113.013  -14.3371 -0.190684 0 0 0 0.522     0 1.173 -0.509083   1.79764 -0.153506 6.54259e-05 0.000114712  0.00103214  0.0411742 -0.0375707  0.0053669 -0.00500373  -0.0627683      -9.801 
               28.52 0.287305 0.140245 -5.62004   113.011  -14.3107 -0.191854 0 0 0 0.522     0 1.173 -0.510871   1.79402 -0.153762 6.43691e-05 0.000117683  0.00103967  0.0411481 -0.0374244 0.00536364 -0.00500883  -0.0628845      -9.801 
               28.56 0.292472 0.145306 -5.61282   113.038  -14.3415 -0.187557 0 0 0 0.522     0 1.173 -0.509333   1.78723 -0.153555 6.01504e-05 0.000113966  0.00103368  0.0410652 -0.0372533 0.00535009 -0.00497487  -0.0630294      -9.801 
               28.62 0.287644 0.138423 -5.61002  113.045 -14.3128 -0.19259 0 0 0 0.522     0 1.173 -0.509962   1.78606 -0.154187 6.28566e-05 0.000118192  0.00102995    0.04103 -0.0371778 0.00535906  -0.004961 -0.0630929     -9.801 
               28.68 0.290921 0.149929 -5.58688  112.996 -14.3219 -0.19084 0 0 0 0.522     0 1.173 -0.517325   1.77804 -0.154212 5.91357e-05 0.000111872  0.00101467  0.0411121 -0.0369463 0.00534381 -0.0050633 -0.0632551   -9.80099 
               28.72 0.294034 0.143075 -5.60409   113.053  -14.3524 -0.188469 0 0 0 0.522     0 1.173 -0.512031   1.77099 -0.154488  5.6297e-05 0.000113411  0.00102054  0.0409565 -0.0367789 0.00533797 -0.00497366  -0.0634091    -9.80099 
               28.78 0.299346 0.137912 -5.62435   113.033   -14.314 -0.192143 0 0 0 0.522     0 1.173 -0.514909   1.77091 -0.154945 5.29845e-05 0.000115956  0.00102948  0.0409711 -0.0367102  0.0053429 -0.00499662  -0.0634588    -9.80099 
               28.82 0.296371 0.143747 -5.60786   113.013  -14.3418 -0.190107 0 0 0 0.522     0 1.173 -0.519599   1.76399 -0.154824 5.29109e-05 0.000113304  0.00101986  0.0410192 -0.0365284 0.00533934 -0.00506436  -0.0635884    -9.80099 
               28.88 0.289892  0.14477 -5.58458   113.057  -14.3147 -0.192724 0 0 0 0.522     0 1.173 -0.517427   1.76283  -0.15493 5.59392e-05 0.000111783  0.00100554  0.0409279 -0.0364597 0.00534111 -0.00500697  -0.0636561    -9.80099 
               28.92 0.297004 0.141927 -5.61569   113.029  -14.3457 -0.190054 0 0 0 0.522     0 1.173 -0.523145   1.75587 -0.154679 5.08133e-05 0.000113596  0.00101906  0.0409887 -0.0362699 0.00533499 -0.00508574  -0.0637894    -9.80099 
               28.98 0.288064 0.148852 -5.58518   113.044  -14.3195 -0.190721 0 0 0 0.522     0 1.173 -0.523315   1.75454   -0.1545 5.56655e-05   0.0001088 0.000998847  0.0409488 -0.0361935 0.00533134 -0.0050687  -0.063854   -9.80099 
               29.02 0.289327 0.144219 -5.57895   113.061  -14.3508 -0.189785 0 0 0 0.522     0 1.173 -0.523113   1.74734  -0.15452 5.35442e-05  0.00011069  0.00099357  0.0408977 -0.0360207 0.00533214 -0.00505988  -0.0639933    -9.80099 
               29.08  0.28974 0.142524 -5.62257   113.065  -14.3177 -0.191975 0 0 0 0.522     0 1.173  -0.52412   1.74705 -0.154616 5.25857e-05 0.000111659  0.00102139   0.040874 -0.0359555 0.00533295 -0.0050533 -0.0640465   -9.80099 
               29.12 0.290168 0.151632 -5.58803   113.046  -14.3507 -0.188938 0 0 0 0.522     0 1.173 -0.528505   1.74028 -0.154564 5.08279e-05 0.000106702  0.00100023  0.0409153 -0.0357692 0.00532529 -0.00511656  -0.0641797    -9.80099 
               29.18 0.285536 0.146393  -5.5831   113.065  -14.3136 -0.192452 0 0 0 0.522     0 1.173 -0.528378   1.74079 -0.154945 5.37484e-05 0.000110013  0.00099487  0.0408732 -0.0357168 0.00532975 -0.00509392  -0.0642264    -9.80099 
               29.24 0.291168 0.142282 -5.62096   113.071  -14.3149 -0.192637 0 0 0 0.522     0 1.173 -0.528903   1.73461 -0.154945 4.89515e-05 0.000111866  0.00101446  0.0408203 -0.0355409  0.0053225 -0.0050845 -0.0643678   -9.80099 
               29.28 0.287103 0.142208  -5.6003   113.071   -14.348 -0.189012 0 0 0 0.522     0 1.173 -0.531106   1.72765 -0.154866 4.93095e-05 0.000111655  0.00100325  0.0408128 -0.0353607 0.00531214 -0.00510997  -0.0645045    -9.80099 
               29.34 0.283913 0.139804 -5.58365   113.086  -14.3042 -0.192744 0 0 0 0.522     0 1.173 -0.531186   1.72895  -0.15579 5.06232e-05 0.000112443 0.000993181  0.0407735 -0.0353196 0.00531703 -0.0050876  -0.064542   -9.80099 
               29.38 0.284359 0.147943 -5.57172   113.097  -14.3321 -0.189818 0 0 0 0.522     0 1.173 -0.531548   1.72325 -0.155917 4.90822e-05  0.00010803 0.000985615  0.0407365 -0.0351657 0.00530956 -0.00508651  -0.0646637    -9.80099 
               29.44 0.286943  0.13973 -5.59459   113.076  -14.3279 -0.192431 0 0 0 0.522     0 1.173 -0.534618   1.72126 -0.156109 4.65355e-05 0.000112896 0.000997523   0.040749 -0.0350509 0.00531131 -0.00511577  -0.0647474    -9.80098 
               29.48 0.285553 0.138565 -5.59599   113.094  -14.3593 -0.189624 0 0 0 0.522     0 1.173  -0.53431     1.715 -0.156071 4.57752e-05 0.000112934 0.000996311  0.0406983  -0.034882 0.00530426 -0.00510706  -0.0648824    -9.80098 
               29.54 0.289206 0.139327 -5.58877   113.119   -14.304 -0.193541 0 0 0 0.522     0 1.173 -0.533103   1.71666 -0.156482 4.32006e-05  0.00011182 0.000990213   0.040644 -0.0348653 0.00530961 -0.00506946  -0.0649042    -9.80098 
               29.58 0.293362 0.151732 -5.59661    113.11  -14.3358 -0.189307 0 0 0 0.522     0 1.173 -0.535742   1.71015 -0.156395 3.95094e-05 0.000105091 0.000992455  0.0406539 -0.0347005 0.00529694 -0.00510535  -0.0650255    -9.80098 
               29.64 0.287248  0.13959 -5.58681   113.099  -14.3282 -0.192454 0 0 0 0.522     0 1.173  -0.53803    1.7081 -0.156757 4.29129e-05 0.000113464 0.000983801  0.0406508  -0.034598 0.00530006 -0.00512079  -0.0651023    -9.80098 
                29.7 0.294059 0.142427 -5.61342   113.126  -14.2949 -0.194282 0 0 0 0.522     0 1.173 -0.535777   1.70689 -0.156955 3.83039e-05 0.000111012 0.000996854  0.0405614 -0.0345251 0.00529937 -0.00506695   -0.065172    -9.80098 
               29.74 0.282369  0.14271 -5.58756   113.121  -14.3301 -0.191198 0 0 0 0.522     0 1.173 -0.538049   1.70067 -0.157064 4.20217e-05 0.000110693 0.000983715  0.0405595 -0.0343544  0.0052914 -0.00509512  -0.0652992    -9.80098 
                29.8 0.293246 0.138069 -5.61476   113.141  -14.3067 -0.192721 0 0 0 0.522     0 1.173 -0.537549   1.70059 -0.157539 3.58836e-05  0.00011255 0.000996234  0.0405064 -0.0342885 0.00528989 -0.00506714  -0.0653572    -9.80098 
               29.84 0.293365 0.140524 -5.59893   113.147  -14.3323 -0.191362 0 0 0 0.522     0 1.173 -0.538297   1.69566  -0.15769 3.46021e-05 0.000110974 0.000987046   0.040477 -0.0341457 0.00528879 -0.00507018  -0.0654681    -9.80098 
                29.9 0.283371 0.145318 -5.59493   113.127  -14.3039 -0.192814 0 0 0 0.522     0 1.173 -0.541097   1.69564 -0.157783 3.96042e-05  0.00010829 0.000983513   0.040492 -0.0340801 0.00528722 -0.00509265  -0.0655141    -9.80098 
               29.94 0.292232 0.143497 -5.59821   113.13 -14.3596 -0.18983 0 0 0 0.522     0 1.173 -0.542569   1.68582 -0.157674 3.32762e-05  0.00010889 0.000983226  0.0404688 -0.0338591  0.0052793 -0.00511386  -0.0656815    -9.80098 
                  30 0.291447 0.138824 -5.60383    113.14  -14.3316 -0.191954 0 0 0 0.522     0 1.173  -0.54289   1.68444 -0.157927 3.31451e-05  0.00011138 0.000985235  0.0404365 -0.0337942 0.00527932 -0.00510131   -0.065735    -9.80098 
               30.04 0.293943 0.144388 -5.59325   113.149  -14.3587 -0.190815 0 0 0 0.522     0 1.173 -0.543526   1.67778 -0.158219 3.05325e-05 0.000108025 0.000977767  0.0404061 -0.0336431 0.00527903 -0.00510518  -0.0658517    -9.80098 
                30.1 0.293693 0.144512 -5.60162   113.159   -14.303 -0.193399 0 0 0 0.522     0 1.173 -0.543969   1.67874 -0.158849 3.05357e-05 0.000107574 0.000981929   0.040379   -0.03363 0.00528044 -0.00508748  -0.0658661    -9.80098 
               30.14 0.291451 0.138814 -5.61116   113.152  -14.3628 -0.189558 0 0 0 0.522     0 1.173 -0.546898   1.66899 -0.158811 2.97909e-05 0.000110607 0.000985076  0.0403788 -0.0334022 0.00526913 -0.00512696  -0.0660338    -9.80098 
                30.2  0.29114 0.145056 -5.59725   113.159  -14.3108 -0.193774 0 0 0 0.522     0 1.173 -0.547709   1.67057 -0.159324 2.98483e-05 0.000105609 0.000973206  0.0403584 -0.0333827 0.00527486 -0.00511535  -0.0660516    -9.80098 
               30.26 0.288448 0.138168 -5.62077   113.133  -14.2982 -0.195567 0 0 0 0.522     0 1.173 -0.552326   1.66618 -0.159559 3.02537e-05 0.000109806 0.000984671  0.0403978  -0.033254 0.00527391 -0.00516667  -0.0661392    -9.80098 
                30.3 0.292736 0.137565 -5.61995   113.157  -14.3494 -0.190813 0 0 0 0.522     0 1.173 -0.551578   1.65714 -0.159357 2.65709e-05 0.000109417 0.000982564  0.0403338 -0.0330594 0.00525892 -0.00515363  -0.0662931    -9.80097 
               30.36 0.290404 0.144502 -5.60673   113.183  -14.2935 -0.194825 0 0 0 0.522     0 1.173 -0.550456   1.65886 -0.159959  2.7727e-05 0.000105127 0.000974408  0.0402818 -0.0330542 0.00526392 -0.00511644  -0.0663059    -9.80097 
                30.4 0.288026 0.138472 -5.63381   113.167  -14.3205 -0.192038 0 0 0 0.522     0 1.173 -0.554286   1.65357 -0.159961 2.76178e-05 0.000108277 0.000985752  0.0403162 -0.0329147 0.00525714 -0.00516595  -0.0664019    -9.80097 
               30.46 0.294828 0.136739 -5.62151   113.197  -14.3156 -0.193737 0 0 0 0.522     0 1.173 -0.552548   1.65171  -0.16016 2.28815e-05 0.000108527 0.000977163  0.0402451 -0.0328319 0.00525579 -0.00512841  -0.0664748    -9.80097 
                30.5 0.293942 0.137928 -5.64173  113.183 -14.3413 -0.19237 0 0 0 0.522     0 1.173 -0.555772   1.64659 -0.160242 2.20724e-05 0.000108058 0.000985668  0.0402702 -0.0326906 0.00525466 -0.00517139  -0.0665734    -9.80097 
               30.56 0.287682 0.137456 -5.63012   113.179   -14.323 -0.193236 0 0 0 0.522     0 1.173 -0.557304    1.6452  -0.16026 2.54629e-05 0.000108118  0.00097668  0.0402617 -0.0326182 0.00525125 -0.00517784  -0.0666277    -9.80097 
                30.6 0.296628 0.136148 -5.64639   113.208  -14.3485 -0.192273 0 0 0 0.522     0 1.173 -0.555549   1.63954 -0.160194 1.94779e-05 0.000108075  0.00098354  0.0401879 -0.0324927  0.0052515  -0.005146 -0.0667319   -9.80097 
               30.66 0.289449 0.137221 -5.62943   113.199  -14.3248 -0.194038 0 0 0 0.522     0 1.173 -0.557484   1.63873 -0.159996 2.39939e-05 0.000107061  0.00096995  0.0401831 -0.0324294  0.0052506 -0.00515359  -0.0667787    -9.80097 
               30.72 0.296621 0.134433 -5.64047   113.203   -14.309 -0.194646 0 0 0 0.522     0 1.173 -0.557867   1.63618 -0.159755 1.89353e-05 0.000108142 0.000974208  0.0401445 -0.0323233 0.00524462 -0.00514406  -0.0668624    -9.80097 
               30.76 0.297663 0.139269 -5.64131   113.223   -14.319 -0.193194 0 0 0 0.522     0 1.173 -0.557091   1.63372 -0.159718 1.76687e-05 0.000105441 0.000973055  0.0400963 -0.0322385 0.00524314 -0.00512393  -0.0669323    -9.80097 
               30.82 0.293792 0.136422 -5.63976   113.209  -14.3312 -0.192811 0 0 0 0.522     0 1.173 -0.559293   1.63063 -0.159831 1.85367e-05 0.000106739 0.000971033    0.04009 -0.0321188 0.00523643 -0.00514029  -0.0670201    -9.80097 
               30.86 0.294877 0.136587  -5.6509   113.224  -14.3517 -0.190797 0 0 0 0.522     0 1.173 -0.559294   1.62572 -0.160007  1.6906e-05 0.000106204 0.000974608  0.0400496 -0.0319981 0.00523236 -0.00513217  -0.0671145    -9.80097 
               30.92 0.295432 0.134909 -5.62928   113.227   -14.324 -0.193197 0 0 0 0.522     0 1.173 -0.560303   1.62544  -0.16041 1.61117e-05 0.000106764 0.000961271  0.0400272 -0.0319441 0.00523288 -0.00512543  -0.0671574    -9.80097 
               30.96 0.293399 0.136533 -5.65122   113.222  -14.3384 -0.192226 0 0 0 0.522     0 1.173 -0.562832   1.62175 -0.160546 1.61274e-05 0.000105975 0.000970487  0.0400396  -0.031837 0.00523319 -0.0051531 -0.0672325   -9.80097 
               31.02 0.297951 0.135588 -5.63195    113.24  -14.3304 -0.194375 0 0 0 0.522     0 1.173 -0.562755   1.61963 -0.161133 1.26011e-05 0.000105932 0.000957214  0.0399896 -0.0317584 0.00523308 -0.00513083  -0.0672978    -9.80097 
               31.06 0.294648 0.134135 -5.66083    113.24  -14.3389 -0.193129 0 0 0 0.522     0 1.173 -0.564585   1.61692 -0.161545 1.34729e-05 0.000106603 0.000970612  0.0399885 -0.0316687 0.00523243 -0.00514577  -0.0673625    -9.80097 
               31.12 0.292437 0.133206 -5.64314  113.223 -14.3254 -0.19406 0 0 0 0.522     0 1.173 -0.567247   1.61561 -0.161573 1.43025e-05 0.000107119 0.000957104  0.0399986 -0.0315925 0.00522921 -0.00516634  -0.0674155    -9.80097 
               31.16 0.297186 0.131636 -5.66513   113.287  -14.3274 -0.192797 0 0 0 0.522     0 1.173 -0.560931    1.6137 -0.161721 1.11766e-05 0.000106525  0.00096744  0.0398476 -0.0315477 0.00522815 -0.00506577  -0.0674741    -9.80097 
               31.22 0.297199 0.130008 -5.65839   113.257   -14.332 -0.194291 0 0 0 0.522     0 1.173 -0.564561    1.6109 -0.162062 1.02177e-05 0.000107744  0.00096075  0.0398674 -0.0314436 0.00522641 -0.00509825  -0.0675452    -9.80097 
               31.28 0.297535 0.128356 -5.67269   113.256   -14.307 -0.197392 0 0 0 0.522     0 1.173 -0.565871   1.60849 -0.162457 9.25844e-06 0.000108332 0.000967049  0.0398422 -0.0313658  0.0052301 -0.00509385  -0.0676053    -9.80097 
               31.32 0.297434 0.136683 -5.64244   113.286  -14.3317 -0.192325 0 0 0 0.522     0 1.173 -0.563674   1.60353 -0.162138 8.31165e-06 0.000103598  0.00095167  0.0397622 -0.0312565 0.00521433 -0.00505575  -0.0676976    -9.80096 
               31.38 0.295956 0.130254 -5.64863   113.287  -14.3184 -0.195025 0 0 0 0.522     0 1.173 -0.564256   1.60223 -0.162604 8.45134e-06 0.000106683 0.000953739  0.0397352 -0.0311878 0.00521545 -0.00504855  -0.0677513    -9.80096 
               31.42 0.291864  0.13629 -5.66493   113.264  -14.3333 -0.192789 0 0 0 0.522     0 1.173 -0.578063   1.59987 -0.163486  9.4521e-06 0.000104103 0.000959982   0.039785 -0.0310816 0.00521078 -0.00510268  -0.0678183    -9.80096 
               31.48 0.305193 0.148784 -5.64609   113.282  -14.3345 -0.192529 0 0 0 0.522     0 1.173 -0.614033   1.60044 -0.165977 8.05446e-07 9.97688e-05 0.000947621  0.0397308 -0.0309938 0.00520383 -0.00507955  -0.0678904    -9.80096 
               31.52 0.313476 0.175955 -5.65181    113.28    -14.33 -0.189971 0 0 0 0.522     0 1.173 -0.637932   1.60098 -0.166101 -3.97338e-06  0.000101674  0.000948887   0.039735   -0.03094 0.00519693 -0.00509193  -0.0679279    -9.80096 
               31.58 0.306984 0.189361 -5.60852  113.302 -14.3171 -0.19373 0 0 0 0.522     0 1.173 -0.654936   1.60155 -0.164321 -2.95977e-07  0.000109167   0.00091954  0.0396703 -0.0308797 0.00520003 -0.00505657  -0.0679821    -9.80096 
               31.62 0.304705 0.184901  -5.6409   113.265  -14.3331 -0.193259 0 0 0 0.522     0 1.173 -0.668063   1.59866 -0.163295 -1.33304e-07  0.000122447  0.000935128  0.0397413 -0.0307709 0.00520203 -0.00512598  -0.0680468    -9.80096 
               31.68 0.294738 0.169292 -5.60905   113.283  -14.3368 -0.194998 0 0 0 0.522     0 1.173 -0.672462    1.5964 -0.162378 6.09128e-06 0.000129061 0.000910962  0.0396806 -0.0306819 0.00520066 -0.00509859  -0.0681205    -9.80096 
               31.74 0.286987 0.153114 -5.65727   113.278  -14.2928 -0.198316 0 0 0 0.522     0 1.173 -0.673617   1.59772  -0.16214 1.00636e-05  0.00012537 0.000936316  0.0396546 -0.0306544  0.0052053 -0.00508505  -0.0681445    -9.80096 
               31.78 0.282735 0.136775 -5.63708   113.293  -14.3252 -0.195939 0 0 0 0.522     0 1.173 -0.671068   1.59236 -0.162123 1.07533e-05 0.000120101 0.000925778  0.0395952 -0.0305308 0.00520055 -0.00506477  -0.0682423    -9.80096 
               31.84 0.285358  0.13555 -5.64552    113.29  -14.3127 -0.195893 0 0 0 0.522     0 1.173 -0.668209    1.5908 -0.162828 8.79279e-06 0.000112197   0.0009289   0.039566 -0.0304652 0.00519494 -0.00505568  -0.0682937    -9.80096 
               31.88 0.284228 0.118807 -5.67708   113.297  -14.3193 -0.195907 0 0 0 0.522     0 1.173 -0.665673   1.58884 -0.163679 8.70313e-06 0.000111048 0.000942147  0.0395307 -0.0303981 0.00519909 -0.00504262  -0.0683472    -9.80096 
               31.94 0.289614 0.124009 -5.66076   113.296  -14.3156 -0.194689 0 0 0 0.522     0 1.173 -0.662858   1.58759  -0.16452 5.02774e-06 0.000103442 0.000931762  0.0394957 -0.0303218 0.00519021 -0.00503138  -0.0684071    -9.80096 
               31.98 0.298298 0.123103 -5.66057   113.258    -14.32 -0.196102 0 0 0 0.522     0 1.173 -0.667286    1.5859  -0.16542 7.07508e-08 0.000102038 0.000929956  0.0395738 -0.0302434 0.00519954 -0.00510012  -0.0684483    -9.80096 
               32.04 0.298171 0.130601 -5.64204   113.261  -14.3143 -0.196384 0 0 0 0.522     0 1.173 -0.666944   1.58425 -0.166207 -4.55222e-07     9.69e-05   0.00091717  0.0395429  -0.030171 0.00519435 -0.00509122  -0.0685046    -9.80096 
               32.08 0.290279 0.128133 -5.63248  113.287 -14.3217 -0.19356 0 0 0 0.522     0 1.173 -0.664895   1.58215 -0.166571 3.17382e-06 9.88122e-05 0.000910395  0.0394744 -0.0301099 0.00518702 -0.00505391  -0.0685596    -9.80096 
               32.14 0.294263 0.131418 -5.65605   113.264  -14.3135 -0.195054 0 0 0 0.522     0 1.173 -0.667449   1.58098 -0.166606 -2.30611e-07  9.83618e-05  0.000924841  0.0394801 -0.0300368 0.00518462 -0.00507076  -0.0686097    -9.80096 
               32.18 0.298675 0.141012 -5.63695  113.292 -14.3178 -0.19522 0 0 0 0.522     0 1.173 -0.665637   1.57936  -0.16673 -3.1626e-06 9.43203e-05 0.000912495  0.0394095 -0.0299863 0.00518865 -0.00503028  -0.0686574    -9.80096 
               32.24  0.29589 0.136928  -5.6365   113.244  -14.3129 -0.195555 0 0 0 0.522     0 1.173 -0.671311   1.57766 -0.166934 -1.88849e-06   9.9165e-05  0.000910501  0.0394549 -0.0299038 0.00518352 -0.00507646  -0.0687071    -9.80096 
                32.3 0.298437 0.141547 -5.62156   113.279  -14.2899 -0.198698 0 0 0 0.522     0 1.173 -0.667886   1.57633 -0.167428 -3.92029e-06  9.63894e-05   0.00090004  0.0393403 -0.0298516 0.00518613 -0.00500568  -0.0687636    -9.80096 
               32.34 0.298816 0.140661 -5.61752   113.283   -14.323 -0.195645 0 0 0 0.522     0 1.173 -0.668513   1.57116 -0.167298 -5.31407e-06  9.68782e-05   0.00089664  0.0393094 -0.0297279 0.00517809 -0.00500598  -0.0688552    -9.80096 
                32.4 0.294995 0.136533 -5.64247   113.259  -14.3136 -0.195821 0 0 0 0.522     0 1.173  -0.67103   1.56921 -0.167312 -4.03165e-06  9.92144e-05  0.000908706  0.0393165 -0.0296555 0.00517235 -0.00502362  -0.0689044    -9.80096 
               32.44 0.295352 0.134863 -5.65582   113.264  -14.3156 -0.195582 0 0 0 0.522     0 1.173 -0.671928   1.56747 -0.167476 -4.75909e-06  9.96954e-05  0.000913591  0.0393044 -0.0296004 0.00517478 -0.00502497  -0.0689448    -9.80096 
                32.5 0.290733 0.139951 -5.64443   113.283  -14.3154 -0.194927 0 0 0 0.522     0 1.173 -0.670939   1.56545 -0.167435 -2.74546e-06  9.58033e-05  0.000905621  0.0392433 -0.0295271 0.00516681 -0.00499547  -0.0690064    -9.80096 
               32.54 0.293384 0.137919 -5.62806   113.237   -14.309 -0.196271 0 0 0 0.522     0 1.173 -0.678011   1.56501  -0.16797 -4.49727e-06  9.74102e-05  0.000895538  0.0393506 -0.0294753 0.00517536 -0.00507898  -0.0690233    -9.80096 
                32.6  0.29323 0.136387 -5.62406   113.244  -14.3098 -0.196637 0 0 0 0.522     0 1.173 -0.678798   1.56287 -0.168231 -5.12611e-06  9.77476e-05  0.000891546  0.0393177 -0.0293989 0.00517009 -0.00506969   -0.069082    -9.80096 
               32.64 0.299936 0.136109 -5.62242   113.299  -14.3169 -0.196773 0 0 0 0.522     0 1.173 -0.673439   1.56082 -0.168639 -9.21546e-06  9.62497e-05  0.000888982  0.0391845 -0.0293547 0.00517382 -0.00498534  -0.0691359    -9.80095 
                32.7 0.291009 0.139168 -5.61709   113.285  -14.3141 -0.195861 0 0 0 0.522     0 1.173 -0.674938   1.55912 -0.168635 -3.60763e-06  9.37108e-05  0.000883716  0.0391715 -0.0292805 0.00516537 -0.00498944  -0.0691895    -9.80095 
               32.76   0.2873 0.142086 -5.62193   113.241  -14.2759 -0.198792 0 0 0 0.522     0 1.173 -0.680412    1.5599 -0.168953 -1.86732e-06  9.25353e-05  0.000884685  0.0392403 -0.0292401 0.00516712 -0.00504404  -0.0692052    -9.80095 
                32.8 0.288456  0.14207 -5.62762    113.26  -14.3119 -0.195453 0 0 0 0.522     0 1.173 -0.679726    1.5548 -0.168929 -3.56046e-06  9.19336e-05  0.000885755  0.0391859 -0.0291216 0.00515779 -0.0050275 -0.0692964   -9.80095 
               32.86 0.287177   0.1427 -5.62179  113.256 -14.3078 -0.19592 0 0 0 0.522     0 1.173 -0.680941   1.55358 -0.169348 -3.61717e-06  9.13384e-05  0.000881715  0.0391656   -0.02905 0.00515249 -0.00502615  -0.0693491    -9.80095 
                32.9 0.287628 0.143206 -5.62209  113.257 -14.3077 -0.19593 0 0 0 0.522     0 1.173 -0.682191   1.55287 -0.169744 -4.28635e-06  9.09871e-05  0.000880379  0.0391632 -0.0290028 0.00515547 -0.0050328 -0.0693819   -9.80095 
               32.96 0.292761 0.138979 -5.61448   113.237  -14.3069 -0.197634 0 0 0 0.522     0 1.173 -0.684735   1.55111 -0.169876 -7.90782e-06  9.33184e-05  0.000874906  0.0391673 -0.0289242 0.00515331 -0.00504942  -0.0694351    -9.80095 
               33.03 0.299208  0.13845 -5.61774   113.277  -14.2693 -0.202454 0 0 0 0.522     0 1.173  -0.67948   1.54995 -0.170307 -1.16228e-05  9.21042e-05   0.00087501  0.0390246 -0.0288787 0.00515522 -0.00495978  -0.0694913    -9.80095 
                33.1 0.286876 0.142844 -5.62075   113.269  -14.3681 -0.190574 0 0 0 0.522     0 1.173 -0.679996   1.52999 -0.168379 -9.86528e-06  8.91278e-05  0.000874412   0.038934 -0.0284628 0.00508662 -0.00497115  -0.0697919    -9.80095 
               33.16 0.292325 0.138552 -5.61056   113.26 -14.3613  -0.1911 0 0 0 0.522     0 1.173 -0.671565   1.52395 -0.167226 -1.4128e-05 9.10679e-05 0.000866762  0.0389074 -0.0283288  0.0050772 -0.00497667   -0.069888    -9.80095 
                33.2 0.290041 0.139662 -5.60554   113.319  -14.3969 -0.187018 0 0 0 0.522     0 1.173  -0.64444   1.51507 -0.165044 -1.40793e-05   8.6475e-05  0.000862149  0.0387509 -0.0282032 0.00506427 -0.0048922 -0.0700012   -9.80095 
               33.26 0.286796 0.124608 -5.61896  113.255 -14.3599 -0.19109 0 0 0 0.522     0 1.173 -0.595251   1.50995 -0.161964 -1.20395e-05  8.68725e-05  0.000870447  0.0388229 -0.0281567 0.00506803 -0.00494934  -0.0700201    -9.80095 
               33.32 0.272849 0.100515 -5.60613   113.293  -14.3621 -0.189884 0 0 0 0.522     0 1.173 -0.515174   1.49836  -0.15936 -5.0764e-06 7.05781e-05 0.000861227  0.0387029 -0.0280377 0.00505467 -0.00488887  -0.0701221    -9.80095 
               33.36 0.279468 0.068703 -5.66792   113.323  -14.4056 -0.186271 0 0 0 0.522     0 1.173 -0.451322   1.48513 -0.158535 -9.63296e-06  5.28597e-05  0.000888045   0.038619 -0.0278807 0.00504415 -0.00485969  -0.0702433    -9.80095 
               33.42   0.265492 0.00941676   -5.68199   113.343  -14.3602 -0.192366 0 0 0 0.522     0 1.173 -0.347152   1.47649 -0.159842 -2.28476e-06  5.74031e-05   0.00089437  0.0385823 -0.0278642 0.00505315 -0.00483767  -0.0702609    -9.80095 
               33.46   0.248204 -0.0214517   -5.67817   113.366  -14.4166 -0.188813 0 0 0 0.522     0 1.173 -0.271757   1.46083 -0.161186 4.48893e-06  3.7823e-05 0.000890972  0.0385199 -0.0276786 0.00504331 -0.00482823  -0.0703974    -9.80095 
               33.52   0.259036 -0.0843024   -5.71029   113.363  -14.3885 -0.195211 0 0 0 0.522     0 1.173 -0.158305   1.44927  -0.16428 -2.24772e-06  5.24746e-05  0.000908571   0.038532 -0.0276278 0.00505301 -0.00484528  -0.0704295    -9.80095 
               33.56   0.252886 -0.0695894   -5.73664   113.417   -14.421 -0.189227 0 0 0 0.522     0 1.173 -0.0761344    1.43522  -0.165566 -3.9398e-07 2.25973e-05 0.000920638  0.0384371 -0.0275012 0.00503426 -0.0048037 -0.0705317   -9.80095 
               33.62   0.244515 -0.0826421   -5.70735   113.455  -14.3887 -0.192496 0 0 0 0.522     0 1.173 0.0427808    1.4237 -0.168508 4.29413e-06 1.91402e-05 0.000900427  0.0384063 -0.0274681 0.00503564 -0.0047888 -0.0705593   -9.80094 
               33.66   0.24801 -0.111764  -5.74156  113.499 -14.4394 -0.18863 0 0 0 0.522     0 1.173  0.123121   1.40816 -0.169755 -1.64079e-07   2.6502e-05  0.000917321  0.0383392 -0.0272995 0.00502349 -0.0047734 -0.0706846   -9.80094 
               33.72  0.261876 -0.123624   -5.7582   113.575  -14.4204 -0.195041 0 0 0 0.522     0 1.173  0.244271   1.39511 -0.171647 -1.15375e-05  3.14112e-05  0.000927835  0.0382634 -0.0272526 0.00503193 -0.00473071  -0.0707293    -9.80094 
               33.78  0.241815 -0.131851  -5.72482   113.631  -14.4147 -0.197967 0 0 0 0.522     0 1.173 0.364185  1.37957 -0.17237 -2.79417e-06  3.49621e-05  0.000907399  0.0381997 -0.0271483 0.00503235 -0.00470636  -0.0708103    -9.80094 
               33.82  0.244781 -0.137496  -5.72468   113.664  -14.4458 -0.194889 0 0 0 0.522     0 1.173   0.4422  1.36638 -0.17236 -6.82953e-06  3.81218e-05  0.000906171  0.0381823 -0.0270155 0.00502363 -0.00471812  -0.0709023    -9.80094 
               33.88  0.245225 -0.106481  -5.69155   113.738   -14.419 -0.194677 0 0 0 0.522     0 1.173  0.561625     1.355 -0.172483 -8.64016e-06  2.27585e-05  0.000888644  0.0381409 -0.0269797  0.0050163 -0.00469681  -0.0709337    -9.80094 
               33.92  0.246758 -0.131425  -5.72095  113.848 -14.4363  -0.1913 0 0 0 0.522     0 1.173  0.648206   1.34378 -0.171785 -1.18248e-05  3.40458e-05  0.000901427  0.0379748 -0.0269105 0.00500574 -0.00459806  -0.0710091    -9.80094 
               33.98  0.246219 -0.132267  -5.75704  113.891 -14.4225 -0.19394 0 0 0 0.522     0 1.173   0.76544   1.33084 -0.170855 -1.34648e-05  3.52981e-05  0.000920797  0.0379847 -0.0268539 0.00500513 -0.00461463  -0.0710451    -9.80094 
               34.02 0.235601 -0.15403 -5.75733   114.009  -14.4513 -0.193849 0 0 0 0.522     0 1.173  0.852597   1.31854 -0.170413 -1.12216e-05  4.49786e-05  0.000919725  0.0378112 -0.0267662 0.00500681 -0.00451455   -0.071134    -9.80094 
               34.08  0.235256 -0.134203  -5.71998   114.047  -14.4613 -0.193356 0 0 0 0.522     0 1.173  0.968666   1.30465 -0.169807 -1.38902e-05  3.31257e-05  0.000895676  0.0378416 -0.0266711 0.00499921 -0.00455158  -0.0711919    -9.80094 
               34.12  0.224246 -0.149254  -5.73553   114.182  -14.4577 -0.190593 0 0 0 0.522     0 1.173   1.05719   1.29615 -0.169647 -1.08342e-05  3.93898e-05  0.000902579  0.0376617 -0.0266568 0.00499148 -0.00443461  -0.0712331    -9.80094 
               34.18  0.230132 -0.162076  -5.73834   114.265  -14.4773 -0.193498 0 0 0 0.522     0 1.173   1.17614   1.28191 -0.170131 -1.82612e-05  4.79178e-05  0.000903166  0.0376375 -0.0265604 0.00499181 -0.00443557  -0.0713012    -9.80094 
               34.22  0.243143 -0.172844  -5.74679   114.367  -14.4899 -0.191517 0 0 0 0.522     0 1.173  1.25977  1.27163 -0.17054 -2.92999e-05  5.29542e-05  0.000906291  0.0375364 -0.0264982 0.00498719 -0.00437963  -0.0713602    -9.80094 
               34.28  0.236452 -0.192471  -5.74197   114.478  -14.5036 -0.193112 0 0 0 0.522     0 1.173   1.37963   1.25715 -0.171381 -2.81001e-05  6.71761e-05  0.000901173    0.03749  -0.026414 0.00498447 -0.00436376   -0.071424    -9.80094 
               34.34 0.214066 -0.18135 -5.76026    114.62  -14.4799 -0.194119 0 0 0 0.522     0 1.173   1.50354   1.24533 -0.171915 -1.90467e-05  6.00262e-05  0.000909966  0.0373783 -0.0263811 0.00497833 -0.00429586  -0.0714655    -9.80094 
               34.38 0.219627 -0.18435 -5.75666   114.692  -14.5314 -0.187995 0 0 0 0.522     0 1.173   1.58189   1.23042 -0.171738 -2.61399e-05  6.17095e-05  0.000906926  0.0373533  -0.026224 0.00495869 -0.00430718  -0.0715735    -9.80094 
               34.44  0.212485 -0.191148  -5.75896  114.875 -14.5247 -0.19379 0 0 0 0.522     0 1.173   1.70536   1.21684 -0.172771 -2.52086e-05  6.46148e-05  0.000907051  0.0372315 -0.0261837  0.0049654 -0.00423407  -0.0716215    -9.80094 
               34.48  0.223959 -0.203401  -5.72448   114.955  -14.5587 -0.192332 0 0 0 0.522     0 1.173   1.78381    1.2032 -0.172972 -3.55172e-05  7.10578e-05  0.000888713  0.0372021 -0.0260641 0.00496254 -0.00423584  -0.0717052    -9.80094 
               34.54  0.215129 -0.211463  -5.76151  115.078 -14.5621 -0.19302 0 0 0 0.522     0 1.173   1.90034   1.18726 -0.172602 -3.35852e-05   7.6165e-05  0.000909294  0.0371866 -0.0259923  0.0049576 -0.00423839   -0.071755    -9.80094 
               34.58  0.220211 -0.207106  -5.75908  115.218 -14.5985 -0.18792 0 0 0 0.522     0 1.173   1.98416   1.17206 -0.171907 -3.99693e-05  7.21431e-05  0.000906289   0.037055  -0.025882 0.00494177 -0.00417164  -0.0718506    -9.80094 
               34.64  0.227372 -0.215623  -5.76623   115.371  -14.5796 -0.192526 0 0 0 0.522     0 1.173   2.10329   1.15847 -0.171695 -4.61307e-05  7.58636e-05   0.00090928  0.0370155 -0.0258498 0.00494596 -0.00415149  -0.0718785    -9.80094 
               34.68  0.220236 -0.213235  -5.76046   115.447  -14.6134 -0.190265 0 0 0 0.522     0 1.173   2.17877   1.14468 -0.171226 -4.37627e-05  7.22846e-05  0.000904259  0.0370473 -0.0257262  0.0049406 -0.00419412  -0.0719537    -9.80093 
               34.74  0.215988 -0.225565  -5.74792   115.673   -14.612 -0.192524 0 0 0 0.522     0 1.173   2.30199   1.13039 -0.170951 -4.06804e-05  7.69517e-05  0.000893623  0.0369228  -0.025686 0.00493956 -0.00411993  -0.0720019    -9.80093 
                34.8    0.2207 -0.238626  -5.77002    115.87  -14.6329 -0.194794 0 0 0 0.522     0 1.173    2.4254   1.11195 -0.170682 -4.3373e-05 7.94679e-05 0.000903899  0.0367917 -0.0255678 0.00493831 -0.00405538   -0.072102    -9.80093 
               34.84  0.222557 -0.234597  -5.75885  115.984 -14.6891 -0.19041 0 0 0 0.522     0 1.173   2.50504   1.09541 -0.169991 -4.49444e-05   7.4283e-05  0.000897124   0.036744 -0.0254008 0.00492585 -0.00405395   -0.072219    -9.80093 
                34.9  0.222699 -0.234742  -5.74688  116.182 -14.6784 -0.19087 0 0 0 0.522     0 1.173   2.62576   1.08209 -0.169722 -4.4851e-05 7.14394e-05  0.00088966  0.0366804 -0.0253598  0.0049208 -0.00401992  -0.0722569    -9.80093 
               34.94  0.225966 -0.254608  -5.76324   116.329  -14.7226 -0.189161 0 0 0 0.522     0 1.173   2.70823   1.06743 -0.169827 -4.72009e-05  7.68574e-05  0.000895331  0.0365836 -0.0252275 0.00491743 -0.00398045  -0.0723597    -9.80093 
                  35  0.222796 -0.262522  -5.78023   116.521  -14.7071 -0.191793 0 0 0 0.522     0 1.173   2.82738   1.05522 -0.170359 -4.55313e-05  7.85976e-05  0.000903139   0.036548 -0.0251921 0.00491755 -0.00396366  -0.0723889    -9.80093 
               35.04  0.242259 -0.274834  -5.80549   116.726  -14.7387 -0.186455 0 0 0 0.522     0 1.173   2.91553   1.04305 -0.169825 -5.59835e-05  7.95827e-05  0.000913658  0.0363432  -0.025113 0.00490172 -0.00384527  -0.0724763    -9.80093 
                35.1  0.223298 -0.284961  -5.79378   116.931  -14.7516 -0.189533 0 0 0 0.522     0 1.173   3.03461   1.03049 -0.169109 -4.56113e-05  8.25114e-05  0.000904511   0.036288 -0.0250431 0.00490271 -0.00382189  -0.0725312    -9.80093 
               35.14 0.226718 -0.30537 -5.80391   117.119  -14.7896 -0.185678 0 0 0 0.522     0 1.173   3.1205   1.0169 -0.16832 -5.10409e-05   8.7399e-05  0.000907046  0.0361217 -0.0249415 0.00489217 -0.00373265   -0.072626    -9.80093 
                35.2  0.201872 -0.305682  -5.78571  117.312 -14.8045 -0.18852 0 0 0 0.522     0 1.173   3.23796   1.00183 -0.167624 -3.87737e-05  8.28937e-05  0.000891937  0.0360999  -0.024862 0.00489293 -0.0037327 -0.0726811   -9.80093 
               35.24  0.204429 -0.319525  -5.81931   117.503  -14.8298 -0.187233 0 0 0 0.522     0 1.173   3.32295  0.989489 -0.167018 -4.69956e-05  8.27251e-05  0.000906807  0.0359514 -0.0247848 0.00489176 -0.00365085  -0.0727569    -9.80093 
                35.3 0.199528 -0.33623  -5.8178   117.763  -14.8178 -0.185531 0 0 0 0.522     0 1.173   3.44452  0.976585 -0.166262 -4.98373e-05  8.78217e-05   0.00090193  0.0358549 -0.0247627  0.0048824 -0.0035928 -0.0727882   -9.80093 
               35.36  0.192722 -0.348207  -5.82441    118.02  -14.8512 -0.187936 0 0 0 0.522     0 1.173    3.5682  0.957098 -0.166188 -5.50199e-05  8.54495e-05  0.000900968  0.0357079 -0.0246331 0.00488242 -0.00352153  -0.0728971    -9.80093 
                35.4  0.170591 -0.369644  -5.82605   118.217  -14.8943 -0.182938 0 0 0 0.522     0 1.173   3.65384  0.941282 -0.165167 -5.23104e-05   8.7146e-05  0.000897471  0.0355465 -0.0245221 0.00486849 -0.00343791  -0.0729967    -9.80093 
               35.46  0.172132 -0.373658  -5.87081   118.429  -14.8838 -0.185907 0 0 0 0.522     0 1.173   3.77036  0.925124 -0.163305 -5.76885e-05  8.46057e-05  0.000917679  0.0355396 -0.0244843    0.00487 -0.00344016  -0.0730221    -9.80093 
                35.5  0.168342 -0.410251  -5.87786   118.672  -14.9446 -0.184249 0 0 0 0.522     0 1.173   3.85912   0.90703 -0.161631 -6.14618e-05  9.45339e-05   0.00091584  0.0352983 -0.0243523 0.00486808 -0.00330954  -0.0731489    -9.80093 
               35.56 0.163613 -0.39028 -5.86565   118.896  -14.9505 -0.185464 0 0 0 0.522     0 1.173   3.97522  0.890317 -0.159014 -6.09382e-05  7.84888e-05  0.000904155  0.0352848 -0.0242916  0.0048664 -0.00331173  -0.0731899    -9.80093 
                35.6  0.170799 -0.409274   -5.8889    119.17  -14.9812 -0.182997 0 0 0 0.522     0 1.173   4.06748  0.875965 -0.157495 -6.55408e-05   7.9346e-05  0.000909734  0.0349972 -0.0242333 0.00486266 -0.00313911  -0.0732779    -9.80093 
               35.66  0.173174 -0.425977  -5.89995    119.37  -14.9991 -0.182993 0 0 0 0.522     0 1.173   4.18152  0.859884 -0.155722 -6.71081e-05  8.50152e-05  0.000910981  0.0350289 -0.0241516 0.00485875 -0.00317366  -0.0733241    -9.80093 
                35.7  0.177106 -0.432425  -5.91145  119.639 -15.0421 -0.18097 0 0 0 0.522     0 1.173   4.27264  0.845145 -0.154826 -6.86512e-05  7.80532e-05   0.00090943  0.0347677 -0.0240628 0.00485707 -0.00302372  -0.0734266    -9.80092 
               35.76  0.168734 -0.439925  -5.94629   119.927  -15.0363 -0.184333 0 0 0 0.522     0 1.173   4.39341  0.831667 -0.154434 -6.10445e-05   7.5388e-05  0.000927341  0.0346939 -0.0240352 0.00486142 -0.0029819 -0.0734572   -9.80092 
               35.82  0.178386 -0.461073  -5.94802   120.233  -15.0773 -0.183969 0 0 0 0.522     0 1.173   4.51781  0.813035 -0.153549 -6.60612e-05  7.71759e-05  0.000920367  0.0345419 -0.0239022 0.00485556 -0.00290934  -0.0735682    -9.80092 
               35.86  0.170057 -0.462488  -5.95451   120.436  -15.1237 -0.179394 0 0 0 0.522     0 1.173  4.60047 0.799579 -0.15263 -6.31353e-05  7.07651e-05  0.000917113  0.0344356 -0.0237801 0.00484589 -0.00286396   -0.073664    -9.80092 
               35.92  0.183802 -0.476431  -5.96886   120.722   -15.135 -0.178903 0 0 0 0.522     0 1.173   4.71872  0.786796 -0.151833 -7.14794e-05    7.348e-05   0.00091976  0.0343928 -0.0237216 0.00484172 -0.00284735  -0.0737084    -9.80092 
               35.96   0.17888 -0.490381  -5.97389   120.985  -15.1841 -0.176909 0 0 0 0.522     0 1.173   4.80673  0.772202 -0.151394 -7.32127e-05  7.26932e-05  0.000915928   0.034182  -0.023611 0.00484088 -0.00273429  -0.0738154    -9.80092 
               36.02  0.162738 -0.489365   -5.9625   121.274  -15.1926 -0.177797 0 0 0 0.522     0 1.173   4.92385  0.758101 -0.150753 -6.80771e-05  6.77209e-05  0.000904785  0.0341502 -0.0235555 0.00484013 -0.00272422  -0.0738559    -9.80092 
               36.06  0.161314 -0.509152  -5.98006   121.535  -15.2452 -0.173253 0 0 0 0.522     0 1.173   5.01091  0.742529 -0.149765 -7.37349e-05  7.01035e-05  0.000907891  0.0339589  -0.023435 0.00483099 -0.0026256 -0.0739654   -9.80092 
               36.12  0.157287 -0.524243  -5.98586   121.881  -15.2615 -0.174392 0 0 0 0.522     0 1.173   5.1337 0.727117 -0.14851 -7.54198e-05  7.46163e-05  0.000909023  0.0338577 -0.0233802 0.00483105 -0.00257194  -0.0740177    -9.80092 
               36.16  0.163026 -0.518829   -5.9766   122.155  -15.3095 -0.168132 0 0 0 0.522     0 1.173  5.22268 0.711174 -0.14732 -8.26227e-05  6.66503e-05  0.000905144  0.0336434 -0.0232724 0.00481649 -0.00245721  -0.0741232    -9.80092 
               36.22  0.151726 -0.521096  -5.97986   122.473  -15.3193 -0.171611 0 0 0 0.522     0 1.173   5.34197   0.69584 -0.146495 -7.64067e-05  6.67099e-05  0.000909818  0.0335951 -0.0232196 0.00482201 -0.00243633  -0.0741647    -9.80092 
               36.26   0.16379 -0.530276   -5.9772   122.773  -15.3643 -0.167568 0 0 0 0.522     0 1.173   5.43246  0.680696 -0.145967 -8.38582e-05  6.93485e-05  0.000911307  0.0333401 -0.0231287 0.00481547 -0.00229354  -0.0742667    -9.80092 
               36.32  0.163278 -0.526106  -5.95543   123.083   -15.394 -0.166277 0 0 0 0.522     0 1.173   5.54993  0.664757 -0.146102 -8.34109e-05   6.7087e-05  0.000897188  0.0333115 -0.0230456 0.00481055 -0.00229057  -0.0743235    -9.80092 
               36.38  0.162726 -0.515691  -5.94608   123.492  -15.4044 -0.166213 0 0 0 0.522     0 1.173   5.67873  0.649442 -0.146108 -8.21982e-05  6.05362e-05  0.000893798  0.0330873 -0.0229964 0.00480747 -0.00216001  -0.0743939    -9.80092 
               36.42   0.16898 -0.509111  -5.94218     123.7  -15.4702 -0.162949 0 0 0 0.522     0 1.173   5.75734  0.632805 -0.146169 -8.61644e-05  5.97641e-05  0.000893612  0.0330443 -0.0228251 0.00480314 -0.00216383  -0.0745078    -9.80092 
               36.48  0.167579 -0.511598  -5.94843   124.079  -15.4789 -0.161043 0 0 0 0.522     0 1.173   5.87784  0.620496 -0.146091 -8.58486e-05   6.3421e-05  0.000898038  0.0329604 -0.0227828 0.00479683 -0.0021194  -0.074549   -9.80092 
               36.52  0.174461 -0.494271  -5.93456   124.389  -15.5265 -0.156553 0 0 0 0.522     0 1.173   5.96631  0.606444 -0.145717 -9.10414e-05  5.81506e-05  0.000892893  0.0327325 -0.0226831 0.00478843 -0.00199629  -0.0746512    -9.80092 
               36.58  0.159182 -0.508547  -5.93629   124.739  -15.5472 -0.158227 0 0 0 0.522     0 1.173   6.08073  0.592407 -0.145786 -8.36069e-05  7.13649e-05  0.000895089  0.0326979 -0.0226178 0.00478992 -0.00198647  -0.0746977    -9.80092 
               36.62  0.176619 -0.492875  -5.91514   125.067  -15.5959 -0.153951 0 0 0 0.522     0 1.173   6.16839  0.578256 -0.145423 -9.48583e-05   6.6126e-05  0.000885793  0.0324446 -0.0225208 0.00478256 -0.00184759  -0.0748026    -9.80091 
               36.68  0.156508 -0.495861   -5.8942   125.437  -15.6001 -0.155289 0 0 0 0.522     0 1.173  6.28358 0.564663 -0.14433 -8.26793e-05  6.96459e-05  0.000873383  0.0323994  -0.022484 0.00478355 -0.00182627  -0.0748333    -9.80091 
               36.72 0.155619  -0.4992 -5.91183   125.773  -15.6522 -0.153735 0 0 0 0.522     0 1.173    6.3721  0.549398 -0.143136 -8.35622e-05  6.79712e-05  0.000884342  0.0321385 -0.0223874 0.00478575 -0.00168307  -0.0749391    -9.80091 
               36.78  0.147702 -0.495302  -5.90651   126.142   -15.683 -0.152647 0 0 0 0.522     0 1.173   6.48577  0.534453 -0.142319 -7.89799e-05  6.21318e-05  0.000881408  0.0321023 -0.0223134 0.00478192 -0.00167408   -0.074991    -9.80091 
               36.84  0.142814 -0.506572  -5.91353   126.624  -15.7188 -0.154555 0 0 0 0.522     0 1.173   6.61341  0.519745 -0.143172 -7.72605e-05  6.05364e-05  0.000886159  0.0318228 -0.0222304 0.00478666 -0.00151755  -0.0750917    -9.80091 
               36.88  0.128106 -0.502911  -5.87966   126.877  -15.7485 -0.147954 0 0 0 0.522     0 1.173   6.69287  0.511331 -0.143609 -7.39862e-05  5.37018e-05  0.000871711  0.0317582 -0.0221485 0.00477236 -0.00149274  -0.0751534    -9.80091 
               36.94   0.10534 -0.519251  -5.88187   127.242  -15.7912 -0.147495 0 0 0 0.522     0 1.173   6.80718   0.50133 -0.145655 -6.89126e-05  5.86948e-05  0.000873382  0.0317581 -0.0220535 0.00476956 -0.00150964  -0.0752113    -9.80091 
               36.98 0.0791953 -0.520794   -5.8931   127.635  -15.8222 -0.144504 0 0 0 0.522     0 1.173   6.90158  0.491072 -0.146565 -7.00061e-05  5.17792e-05   0.00087936  0.0314381 -0.0220121   0.004767 -0.00132188  -0.0752937    -9.80091 
               37.04 0.0567382 -0.527219  -5.89453   128.012  -15.8468 -0.143337 0 0 0 0.522     0 1.173   7.01807  0.475233 -0.146689 -7.09308e-05  5.33255e-05  0.000880752  0.0314378 -0.0219462 0.00476233 -0.00133348  -0.0753338    -9.80091 
               37.08 0.0480475 -0.518047  -5.88999   128.412  -15.9022 -0.140562 0 0 0 0.522     0 1.173   7.11267  0.457921 -0.146301 -8.41894e-05  4.58443e-05  0.000879651  0.0311037 -0.0218597  0.0047603 -0.00114583   -0.075446    -9.80091 
               37.14   0.05977 -0.499703  -5.88527    128.79  -15.9218 -0.139911 0 0 0 0.522     0 1.173   7.22578  0.439043 -0.145024 -0.000102455  3.92652e-05   0.00087768  0.0311174 -0.0218002 0.00475683 -0.0011648 -0.0754795   -9.80091 
               37.18 0.0555295 -0.481398  -5.86494   129.205  -15.9645 -0.135808 0 0 0 0.522     0 1.173   7.32025  0.423164 -0.143618 -0.000109519  3.51222e-05  0.000868018  0.0307686 -0.0217475 0.00475073 -0.000962836   -0.0755737     -9.80091 
               37.24 0.0644294 -0.464663  -5.85144   129.606  -16.0111 -0.135689 0 0 0 0.522     0 1.173   7.43301  0.409499 -0.142618 -0.000120058  3.36384e-05   0.00085956  0.0307557 -0.0216568  0.0047487 -0.000971239   -0.0756308     -9.80091 
               37.28 0.0482784  -0.44818  -5.82265   129.992  -16.0419 -0.131812 0 0 0 0.522     0 1.173   7.52183  0.402402 -0.142692 -0.000118555  3.32152e-05  0.000843685  0.0304821 -0.0216152  0.0047435 -0.000813424   -0.0757047     -9.80091 
               37.34 -0.00399271   -0.445883    -5.82962   130.408  -16.0937 -0.131318 0 0 0 0.522     0 1.173    7.6334  0.393002 -0.143239 -9.48874e-05    3.993e-05  0.000848271  0.0304634 -0.0215178 0.00474071 -0.000819468   -0.0757669     -9.80091 
                37.4 -0.091389 -0.439294  -5.81575   130.988  -16.1083 -0.132626 0 0 0 0.522     0 1.173    7.7624  0.379012 -0.145194 -6.97036e-05  4.01578e-05  0.000839036  0.0301214 -0.0215059 0.00474324 -0.000615517   -0.0758351     -9.80091 
               37.44 -0.0507801  -0.444361   -5.82846   131.255  -16.1649 -0.126983 0 0 0 0.522     0 1.173   7.83547  0.359837 -0.146954 -0.000110907  4.71565e-05  0.000843948  0.0301008 -0.0213707  0.0047315 -0.000627347   -0.0759199     -9.80091 
                37.5 -0.0960051  -0.429705   -5.83259   131.705  -16.2137 -0.126582 0 0 0 0.522     0 1.173  7.94661 0.336437 -0.14997 -9.9964e-05 4.16652e-05 0.000845462  0.0300685 -0.0212816 0.00472836 -0.000623887   -0.0759791     -9.80091 
               37.54 -0.0966581  -0.421479   -5.83006   132.111  -16.2523 -0.122382 0 0 0 0.522     0 1.173   8.03398  0.318883 -0.151204 -0.000110329  3.73927e-05  0.000843345  0.0298025 -0.0212229 0.00472099 -0.000475019   -0.0760617      -9.8009 
                37.6 -0.0410136  -0.436187   -5.82469   132.575  -16.2769 -0.120599 0 0 0 0.522     0 1.173   8.14509  0.301666 -0.152907 -0.000146877  4.78847e-05  0.000839389  0.0297709 -0.0211731  0.0047141 -0.000465067    -0.076097      -9.8009 
               37.67 -0.0217182  -0.423484   -5.84179   133.264  -16.3138 -0.124343 0 0 0 0.522     0 1.173   8.29177  0.282451 -0.153597 -0.000158624  4.07863e-05  0.000846807  0.0294344 -0.0211197 0.00471716 -0.000273442   -0.0761888      -9.8009 
               37.74 -0.0273945  -0.436569   -5.85384    133.28  -16.3817 -0.116121 0 0 0 0.522     0 1.173   8.34349   0.25794 -0.151919 -0.000163546  6.86313e-05   0.00085047  0.0307577 -0.0207112 0.00467243 -0.00113586  -0.0761965     -9.8009 
                37.8 -0.0214962  -0.418398   -5.84391   133.687  -16.4335 -0.114103 0 0 0 0.522     0 1.173    8.4294  0.236795 -0.151664 -0.000174426  7.03265e-05  0.000842148  0.0311295 -0.0205045 0.00465842 -0.00139411  -0.0762531     -9.8009 
               37.86 -0.0899982  -0.399243   -5.85266   134.176  -16.4928 -0.116042 0 0 0 0.522     0 1.173    8.5255  0.217573 -0.152151 -0.000141279  6.77729e-05  0.000844468  0.0313178   -0.02033 0.00465931 -0.00153696  -0.0763231     -9.8009 
                37.9 -0.018707 -0.408946  -5.84954   134.476  -16.5214 -0.106657 0 0 0 0.522     0 1.173   8.58107  0.205621 -0.151508 -0.00017652 7.97263e-05 0.000840941  0.0315885 -0.0202173 0.00463323 -0.00171777  -0.0763416     -9.8009 
               37.96 -0.0176048  -0.395951   -5.84083   135.125  -16.5737 -0.108582 0 0 0 0.522     0 1.173   8.69077  0.189877 -0.152432 -0.000179228   7.5614e-05  0.000835007  0.0315248 -0.0201461 0.00463389 -0.00169274   -0.076395     -9.8009 
                  38 -0.0263872   -0.38431   -5.86193  135.467 -16.6312 -0.10351 0 0 0 0.522     0 1.173   8.75163  0.176769 -0.153222 -0.000178805  7.61906e-05  0.000843045  0.0316957 -0.0199889 0.00462135 -0.00182187  -0.0764574     -9.8009 
               38.06 -0.0122146  -0.373323   -5.84975  136.068 -16.6677 -0.10854 0 0 0 0.522     0 1.173   8.85802  0.163676 -0.155804 -0.000191274  7.33572e-05  0.000834585  0.0317054 -0.0199262 0.00462821 -0.00183868  -0.0764926     -9.8009 
                38.1 -0.0912733  -0.353267    -5.8389   136.391   -16.733 -0.107311 0 0 0 0.522     0 1.173    8.9157  0.148661 -0.157417 -0.000161556  7.09642e-05  0.000827239  0.0319267 -0.0197422 0.00462787 -0.00200172  -0.0765615     -9.8009 
               38.16 -0.122616 -0.347462  -5.84399   137.02 -16.7738 -0.10516 0 0 0 0.522     0 1.173   9.02162  0.132215 -0.159526 -0.000150339  7.21106e-05  0.000828852  0.0319123 -0.0196761 0.00461926 -0.00200506   -0.076603     -9.8009 
                38.2 -0.073462  -0.33138  -5.87032   137.382  -16.7979 -0.097948 0 0 0 0.522     0 1.173   9.08182  0.119787 -0.160234 -0.000186354  7.23725e-05  0.000840725  0.0320773 -0.0195929 0.00459906 -0.00211703  -0.0766224     -9.8009 
               38.26 -0.0899555  -0.326774   -5.86745   138.067  -16.8485 -0.104271 0 0 0 0.522     0 1.173   9.19093  0.105024 -0.162808 -0.000182387  7.45083e-05  0.000836889  0.0319868 -0.0195341 0.00460788 -0.00207429  -0.0766729     -9.8009 
                38.3 -0.115585 -0.330056  -5.83895    138.421   -16.9135 -0.0977291 0 0 0 0.522     0 1.173   9.25103 0.0896836 -0.165215 -0.000176715  8.70195e-05  0.000818754 0.0321439 -0.019368 0.0045895 -0.00219597   -0.076742     -9.8009 
               38.36 -0.148265   -0.3125   -5.8658   139.041  -16.9661 -0.100175 0 0 0 0.522     0 1.173   9.35819 0.0686044 -0.173981 -0.000159929  8.25253e-05  0.000836395  0.0321483 -0.0192867 0.00458901 -0.00221296  -0.0767887     -9.8009 
               38.42 -0.172424 -0.277797  -5.83615   139.588  -17.0382 -0.103256 0 0 0 0.522     0 1.173   9.45698 0.0429171 -0.185435 -0.00015435 7.89282e-05  0.00081635  0.0323074 -0.0190964 0.00458833 -0.00233958  -0.0768714     -9.8009 
               38.46 -0.135718 -0.257884  -5.80184    139.965   -17.0555 -0.0972006 0 0 0 0.522     0 1.173   9.51877 0.0306158 -0.192176 -0.000173241  9.05066e-05   0.00079807  0.0324748 -0.0190229 0.00456847 -0.00245037  -0.0768843     -9.8009 
               38.52 -0.176735 -0.206532  -5.85639     140.6  -17.1204 -0.104212 0 0 0 0.522     0 1.173    9.62368 0.00976826   -0.20294 -0.000151582   8.3187e-05  0.000825326  0.0324895 -0.0189262 0.00457407 -0.00247599  -0.0769379     -9.8009 
               38.56 -0.161205 -0.179184  -5.84547  141.019 -17.2169 -0.10215 0 0 0 0.522     0 1.173    9.68748 -0.0135405  -0.209036 -0.00015866 0.000104905 0.000817486  0.0325536 -0.0187016 0.00456498 -0.00255304  -0.0770567     -9.8009 
               38.62  -0.150075 -0.0759106   -5.84629   141.655  -17.2354 -0.107087 0 0 0 0.522     0 1.173    9.78186 -0.0303714   -0.21795 -0.000159963  7.60816e-05  0.000815425  0.0325858 -0.0186601 0.00456428 -0.00257919   -0.077075     -9.8009 
               38.66 -0.0991931  0.0210601   -5.76081   142.143  -17.2905 -0.108797 0 0 0 0.522     0 1.173    9.84481 -0.0449788  -0.223287 -0.000174014  6.78545e-05  0.000768203  0.0325202 -0.0185479 0.00456567 -0.00256118  -0.0771514     -9.8009 
               38.72 -0.110037 0.0596674  -5.82451   142.743  -17.3538 -0.115647 0 0 0 0.522     0 1.173    9.93138 -0.0582514  -0.229082 -0.000153661  7.16138e-05  0.000807244  0.0325879 -0.0184414 0.00456722 -0.00261907  -0.0772009     -9.8009 
               38.76 -0.0959011  0.0729421   -5.79414   143.168  -17.4138 -0.112903 0 0 0 0.522     0 1.173    9.98768 -0.0692354   -0.23103 -0.000146933  8.52759e-05  0.000788029  0.0326555 -0.0182905 0.00455296 -0.00268496  -0.0772759    -9.80089 
               38.82 -0.0741679   0.076645   -5.83154   143.864  -17.4546 -0.111854 0 0 0 0.522     0 1.173    10.0819 -0.0809753  -0.233366 -0.00015345 8.81645e-05 0.000812286  0.0326096 -0.0182343 0.00453699 -0.00266868  -0.0773163    -9.80089 
               38.88 -0.103257 0.0652659   -5.7999   144.445  -17.5281 -0.118871 0 0 0 0.522     0 1.173    10.1666 -0.0977534   -0.23448 -0.000129298  9.24431e-05  0.000792154  0.0327676 -0.0180435  0.0045368 -0.00279325  -0.0773979    -9.80089 
               38.92 -0.0551617  0.0580537   -5.80379   144.844  -17.5846 -0.113316 0 0 0 0.522     0 1.173   10.2227   -0.1096 -0.231893 -0.000143422  8.71448e-05  0.000792743  0.0329156 -0.0178827 0.00451165 -0.00290695  -0.0774638    -9.80089 
               38.98 -0.0535409  0.0267856   -5.80828   145.535  -17.6228 -0.118627 0 0 0 0.522     0 1.173   10.3214 -0.120817 -0.225984 -0.000138494  9.36456e-05  0.000794117  0.0329067 -0.0178234  0.0045081 -0.00291242  -0.0774994    -9.80089 
               39.02 -0.0728045  0.0197465   -5.79248    145.99  -17.7141 -0.118587 0 0 0 0.522     0 1.173   10.3831 -0.137018 -0.221025 -0.000125717  8.67585e-05  0.000785518  0.0329379 -0.0176102 0.00450116 -0.00296805  -0.0776157    -9.80089 
               39.08 -0.0801957 0.00729812   -5.82001   146.655  -17.7464 -0.123643 0 0 0 0.522     0 1.173   10.4764 -0.150745 -0.213495 -0.000119452  8.81357e-05  0.000799859  0.0329711 -0.0175486 0.00449848 -0.00299791   -0.077645    -9.80089 
               39.12 -0.0357989 -0.0117838   -5.78063   147.139  -17.8172 -0.120062 0 0 0 0.522     0 1.173   10.5383 -0.170196  -0.20926 -0.000140525    9.194e-05  0.000778629  0.0329567 -0.0173857 0.00448228 -0.00301866  -0.0777402    -9.80089 
               39.18 -0.0325076 -0.0287755   -5.81383   147.825  -17.8661 -0.129357 0 0 0 0.522     0 1.173   10.6314 -0.190807 -0.207331 -0.000137508  9.89531e-05  0.000797834  0.0329632 -0.0173077 0.00448992 -0.00303602  -0.0777834    -9.80089 
               39.22  0.0131123 -0.0146363   -5.77897   148.302  -17.9475 -0.127925 0 0 0 0.522     0 1.173   10.6931 -0.209866 -0.207403 -0.000148631  8.89895e-05  0.000777623  0.0329553 -0.0171185  0.0044818 -0.00306509  -0.0778921    -9.80089 
               39.28   0.0369047 -0.00558429    -5.75696   149.176  -17.9974 -0.128111 0 0 0 0.522     0 1.173   10.8017 -0.222443 -0.210456 -0.00014773 8.02672e-05 0.000760874  0.0326976 -0.0170828  0.0044716 -0.00292536  -0.0779578    -9.80089 
               39.32 0.0683094 -0.013926  -5.75432   149.555  -18.0591 -0.126549 0 0 0 0.522     0 1.173   10.8548 -0.236494 -0.212821 -0.000145925  9.12562e-05  0.000757422  0.0328495 -0.0169035 0.00446145 -0.0030431 -0.0780324   -9.80089 
               39.38   0.071806 0.00257081   -5.81343   150.246  -18.1017 -0.131796 0 0 0 0.522     0 1.173   10.9458 -0.253566 -0.217406 -0.00013316 8.64856e-05 0.000799652  0.0328455  -0.016836 0.00446001 -0.00305276  -0.0780713    -9.80089 
               39.44  0.127061 0.0206378  -5.77227    150.97   -18.189 -0.136923 0 0 0 0.522     0 1.173   11.0367 -0.279183 -0.223198 -0.000145919  8.71546e-05  0.000774666  0.0327656 -0.0166579 0.00445705 -0.00303908  -0.0781858    -9.80089 
               39.48  0.141063 0.0379794  -5.82832   151.356  -18.2266 -0.137775 0 0 0 0.522     0 1.173   11.0834 -0.289352 -0.226587 -0.000130452  9.12236e-05  0.000800045  0.0329511 -0.0165228 0.00445304 -0.0031674 -0.0782291   -9.80089 
               39.54  0.147023 0.0428827  -5.81522   152.075  -18.3005 -0.138744 0 0 0 0.522     0 1.173   11.1697 -0.295463 -0.229645 -0.000115411  9.43741e-05  0.000792835  0.0329352 -0.0164169 0.00444124 -0.00317723  -0.0782915    -9.80089 
               39.58  0.180165 0.0531332  -5.80574   152.585   -18.357 -0.137454 0 0 0 0.522     0 1.173   11.2279 -0.304076 -0.230447 -0.000112368  9.36166e-05  0.000787947  0.0328872 -0.0162834 0.00442992 -0.00317388  -0.0783748    -9.80089 
               39.64  0.200275 0.0624119  -5.83342   153.304  -18.4234 -0.140989 0 0 0 0.522     0 1.173   11.3118 -0.317802 -0.229722 -0.000115163  8.89733e-05   0.00080417  0.0328758  -0.016185 0.00442252 -0.0031849  -0.078432   -9.80089 
               39.68  0.230486 0.0432537  -5.75315   153.899  -18.4758 -0.140254 0 0 0 0.522     0 1.173    11.379 -0.332897 -0.228152 -0.00012079  9.2916e-05  0.00076285  0.0326494 -0.0160902 0.00441297 -0.00307494  -0.0785247    -9.80088 
               39.74  0.263415 0.0209687  -5.80394   154.602  -18.5498 -0.145185 0 0 0 0.522     0 1.173   11.4623 -0.345451 -0.224968 -0.000128961  0.000101972   0.00079646  0.0326451 -0.0159801 0.00440859 -0.0030919 -0.0785869   -9.80088 
               39.78    0.28503 0.00516121   -5.82005   155.095  -18.6214 -0.144139 0 0 0 0.522     0 1.173    11.519 -0.357266  -0.22141 -0.000122139  0.000101464  0.000806262   0.032612  -0.015807 0.00439814 -0.00310392  -0.0786892    -9.80088 
               39.84    0.287493 0.000300491    -5.80417  155.762 -18.6644 -0.14545 0 0 0 0.522     0 1.173   11.5998 -0.366199 -0.215693 -0.000111544   9.7793e-05  0.000795676  0.0326851 -0.0157242 0.00438686 -0.0031593 -0.0787225   -9.80088 
                39.9   0.308358 -0.0126569   -5.78809  156.542 -18.7448 -0.15028 0 0 0 0.522     0 1.173   11.6899 -0.385579 -0.211227 -0.000114905  9.59517e-05  0.000787762   0.032572  -0.015565 0.00438218 -0.00312439  -0.0788307    -9.80088 
               39.94   0.348049 -0.0163633   -5.77779   156.938   -18.814 -0.144357 0 0 0 0.522     0 1.173   11.7328 -0.400274 -0.208723 -0.000127376  9.74439e-05  0.000784555  0.0327746 -0.0153539 0.00435716 -0.00327417  -0.0789122    -9.80088 
                  40    0.340917 -0.00949945    -5.78371     157.7  -18.8658 -0.145811 0 0 0 0.522     0 1.173   11.8163  -0.40702 -0.207627 -0.000117761  9.44952e-05  0.000788723  0.0327577 -0.0152738 0.00434725 -0.00327896  -0.0789595    -9.80088 
               40.04   0.347428 -0.0127781   -5.76318   158.271  -18.9395 -0.143466 0 0 0 0.522     0 1.173  11.8763 -0.41888 -0.20777 -0.000115277  9.79376e-05  0.000780829  0.0326276 -0.0151114  0.0043337 -0.00323559  -0.0790721    -9.80088 
                40.1    0.33067 0.00099202   -5.80073   158.988  -18.9877 -0.147591 0 0 0 0.522     0 1.173  11.9528 -0.42626 -0.21015 -0.000104104  9.47688e-05  0.000803357  0.0326709 -0.0150258 0.00432885 -0.00327453  -0.0791117    -9.80088 
               40.14    0.3504 0.0232329  -5.76886  159.596 -19.0611 -0.14735 0 0 0 0.522     0 1.173   12.0144 -0.438679 -0.212301 -0.000115541  8.64076e-05  0.000789361  0.0324667 -0.0148777  0.0043215 -0.00318794   -0.079229    -9.80088 
                40.2  0.337087 0.0193773  -5.77214   160.331  -19.1169 -0.151695 0 0 0 0.522     0 1.173   12.0889 -0.448926  -0.21443 -0.000110134  9.26574e-05    0.0007928  0.0324804 -0.0147872 0.00431661 -0.00321133  -0.0792763    -9.80088 
               40.24  0.349518 0.0306887  -5.74386   160.927  -19.1972 -0.150135 0 0 0 0.522     0 1.173   12.1476  -0.46462 -0.214185 -0.000122815  8.70665e-05  0.000779666  0.0322863 -0.0146202 0.00430464 -0.00313398  -0.0794019    -9.80088 
                40.3  0.326429 0.0246241  -5.77477   161.641  -19.2527 -0.155181 0 0 0 0.522     0 1.173   12.2166 -0.477356  -0.21277 -0.00011181 9.16804e-05  0.00080194  0.0323308 -0.0145227 0.00430082 -0.00317543  -0.0794476    -9.80088 
               40.34   0.32763 0.0301556  -5.77256   162.229  -19.3135 -0.157416 0 0 0 0.522     0 1.173   12.2724 -0.492729 -0.211066 -0.000117892  8.25263e-05  0.000802111  0.0321656 -0.0143904 0.00430062 -0.00310804  -0.0795488    -9.80088 
                40.4    0.320967 -0.00752179    -5.80308   163.019  -19.3778 -0.160439 0 0 0 0.522     0 1.173   12.3459 -0.504457 -0.204574 -0.000115946  0.000102157  0.000825511  0.0321081 -0.0143017 0.00429373 -0.00309206  -0.0796072    -9.80088 
               40.46   0.337494 -0.0390692    -5.7723    163.89  -19.4738 -0.163033 0 0 0 0.522     0 1.173   12.4284 -0.520128 -0.192653 -0.000129555  0.000101869  0.000808232  0.0318437 -0.0141335 0.00428386 -0.00297713  -0.0797449    -9.80088 
                40.5   0.307199 -0.0712351   -5.76466   164.338  -19.5248 -0.163023 0 0 0 0.522     0 1.173   12.4678 -0.531819 -0.183795 -0.000119616  0.000100341  0.000804873  0.0319381 -0.0139687 0.00427866 -0.00305727  -0.0798183    -9.80087 
               40.56 0.305572 -0.10489 -5.80852   165.149  -19.5924 -0.167525 0 0 0 0.522     0 1.173   12.5427  -0.54607 -0.172521 -0.000121594   0.00010037  0.000828335  0.0318633  -0.013876 0.00427835 -0.00303269  -0.0798816    -9.80087 
                40.6  0.279838 -0.158814  -5.84517   165.743  -19.6245 -0.164408 0 0 0 0.522     0 1.173   12.6005 -0.558676 -0.166173 -0.000110906  0.000100034  0.000846146  0.0316875 -0.0138042 0.00426746 -0.00294982  -0.0799512    -9.80087 
               40.66  0.309027 -0.157314  -5.75752   166.535  -19.7406 -0.162717 0 0 0 0.522     0 1.173   12.6792 -0.576608 -0.156905 -0.000128433  8.02895e-05   0.00079467  0.0316213 -0.0136481 0.00425676 -0.00294129  -0.0800472    -9.80087 
                40.7  0.320682 -0.180259  -5.79329   167.097   -19.793 -0.155819 0 0 0 0.522     0 1.173   12.7103 -0.587369  -0.15466  -0.0001319 7.51611e-05 0.000812931   0.031501 -0.0135156 0.00423547 -0.00289948  -0.0801397    -9.80087 
               40.76  0.323081 -0.139318   -5.7502   167.907  -19.8583 -0.145719 0 0 0 0.522     0 1.173   12.6977 -0.590814 -0.159305 -0.000131483  5.02634e-05   0.00078424  0.0314246 -0.0134267 0.00420802 -0.00287408   -0.080201    -9.80087 
                40.8   0.347502 -0.0492535    -5.7513  168.549 -19.9423  -0.1311 0 0 0 0.522     0 1.173    12.686 -0.600695 -0.161776 -0.000143398  3.86504e-05   0.00078403  0.0311139 -0.0132625 0.00416117 -0.00273557  -0.0803435    -9.80087 
               40.86  0.355672 0.0651973  -5.80769   169.375   -19.998 -0.131601 0 0 0 0.522     0 1.173   12.6346 -0.601983  -0.16607 -0.000146477  1.79711e-05  0.000823563  0.0309865 -0.0131911 0.00415254 -0.00267954   -0.080404    -9.80087 
               40.92  0.33134 0.211495 -5.80827   170.182   -20.081 -0.134963 0 0 0 0.522     0 1.173   12.5764 -0.607558 -0.168788 -0.000127963  9.24782e-06  0.000823294  0.0308115 -0.0130268 0.00414742 -0.00261395  -0.0805225    -9.80087 
               40.96 0.360252 0.252185 -5.89794   170.662  -20.0945 -0.134701 0 0 0 0.522     0 1.173   12.5294 -0.607497  -0.16963 -0.000135145   3.8894e-05  0.000862395   0.030801 -0.0129546 0.00414082 -0.0026208  -0.080563   -9.80087 
               41.02 0.361247 0.243846 -5.83944   171.346  -20.1902 -0.144831 0 0 0 0.522     0 1.173   12.4549 -0.608105 -0.168407 -0.000131489  6.55201e-05  0.000831942  0.0308526 -0.0128043 0.00415063 -0.00267415  -0.0806345    -9.80087 
               41.06 0.390765 0.227348 -5.84594   171.956  -20.2456 -0.144782 0 0 0 0.522     0 1.173   12.4237 -0.612849 -0.165722 -0.000139223  8.00219e-05  0.000833885  0.0305946  -0.012689 0.00414702 -0.00255603  -0.0807407    -9.80087 
               41.12  0.36183 0.173113 -5.83332   172.651  -20.3141 -0.149464 0 0 0 0.522     0 1.173  12.3588 -0.61279 -0.15911 -0.000119422  0.000105646   0.00082566  0.0306323 -0.0125734 0.00414745  -0.002596 -0.0807958   -9.80087 
               41.16 0.385006 0.136421 -5.78763   173.239  -20.4061 -0.149923 0 0 0 0.522     0 1.173   12.3303  -0.62299 -0.153645 -0.000127846  0.000103609  0.000801626  0.0303988 -0.0123738 0.00414739 -0.00250598  -0.0809424    -9.80087 
               41.22 0.392446 0.113996 -5.78173   173.927  -20.4522 -0.146645 0 0 0 0.522     0 1.173   12.2697 -0.622035 -0.143577 -0.000126753  0.000100067  0.000797074  0.0304461 -0.0122806 0.00413391 -0.00254738  -0.0809838    -9.80087 
               41.26  0.421428 0.0854328  -5.77856   174.573  -20.5275 -0.146635 0 0 0 0.522     0 1.173   12.2505 -0.627777 -0.136364 -0.000133908  8.74252e-05  0.000794821  0.0300959 -0.0121316 0.00413457 -0.00238703  -0.0811232    -9.80086 
               41.32  0.444042 0.0666721  -5.74121   175.318  -20.5839 -0.139507 0 0 0 0.522     0 1.173   12.1963 -0.628058 -0.126966 -0.000143476  8.22554e-05   0.00076899  0.0300432 -0.0120412 0.00411562 -0.00237494  -0.0811802    -9.80086 
               41.36   0.45134 0.0301489   -5.7315    175.86  -20.6786 -0.135474 0 0 0 0.522     0 1.173   12.1661 -0.641318 -0.122633 -0.000144079  8.33721e-05  0.000763667  0.0298615  -0.011816 0.00410514 -0.00231759  -0.0813306    -9.80086 
               41.42  0.488162 0.0475018  -5.75951   176.612  -20.7209 -0.133676 0 0 0 0.522     0 1.173   12.1121 -0.642818 -0.118484 -0.00016468 5.80135e-05 0.000784735   0.029794 -0.0117419   0.004098 -0.00229491  -0.0813813    -9.80086 
               41.48  0.510691 0.0123371  -5.75366   177.388  -20.8028 -0.128289 0 0 0 0.522     0 1.173   12.0624 -0.646059  -0.11574 -0.000166201  6.60809e-05  0.000781772  0.0296244 -0.0115657 0.00407716 -0.00223587  -0.0815033    -9.80086 
               41.52  0.533496 0.0123464  -5.75435   177.875  -20.8586 -0.123417 0 0 0 0.522     0 1.173   12.0266 -0.649115 -0.115285 -0.000167707  5.97901e-05   0.00078271  0.0295487 -0.0113962 0.00406459 -0.00222527  -0.0816055    -9.80086 
               41.58  0.531791 0.0253741  -5.70933   178.572  -20.9065 -0.119531 0 0 0 0.522     0 1.173   11.9687 -0.646412 -0.117609 -0.000161549   5.0281e-05  0.000759151  0.0295491 -0.0113033  0.0040533 -0.0022416 -0.0816543   -9.80086 
               41.62  0.570031 0.0173948  -5.70484   179.045  -20.9862 -0.114899 0 0 0 0.522     0 1.173   11.9304 -0.655524 -0.120652 -0.000175814   5.3102e-05  0.000758141  0.0295133 -0.0110795 0.00404052 -0.00226136  -0.0817777    -9.80086 
               41.68  0.562333 0.0296923  -5.67809   179.718   -21.028 -0.110873 0 0 0 0.522     0 1.173   11.8687 -0.651831 -0.124755 -0.000166108  4.84149e-05  0.000743436  0.0295604 -0.0109846 0.00402781 -0.00230243  -0.0818194    -9.80086 
               41.72  0.576639 0.0452428  -5.71019   180.312  -21.1005 -0.107024 0 0 0 0.522     0 1.173   11.8417 -0.656849  -0.12683 -0.000169258    4.326e-05  0.000761708  0.0293016 -0.0108135 0.00401655 -0.00219648  -0.0819531    -9.80086 
               41.78  0.552864 0.0520072  -5.71825  181.062 -21.1705 -0.10318 0 0 0 0.522     0 1.173   11.7842 -0.655681 -0.130537 -0.000152704  4.47197e-05  0.000768063  0.0292221 -0.0107006 0.00400341 -0.0021744 -0.0820257   -9.80086 
               41.82  0.536478 0.0807856  -5.63458   181.602  -21.1994 -0.102353 0 0 0 0.522     0 1.173   11.7515 -0.658044 -0.133507 -0.000144635  3.58775e-05  0.000723667  0.0290477 -0.0105998  0.0039998 -0.00210073   -0.082108    -9.80086 
               41.88  0.534303 0.0769212  -5.59287    182.339   -21.2807 -0.0995336 0 0 0 0.522     0 1.173   11.6934 -0.657146 -0.138958 -0.000146052  4.49845e-05   0.00069454  0.0289652 -0.0104745 0.00398774 -0.00207925  -0.0821873    -9.80086 
               41.94  0.525077 0.0987502  -5.63393   183.078   -21.342 -0.101476 0 0 0 0.522     0 1.173   11.6391 -0.659792 -0.145043 -0.00014638  3.8691e-05 0.000718392  0.0288345 -0.0103253 0.00398276 -0.00203686   -0.082287    -9.80085 
               41.98 0.510686 0.112668 -5.60362    183.577   -21.4024 -0.0953316 0 0 0 0.522     0 1.173   11.6043 -0.667941 -0.147675 -0.000145674  3.78771e-05  0.000704837  0.0287066 -0.0101501 0.00396152 -0.00200057  -0.0823996    -9.80085 
               42.04 0.518071  0.13568 -5.64449    184.174   -21.4717 -0.0947118 0 0 0 0.522     0 1.173  11.5362 -0.67204 -0.15258 -0.000153694   3.5717e-05  0.000725203  0.0288052  -0.010005 0.00395134 -0.00207641  -0.0824579    -9.80085 
               42.08 0.503021 0.154123 -5.63072   184.787  -21.5352 -0.091345 0 0 0 0.522     0 1.173    11.511 -0.681786 -0.155591 -0.000151011   3.6871e-05  0.000717246   0.0284693 -0.00985471  0.00393729 -0.00192839  -0.0825926    -9.80085 
               42.14 0.614195  0.17681 -5.66054    185.409   -21.5749 -0.0944234 0 0 0 0.522     0 1.173    11.441  -0.68513 -0.161206 -0.000214642  3.79494e-05  0.000732298   0.0285316 -0.00975568  0.00393346 -0.00197746  -0.0826328    -9.80085 
               42.18 0.562183 0.215197 -5.61704    185.971   -21.6438 -0.0896717 0 0 0 0.522     0 1.173   11.4081 -0.694599 -0.165032 -0.00018796 3.28097e-05 0.000707483    0.028285 -0.00958122  0.00391412 -0.00188017  -0.0827645    -9.80085 
               42.24 0.553686 0.218331 -5.64439    186.647   -21.7071 -0.0915822 0 0 0 0.522     0 1.173   11.3402 -0.695614 -0.170459 -0.000181169  4.36385e-05  0.000721339   0.0282624 -0.00946351  0.00390687 -0.00188848  -0.0828289    -9.80085 
               42.31 0.550885 0.249277 -5.69171     187.53   -21.7897 -0.0943969 0 0 0 0.522     0 1.173   11.2714 -0.701495 -0.172885 -0.000178206  3.77171e-05  0.000742283  0.0280301 -0.0092967 0.00389328 -0.00179754  -0.0829538    -9.80085 
               42.38  0.56736 0.246371 -5.65993    188.285   -21.8985 -0.0845528 0 0 0 0.522     0 1.173   11.1875 -0.710849 -0.172326 -0.000185568  4.75305e-05  0.000722179   0.0280354 -0.00899346  0.00383385 -0.00185217  -0.0831083    -9.80085 
               42.44 0.586797 0.244192 -5.66302    188.775   -21.9371 -0.0814006 0 0 0 0.522     0 1.173    11.093 -0.712782 -0.171747 -0.000193658  5.98795e-05  0.000718303   0.0284464 -0.00876097  0.00380071 -0.00210188  -0.0831577    -9.80085 
                42.5 0.606255 0.230349 -5.65476    189.424   -21.9958 -0.0805348 0 0 0 0.522     0 1.173   11.0172 -0.715146 -0.170812 -0.000203857  7.13254e-05  0.000708426   0.0285235 -0.00857538  0.00377908 -0.00217265  -0.0832394    -9.80085 
               42.54 0.607077 0.256674 -5.65572     189.77   -22.0351 -0.0785699 0 0 0 0.522     0 1.173   10.9556 -0.720466 -0.170064 -0.000205283  6.27839e-05   0.00070523   0.0287811 -0.00836989  0.00376366 -0.00233855  -0.0833006    -9.80085 
                42.6 0.603882 0.260063 -5.63506    190.517   -22.1021 -0.0808662 0 0 0 0.522     0 1.173     10.89 -0.723246  -0.17025 -0.000204279  6.00286e-05   0.00069148   0.0287221 -0.00825616  0.00375549 -0.00232778  -0.0833682    -9.80085 
               42.64 0.583693 0.241322 -5.64333    190.942   -22.1595 -0.0755148 0 0 0 0.522     0 1.173   10.8368 -0.730472 -0.170383 -0.000195076  7.21886e-05  0.000692233   0.0288203 -0.00804092  0.00373037 -0.00241393   -0.083461    -9.80084 
                42.7 0.608995 0.263967 -5.65641  191.718 -22.2276  -0.0793 0 0 0 0.522     0 1.173   10.7734 -0.731543  -0.17272 -0.000208675  6.07759e-05  0.000697856   0.0287057 -0.00793239  0.00372486 -0.00237416   -0.083535    -9.80084 
               42.74  0.60514 0.265647 -5.62571    192.134   -22.2647 -0.0749257 0 0 0 0.522     0 1.173   10.7201 -0.735656 -0.173377 -0.000204051  6.89415e-05  0.000679532      0.0288 -0.00775543  0.00370211 -0.00245172  -0.0836087    -9.80084 
                42.8 0.609928 0.275852  -5.6442    192.919     -22.34 -0.0777477 0 0 0 0.522     0 1.173   10.6551 -0.735989 -0.175539 -0.000205218  6.98467e-05  0.000690037   0.0286494 -0.00764329  0.00369429 -0.0023945 -0.0836905   -9.80084 
               42.84 0.620139  0.29601 -5.65531    193.253   -22.3807 -0.0739292 0 0 0 0.522     0 1.173   10.5905 -0.740164 -0.176567 -0.000209826  7.52295e-05  0.000694461   0.0288789 -0.00743321  0.00367225 -0.00254546   -0.083758    -9.80084 
                42.9 0.617875  0.32261 -5.63229    194.051   -22.4493 -0.0769222 0 0 0 0.522     0 1.173  10.5232 -0.73717 -0.17851 -0.000207774   6.3443e-05  0.000677038   0.0287036 -0.00733274  0.00366424 -0.00247418  -0.0838377    -9.80084 
               42.96  0.61793 0.326707 -5.60853     194.63   -22.5079 -0.0769848 0 0 0 0.522     0 1.173   10.4361 -0.736471 -0.179124 -0.000210512  7.03142e-05  0.000662531    0.028845 -0.00712968  0.00364262 -0.00257921  -0.0839161    -9.80084 
                  43 0.612869 0.325635 -5.65685    194.988   -22.5443 -0.0740833 0 0 0 0.522     0 1.173   10.3726 -0.738859 -0.178941 -0.000212653  7.54932e-05   0.00068383   0.0290316 -0.00693468  0.00362231 -0.00270538  -0.0839828    -9.80084 
               43.06 0.621763 0.323337 -5.60955    195.773   -22.6277 -0.0791964 0 0 0 0.522     0 1.173   10.3043 -0.738601 -0.178322 -0.000220643  7.26213e-05  0.000659843  0.0288635 -0.0068119 0.00361774 -0.00264172   -0.084072    -9.80084 
                43.1 0.626824 0.311831 -5.60748    196.157   -22.6589 -0.0743966 0 0 0 0.522     0 1.173   10.2457 -0.742216 -0.175852 -0.000227485  7.46659e-05  0.000659531    0.028973 -0.00663551  0.00359222 -0.002726 -0.084142  -9.80084 
               43.16 0.598481 0.320273 -5.60793    196.884   -22.7225 -0.0755803 0 0 0 0.522     0 1.173   10.1748  -0.74162 -0.172466 -0.000214424  6.39295e-05  0.000660748   0.0288614 -0.00652776  0.00358018 -0.00268832  -0.0842142    -9.80084 
                43.2 0.618968 0.297824  -5.6153    197.24  -22.7608 -0.073991 0 0 0 0.522     0 1.173   10.1133 -0.747008 -0.169624 -0.000228116  7.16722e-05   0.00066595   0.0290097 -0.00633187  0.00356389 -0.00279474  -0.0842871    -9.80084 
               43.26 0.599181 0.288841 -5.57932    197.997   -22.8223 -0.0739663 0 0 0 0.522     0 1.173   10.0433 -0.747402 -0.165231 -0.000216109  7.06544e-05  0.000645166   0.0288466 -0.00623634  0.00355022 -0.00272964  -0.0843616    -9.80084 
                43.3 0.623874 0.269206 -5.61077    198.336    -22.887 -0.0702994 0 0 0 0.522     0 1.173   9.98046 -0.754466 -0.162108 -0.000229436  7.83893e-05  0.000664353   0.0289959 -0.00598453   0.0035284 -0.00284546  -0.0844618    -9.80084 
               43.36  0.59331 0.275769 -5.53988   199.062   -22.924 -0.071505 0 0 0 0.522     0 1.173   9.90797 -0.754354  -0.15908 -0.000206441  6.72062e-05  0.000618291   0.0288646 -0.00591246  0.00351763 -0.00279249  -0.0845192    -9.80084 
                43.4 0.598465 0.277414 -5.57571     199.44   -22.9753 -0.0691655 0 0 0 0.522     0 1.173   9.84946 -0.764728 -0.157187 -0.000205531  6.21696e-05  0.000641286   0.0289279 -0.00570353  0.00350025 -0.00285837  -0.0846121    -9.80083 
               43.46 0.634224 0.269103 -5.57167   200.146  -23.0569 -0.071467 0 0 0 0.522     0 1.173   9.77565 -0.769482 -0.154366 -0.00022111 6.22454e-05 0.000640734   0.0287927 -0.00557228  0.00349193 -0.0028133  -0.084699   -9.80083 
               43.52 0.671946 0.255335 -5.55288    200.701   -23.0945 -0.0725948 0 0 0 0.522     0 1.173   9.68786 -0.767355 -0.150079 -0.000222012  6.66519e-05  0.000632376   0.0288816 -0.00541022  0.00347642 -0.00288384  -0.0847642    -9.80083 
               43.56 0.709014 0.240281  -5.5433    201.051   -23.1231 -0.0638082 0 0 0 0.522     0 1.173   9.62462 -0.766914 -0.146797 -0.000222592  7.08388e-05  0.000629748   0.0290043 -0.00523505   0.0034415 -0.00297329  -0.0848304    -9.80083 
               43.62 0.712346 0.237083 -5.57202    201.695   -23.1916 -0.0651109 0 0 0 0.522     0 1.173   9.54403 -0.761409 -0.144088 -0.000215066  6.73836e-05  0.000646621   0.0289521 -0.00510888  0.00343183 -0.00296842  -0.0849009    -9.80083 
               43.66 0.756265 0.226497 -5.52412    202.099   -23.2233 -0.0632717 0 0 0 0.522     0 1.173   9.48674 -0.763028 -0.142165 -0.000228498  6.41763e-05  0.000625288   0.0289624 -0.00494586  0.00341702 -0.00300026   -0.084979    -9.80083 
               43.72 0.756714 0.201425 -5.53454    202.756   -23.2767 -0.0620186 0 0 0 0.522     0 1.173   9.40737 -0.759035 -0.140484 -0.000224331  7.00171e-05  0.000633196   0.0288801 -0.00484463  0.00340308 -0.00297663   -0.085042    -9.80083 
               43.76   0.7723 0.186472  -5.5123   203.153  -23.3282 -0.055625 0 0 0 0.522     0 1.173   9.35149 -0.762475 -0.138437 -0.000228558  6.60837e-05  0.000624104  0.0288723  -0.004645 0.00337528 -0.00300565  -0.0851409    -9.80083 
               43.82 0.730008 0.183107 -5.46325    203.829   -23.3739 -0.0584633 0 0 0 0.522     0 1.173   9.27669  -0.75544 -0.136441 -0.000199185  5.71042e-05  0.000594028   0.0287448 -0.00455927  0.00336921 -0.00295748  -0.0852035    -9.80083 
               43.86  0.75096 0.168146 -5.46157    204.196   -23.4274 -0.0557276 0 0 0 0.522     0 1.173   9.21876  -0.75946 -0.134886 -0.000214063  5.74907e-05  0.000595206   0.0287648 -0.00434803   0.0033521 -0.00300171  -0.0853031    -9.80083 
               43.92  0.74336 0.152725 -5.50968    204.859   -23.4862 -0.0535184 0 0 0 0.522     0 1.173   9.14264 -0.755893 -0.133577 -0.000213179  6.31877e-05  0.000630932   0.0286313 -0.00424293  0.00333686 -0.00295398  -0.0853758    -9.80083 
               43.98 0.754756 0.141413 -5.53224  205.383 -23.5482 -0.05049 0 0 0 0.522     0 1.173   9.05468 -0.757646 -0.132963 -0.00022763 6.90139e-05 0.000644906   0.0286798 -0.00403394  0.00331125 -0.00301161  -0.0854694    -9.80083 
               44.02 0.724215 0.149007 -5.48194      205.7   -23.5751 -0.0467874 0 0 0 0.522     0 1.173    8.9898 -0.761117 -0.132772 -0.000221654  6.82872e-05  0.000622851   0.0288007 -0.00385139  0.00329103 -0.00309988  -0.0855383    -9.80083 
               44.08 0.739285 0.149189 -5.45667    206.342   -23.6186 -0.0453927 0 0 0 0.522     0 1.173   8.91076  -0.76091 -0.135009 -0.000235379   6.9055e-05  0.000610126  0.0286939 -0.0037626 0.00327701 -0.0030627 -0.0855984   -9.80083 
               44.12 0.731908 0.160082  -5.4515    206.689   -23.6698 -0.0442093 0 0 0 0.522     0 1.173   8.85048 -0.768998 -0.138112 -0.000240447  7.06757e-05  0.000607997   0.0287367 -0.00354805  0.00326338 -0.00311804   -0.085695    -9.80082 
               44.18 0.707027 0.178018 -5.46073    207.297    -23.703 -0.0428335 0 0 0 0.522     0 1.173   8.76789 -0.768072 -0.143862 -0.000230289  6.75441e-05  0.000613613   0.0286628 -0.00346664  0.00324865 -0.00309569  -0.0857462    -9.80082 
               44.22  0.73009 0.201542 -5.44359     207.66   -23.7485 -0.0406289 0 0 0 0.522     0 1.173   8.70783 -0.774901 -0.147642 -0.000245749  7.01461e-05  0.000605651   0.0286645 -0.00327342  0.00323098 -0.00312772  -0.0858389    -9.80082 
               44.28 0.697012  0.22805   -5.463    208.268   -23.8133 -0.0393196 0 0 0 0.522     0 1.173   8.62426 -0.776023 -0.153473 -0.000226163  6.66429e-05  0.000618515   0.0285676 -0.00315338  0.00321492 -0.00310061  -0.0859122    -9.80082 
               44.32 0.712264 0.248606 -5.47436    208.634   -23.8359 -0.0356058 0 0 0 0.522     0 1.173   8.56493 -0.779408 -0.155938 -0.00023317 7.56914e-05 0.000625474  0.0285467 -0.0030048 0.00319154 -0.00311454  -0.0859868    -9.80082 
               44.38 0.720987 0.287867 -5.44247    209.224   -23.8828 -0.0369617 0 0 0 0.522     0 1.173   8.47791 -0.776531 -0.160226 -0.000236089  6.58073e-05  0.000604839   0.0284581 -0.00290919  0.00317927 -0.0030876 -0.0860467   -9.80082 
               44.42 0.712275 0.309559 -5.46225    209.573   -23.9464 -0.0367302 0 0 0 0.522     0 1.173   8.41403 -0.782451 -0.162944 -0.000228601  7.51638e-05  0.000617427   0.0284376 -0.00267853  0.00316439 -0.00311464  -0.0861602    -9.80082 
               44.48 0.714952 0.334605 -5.41105    210.174   -23.9844 -0.0364736 0 0 0 0.522     0 1.173     8.326 -0.777861 -0.165799 -0.000227152  6.95322e-05  0.000581046   0.0283182 -0.00259469  0.00314832 -0.00307124  -0.0862193    -9.80082 
               44.54 0.733916 0.332285 -5.42914    210.659   -24.0306 -0.0359303 0 0 0 0.522     0 1.173   8.22902 -0.777509 -0.166824 -0.000236641  8.40899e-05  0.000593893   0.0283442 -0.00241989  0.00312239 -0.00311157  -0.0862984    -9.80082 
               44.58 0.758347 0.341831 -5.42112    210.968   -24.0578 -0.0320882 0 0 0 0.522     0 1.173   8.16163 -0.779513 -0.166738 -0.000248003  8.73926e-05  0.000592437   0.0284022 -0.00224775  0.00309606 -0.00316672  -0.0863711    -9.80082 
               44.64 0.735451 0.357892 -5.44141    211.537    -24.118 -0.0342342 0 0 0 0.522     0 1.173   8.07243 -0.774975  -0.16762 -0.000236846  8.08539e-05  0.000605427   0.0283127 -0.00213132  0.00308331 -0.00314281  -0.0864406    -9.80082 
               44.68 0.730729 0.356422 -5.43367   211.879  -24.1403 -0.034031 0 0 0 0.522     0 1.173   8.01078 -0.775688 -0.167692 -0.000238055  8.31978e-05   0.00060462   0.0282955 -0.00197987  0.00306686 -0.00315874  -0.0865151    -9.80082 
               44.74 0.719301 0.361236  -5.3996   212.434  -24.1936 -0.036291 0 0 0 0.522     0 1.173   7.92359  -0.77189 -0.167945 -0.000235713   7.9494e-05  0.000587057   0.0282072 -0.00187221  0.00305424 -0.00313408    -0.08658    -9.80082 
               44.78 0.713985  0.36019 -5.37331    212.755   -24.2351 -0.0329496 0 0 0 0.522     0 1.173   7.86034 -0.777066 -0.167269 -0.000240689   8.1546e-05  0.000576976   0.0282075 -0.00167785  0.00302871 -0.00316504  -0.0866718    -9.80082 
               44.84 0.708254 0.371219 -5.37777    213.312   -24.2711 -0.0325901 0 0 0 0.522     0 1.173   7.77215 -0.775781 -0.167358 -0.000242124  7.60529e-05  0.000583144   0.0281063 -0.00159274  0.00301101 -0.00313093  -0.0867279    -9.80082 
               44.88   0.7185 0.384245 -5.33863    213.633   -24.3146 -0.0320391 0 0 0 0.522     0 1.173    7.7079 -0.780854 -0.166748 -0.000254196  7.45347e-05  0.000565421    0.028086 -0.00139764  0.00299275 -0.00315216  -0.0868229    -9.80081 
               44.94 0.684955 0.402806 -5.31327    214.197    -24.352 -0.0302353 0 0 0 0.522     0 1.173   7.61705 -0.774595 -0.164111 -0.000235152  6.52899e-05  0.000549459    0.027957 -0.00131438   0.0029722 -0.00310484  -0.0868824    -9.80081 
                  45 0.673942 0.387371 -5.35301    214.626   -24.3917 -0.0351509 0 0 0 0.522     0 1.173   7.51626 -0.775042 -0.162861 -0.000238891  8.05112e-05   0.00057278   0.0280062 -0.00114581  0.00296002 -0.00315424  -0.0869537    -9.80081 
               45.04 0.654088 0.396698 -5.31571    214.924    -24.421 -0.0313061 0 0 0 0.522     0 1.173   7.44773 -0.781802  -0.16127 -0.000239052  7.90366e-05  0.000555696    0.0280266 -0.000973675    0.0029329 -0.00319086  -0.0870313    -9.80081 
                45.1 0.636162 0.395578 -5.36151    215.455   -24.4565 -0.0319655 0 0 0 0.522     0 1.173   7.35116 -0.782652 -0.157741 -0.000234548  7.88961e-05  0.000578178     0.027931 -0.000890896   0.00291725 -0.00315924  -0.0870849    -9.80081 
               45.14  0.64244 0.362904 -5.33383    215.759   -24.4931 -0.0315019 0 0 0 0.522     0 1.173   7.28352 -0.788574 -0.154921 -0.000241299    8.972e-05  0.000562715    0.0279187 -0.000713146   0.00289965 -0.00318119  -0.0871698    -9.80081 
                45.2  0.63814 0.344986 -5.34795    216.292   -24.5372 -0.0324444 0 0 0 0.522     0 1.173   7.18966  -0.78741 -0.151968 -0.00023948   9.007e-05 0.000568654    0.0277999 -0.000623072   0.00288519 -0.00313993  -0.0872302    -9.80081 
               45.24 0.65212 0.30289 -5.3167    216.578   -24.5711 -0.0338022 0 0 0 0.522     0 1.173   7.12235 -0.791028 -0.149633 -0.000246307  9.55828e-05  0.000549921    0.0278018 -0.000445806   0.00287343 -0.00316827  -0.0873123    -9.80081 
                45.3 0.657337 0.277922 -5.34971    217.055   -24.6066 -0.0333304 0 0 0 0.522     0 1.173   7.02826 -0.786232  -0.14497 -0.000249176  9.55675e-05  0.000568043   0.0277441 -0.00035593  0.00285712 -0.00315552   -0.087363    -9.80081 
               45.34 0.643754 0.246685 -5.32001    217.372   -24.6363 -0.0320436 0 0 0 0.522     0 1.173   6.96539 -0.790965 -0.142935 -0.000244628   9.2179e-05   0.00054919    0.0276808 -0.000199087   0.00283893 -0.00315048  -0.0874455    -9.80081 
                45.4 0.634236  0.23532 -5.34609   217.892  -24.6842 -0.030436 0 0 0 0.522     0 1.173   6.87539 -0.792442 -0.140538 -0.000240173  8.23016e-05  0.000564896    0.0275455 -0.000106254   0.00282108 -0.00310237  -0.0875093    -9.80081 
               45.44 0.634937 0.196891 -5.32352    218.156   -24.7135 -0.0286504 0 0 0 0.522     0 1.173   6.81013 -0.796297 -0.137506 -0.000240497  8.47319e-05  0.000549936   0.0275541 6.43091e-05   0.0028016 -0.0031326 -0.0875869   -9.80081 
                45.5 0.639452 0.177548 -5.35334    218.642   -24.7521 -0.0262342 0 0 0 0.522     0 1.173   6.71926 -0.791524 -0.133121 -0.000242347  8.45841e-05  0.000570397   0.0274516 0.000151048  0.00278267 -0.00309882  -0.0876427    -9.80081 
               45.56 0.648894 0.181877 -5.33356   219.068  -24.8066 -0.026141 0 0 0 0.522     0 1.173   6.62303 -0.791397 -0.129103 -0.000247925  7.11189e-05  0.000557003   0.0273907 0.000328729    0.002761 -0.00309812  -0.0877338    -9.80081 
                45.6 0.652909 0.176223 -5.31204    219.311    -24.815 -0.0210122 0 0 0 0.522     0 1.173   6.55241 -0.791243 -0.126479   -0.000251 6.92458e-05   0.0005454   0.0274366 0.000466037  0.00273305 -0.00314039  -0.0877901    -9.80081 
               45.66 0.640356 0.177792  -5.3349    219.803   -24.8669 -0.0197051 0 0 0 0.522     0 1.173   6.45626  -0.78655 -0.124357 -0.000246899   6.3905e-05  0.000556287   0.0273103 0.000566241  0.00271674 -0.00309786  -0.0878554    -9.80081 
                45.7  0.64068 0.169909 -5.31867    220.069   -24.8827 -0.0175648 0 0 0 0.522     0 1.173   6.38629  -0.78817 -0.122962 -0.000252997  6.46149e-05  0.000546033   0.0272918 0.000706584  0.00269707 -0.00311084  -0.0879225    -9.80081 
               45.76 0.634976 0.172097 -5.32638    220.532   -24.9357 -0.0158672 0 0 0 0.522     0 1.173   6.28611  -0.78743 -0.122121 -0.000255681   6.0112e-05  0.000548621   0.0271824 0.000811978  0.00268025 -0.00307694  -0.0879874     -9.8008 
                45.8 0.630865 0.167186 -5.32729    220.784    -24.931 -0.0143883 0 0 0 0.522     0 1.173   6.21475 -0.788032 -0.121887 -0.000260238  6.05552e-05  0.000546357   0.0271816 0.000914028   0.0026626 -0.00309216  -0.0880342     -9.8008 
               45.86 0.614921 0.168662 -5.31861    221.259   -24.9853 -0.0120605 0 0 0 0.522     0 1.173   6.11547 -0.786889 -0.122065 -0.000254528  5.54563e-05  0.000538348  0.0270408 0.00101259 0.00264462 -0.00304308  -0.0881004     -9.8008 
                45.9 0.623768 0.161861 -5.33228    221.491   -24.9916 -0.0108678 0 0 0 0.522     0 1.173   6.04292 -0.788279 -0.122573 -0.00026338 5.61336e-05  0.00054264  0.0270534 0.00113527 0.00262743 -0.00306739  -0.0881544     -9.8008 
               45.96 0.623128 0.162158 -5.30587      221.94    -25.0312 -0.00925647 0 0 0 0.522     0 1.173   5.94477 -0.784742 -0.123551 -0.000264683  5.02032e-05  0.000521006  0.0269339 0.00121633 0.00261062 -0.0030255 -0.0882092    -9.8008 
               46.02 0.617767  0.15046 -5.29661     222.313    -25.0776 -0.00745002 0 0 0 0.522     0 1.173   5.84377 -0.784263 -0.123554 -0.000264714  5.23058e-05  0.000512138  0.0268801 0.00137391 0.00258442 -0.00302494  -0.0882889     -9.8008 
               46.06 0.613845 0.151128 -5.28701     222.536    -25.0799 -0.00495144 0 0 0 0.522     0 1.173   5.77332 -0.783996 -0.123564 -0.00026678  5.1215e-05 0.000504958  0.0268977 0.00148683 0.00256311 -0.00304993  -0.0883375     -9.8008 
               46.12 0.590082 0.159786 -5.32855     222.975    -25.1241 -0.00111946 0 0 0 0.522     0 1.173   5.67704  -0.78032 -0.123982 -0.000258953  4.56321e-05  0.000524086  0.0267743 0.00157195 0.00254169 -0.00300713  -0.0883946     -9.8008 
               46.16  0.58944 0.155793  -5.2849      223.208     -25.1385 -0.000252364 0 0 0 0.522     0 1.173   5.60911 -0.782503 -0.124562 -0.000265898  4.88648e-05   0.00050037  0.0267523 0.00169936 0.00252417 -0.0030163 -0.0884554    -9.8008 
               46.22 0.567143 0.165092 -5.30872     223.62   -25.1828 0.00163636 0 0 0 0.522     0 1.173   5.51222 -0.781853 -0.126684 -0.000258911  4.51142e-05   0.00051175  0.0266463 0.00178769 0.00250594 -0.00298187   -0.088511     -9.8008 
               46.26 0.566151 0.180997 -5.29532    223.862   -25.1975 0.00432954 0 0 0 0.522     0 1.173   5.44635 -0.785073 -0.127397 -0.00026416 4.25715e-05 0.000502272  0.0265897 0.00191012  0.0024829 -0.00297479  -0.0885746     -9.8008 
               46.32 0.567108 0.192874 -5.32572    224.289   -25.2289 0.00545487 0 0 0 0.522     0 1.173   5.35171 -0.784764 -0.128605 -0.000267834  4.01445e-05  0.000518992  0.0264472 0.00197434 0.00246559 -0.00292057  -0.0886246     -9.8008 
               46.36 0.566952 0.218613 -5.34136    224.587   -25.2666 0.00743685 0 0 0 0.522     0 1.173   5.29336 -0.790266 -0.128695 -0.000270988   3.3846e-05  0.000524353  0.0262417 0.00211599 0.00244384 -0.00284967  -0.0887185     -9.8008 
               46.42  0.56719 0.223987  -5.3429    224.927   -25.3018 0.00597647 0 0 0 0.522     0 1.173   5.19423 -0.786799  -0.12965 -0.000272137  3.84678e-05  0.000522771   0.026179 0.00220169  0.0024309 -0.00283437  -0.0887661     -9.8008 
               46.46 0.549487  0.24081 -5.33626    225.205   -25.3074 0.00823016 0 0 0 0.522     0 1.173   5.13577 -0.786757 -0.130321 -0.000262848   3.7566e-05  0.000515929  0.0259984 0.00228652 0.00240857 -0.00276644  -0.0888307     -9.8008 
               46.52 0.565982 0.261337 -5.22395    225.527   -25.3253 0.00713047 0 0 0 0.522     0 1.173   5.03702 -0.781642  -0.13225 -0.000275562  3.04481e-05  0.000429541  0.0259469 0.00234675 0.00239489 -0.00275247  -0.0888652     -9.8008 
               46.58 0.541316 0.276519 -5.24861    225.913    -25.381 0.00996651 0 0 0 0.522     0 1.173   4.94746 -0.781673  -0.13278 -0.000264146  2.97254e-05  0.000441176  0.0257252 0.00248773 0.00236303 -0.00267483  -0.0889606     -9.8008 
               46.62 0.535586 0.293329 -5.31416   226.117  -25.3959 0.0127757 0 0 0 0.522     0 1.173   4.88293 -0.782685  -0.13306 -0.000264614  3.00753e-05  0.000469528  0.0256544 0.00260834 0.00233811 -0.0026612 -0.0890247    -9.8008 
               46.68 0.554788 0.305916  -5.2612  226.404 -25.4116 0.012009 0 0 0 0.522     0 1.173   4.78305 -0.774546 -0.135027 -0.000276877  2.93514e-05  0.000439756  0.0256321 0.00267147 0.00232307 -0.00266065   -0.089056     -9.8008 
               46.72 0.569192 0.319641 -5.23863   226.613  -25.4355 0.0123695 0 0 0 0.522     0 1.173   4.71934 -0.773103 -0.136153  -0.0002841  2.9623e-05 0.000424772  0.0255584 0.00280418 0.00230434 -0.00264744  -0.0891255    -9.80079 
               46.78 0.576385 0.321734 -5.25953   226.917  -25.4627 0.0125721 0 0 0 0.522     0 1.173   4.62242 -0.766386 -0.137773 -0.00028695 3.36187e-05 0.000432517  0.0255108 0.00287814 0.00228714 -0.00263726  -0.0891652    -9.80079 
               46.82 0.557841 0.327981 -5.26855   227.177  -25.4834 0.0116452 0 0 0 0.522     0 1.173   4.56553 -0.768092 -0.138056 -0.00027956 3.48157e-05 0.000430733  0.0253325  0.0029887 0.00227163 -0.00257478  -0.0892399    -9.80079 
               46.88 0.557729 0.334143 -5.22381   227.472   -25.517 0.0110283 0 0 0 0.522     0 1.173   4.46965 -0.766154 -0.137925 -0.000283322  3.52762e-05  0.000394879  0.0252778 0.00307062 0.00225576 -0.00256263  -0.0892839    -9.80079 
               46.95 0.575126 0.336874 -5.28268    227.864   -25.5534 0.00491753 0 0 0 0.522     0 1.173   4.36563 -0.762811  -0.13774 -0.000297967  3.80083e-05   0.00041874  0.0250833 0.00316549 0.00224337 -0.00249097  -0.0893536    -9.80079 
               47.04 0.577281 0.338265 -5.29323   228.108  -25.5705 0.0115673 0 0 0 0.522     0 1.173   4.20067 -0.751512  -0.13574 -0.000302595  4.71277e-05  0.000417428  0.0253992 0.00328746 0.00218138 -0.0026474 -0.0893626   -9.80079 
               47.08 0.570647 0.354742 -5.25504   228.216  -25.5582 0.0177763 0 0 0 0.522     0 1.173   4.12157 -0.750513 -0.133754 -0.000305502  4.69741e-05  0.000395285  0.0256376 0.00342573 0.00212982 -0.00277181  -0.0893896    -9.80079 
               47.14   0.5514 0.356198 -5.33584   228.466  -25.5954 0.0166701 0 0 0 0.522     0 1.173   4.02298 -0.745811 -0.133099 -0.000300695  4.82792e-05  0.000434078  0.0256726 0.00351765 0.00211474 -0.00280028  -0.0894248    -9.80079 
               47.18 0.555976 0.354614 -5.29709   228.724  -25.6082 0.0199334 0 0 0 0.522     0 1.173    3.9648 -0.746893 -0.132121 -0.000310915  4.80362e-05  0.000412691  0.0255495 0.00360862 0.00208771 -0.00275983  -0.0894822    -9.80079 
               47.24 0.528042 0.363748 -5.25088   228.989  -25.6346 0.0183149 0 0 0 0.522     0 1.173   3.86794 -0.745209 -0.132158 -0.000302125  4.29168e-05   0.00038492  0.0255483 0.00368131 0.00207359 -0.00276974  -0.0895142    -9.80079 
               47.28 0.523258 0.349912 -5.29886   229.156  -25.6267 0.0194457 0 0 0 0.522     0 1.173   3.80195 -0.745726 -0.131553 -0.000308273  4.98231e-05  0.000408014   0.025589 0.00375634 0.00205235 -0.00279816  -0.0895412    -9.80079 
               47.34 0.508985 0.357161 -5.24355   229.496   -25.673 0.0209972 0 0 0 0.522     0 1.173    3.7135 -0.746928 -0.130685 -0.000305044  4.13104e-05   0.00037257  0.0254779 0.00383286 0.00203247 -0.00276108  -0.0895903    -9.80079 
               47.38 0.494704 0.343936 -5.25632   229.715  -25.6803 0.0236681 0 0 0 0.522     0 1.173   3.65557   -0.7492 -0.129706 -0.000302668  4.31152e-05  0.000377262  0.0253789 0.00391527 0.00200669 -0.00273005  -0.0896402    -9.80079 
               47.44 0.501583 0.345824 -5.26496   229.961  -25.7051 0.0202321 0 0 0 0.522     0 1.173   3.56298 -0.747298 -0.129784 -0.000309583  3.78051e-05  0.000380852  0.0253636 0.00398075 0.00199576 -0.00273276  -0.0896707    -9.80079 
               47.48 0.498874 0.336328 -5.26365   230.099  -25.7182 0.0215188 0 0 0 0.522     0 1.173    3.4979 -0.749356 -0.129306 -0.00030818 3.88013e-05 0.000377617  0.0254088 0.00409589 0.00197381 -0.00276854  -0.0897142    -9.80079 
               47.54 0.501276 0.344249 -5.21959   230.362  -25.7415 0.0199216 0 0 0 0.522     0 1.173   3.40773 -0.745439 -0.128638 -0.000307877  2.77095e-05   0.00034288  0.0253695 0.00415505 0.00195976 -0.00276004  -0.0897453    -9.80079 
                47.6 0.509718 0.338773 -5.20523   230.566  -25.7657 0.0200136 0 0 0 0.522     0 1.173   3.31275 -0.740932 -0.126796 -0.000311578   2.6627e-05  0.000331552  0.0254147 0.00426179 0.00193429 -0.00279454  -0.0897851    -9.80079 
               47.64 0.506499 0.331144 -5.22973   230.712  -25.7643 0.0224877 0 0 0 0.522     0 1.173   3.24959 -0.737487 -0.124957 -0.00031115 2.71673e-05 0.000340409  0.0254523 0.00434509 0.00190941 -0.00282245  -0.0898159    -9.80079 
                47.7 0.506749 0.325429  -5.2346   230.988  -25.7921 0.0200651 0 0 0 0.522     0 1.173   3.16257 -0.729463  -0.12339 -0.000314016  2.63337e-05  0.000341907  0.0253861 0.00440307 0.00189708 -0.00280227    -0.08985    -9.80079 
               47.74 0.496861 0.318039 -5.21802    231.16  -25.7965 0.0243293 0 0 0 0.522     0 1.173    3.1047 -0.727687 -0.121704 -0.000315596  2.52176e-05  0.000333609  0.0253512 0.00448371 0.00186768 -0.00279877  -0.0898896    -9.80079 
                47.8 0.483741 0.312046 -5.24187   231.405  -25.8391 0.0228154 0 0 0 0.522     0 1.173   3.01816 -0.725429 -0.121125 -0.000315965  2.46688e-05  0.000347871  0.0253017 0.00456517 0.00185377 -0.00278903  -0.0899313    -9.80079 
               47.84 0.452781 0.300348 -5.22759   231.565  -25.8383 0.0262092 0 0 0 0.522     0 1.173      2.96 -0.726375  -0.12045 -0.000312645  2.53604e-05  0.000340101  0.0252713 0.00464036 0.00182665 -0.00278664  -0.0899679    -9.80079 
                47.9  0.42908 0.289672 -5.26222  231.821  -25.868 0.024776 0 0 0 0.522     0 1.173   2.87543 -0.727832 -0.119517 -0.000309052  2.74686e-05  0.000361872  0.0251948 0.00470133 0.00181267 -0.00276262  -0.0900045    -9.80079 
               47.94 0.426301 0.281377 -5.24502  231.986 -25.8784  0.02647 0 0 0 0.522     0 1.173    2.8193 -0.733136 -0.118084 -0.000320833  2.56904e-05  0.000351067  0.0251261 0.00479131    0.00179 -0.00274602  -0.0900523    -9.80079 
                  48 0.415602   0.2737 -5.20986  232.177 -25.9048 0.023594 0 0 0 0.522     0 1.173   2.73233 -0.735896 -0.116576 -0.00032063 2.61533e-05  0.00032466  0.0251145 0.00485915 0.00177892 -0.00275044  -0.0900827    -9.80079 
               48.06 0.407306 0.265549 -5.20091   232.38 -25.9095 0.024007 0 0 0 0.522     0 1.173   2.64796  -0.73643 -0.114453 -0.000319676  2.42017e-05  0.000317703  0.0250774 0.00491339 0.00175421 -0.00274236  -0.0901111    -9.80079 
                48.1 0.407608 0.259479 -5.20811    232.49  -25.9015 0.0276739 0 0 0 0.522     0 1.173   2.58864 -0.736319 -0.113188 -0.000320008  2.21809e-05  0.000319163  0.0251116 0.00497702 0.00172706 -0.00276566  -0.0901336    -9.80079 
               48.16 0.399642 0.248119 -5.25512   232.658  -25.9305 0.0272856 0 0 0 0.522     0 1.173    2.5048 -0.733876  -0.11249 -0.000314763  2.44613e-05  0.000341927  0.0251252 0.00504512  0.0017119 -0.00278073  -0.0901607    -9.80078 
                48.2 0.416828 0.239429 -5.25946   232.808  -25.9294 0.0286461 0 0 0 0.522     0 1.173   2.45131 -0.733594 -0.111791 -0.000319505  2.22317e-05  0.000342573  0.0250879 0.00510741 0.00169075 -0.00277367  -0.0901921    -9.80078 
               48.26 0.406134  0.23028 -5.22711   232.978  -25.9547 0.0275351 0 0 0 0.522     0 1.173   2.36734 -0.729343 -0.111645 -0.000310906  2.26872e-05  0.000323175  0.0250926 0.00516839 0.00167701 -0.00278397  -0.0902173    -9.80078 
                48.3 0.407506 0.227967 -5.19829    233.11  -25.9647 0.0291662 0 0 0 0.522     0 1.173   2.31391  -0.72896 -0.111206 -0.000309477  1.80637e-05  0.000307099  0.0250794 0.00525648 0.00165515 -0.00279049  -0.0902563    -9.80078 
               48.36 0.412078 0.216002 -5.22185  233.288 -25.9829 0.026919 0 0 0 0.522     0 1.173   2.23386 -0.723882 -0.111297 -0.00031145 2.06763e-05 0.000320616  0.0250692 0.00530729 0.00164353 -0.00279311   -0.090279    -9.80078 
                48.4 0.411541 0.206822   -5.178   233.438  -25.9886 0.0309532 0 0 0 0.522     0 1.173   2.18194 -0.723229 -0.110187 -0.000311726  1.84141e-05  0.000295464  0.0250128 0.00537997 0.00161542 -0.00277952  -0.0903173    -9.80078 
               48.46  0.39683 0.199125 -5.21949   233.589  -26.0074 0.0293661 0 0 0 0.522     0 1.173   2.10225 -0.719257 -0.109285 -0.000303679  1.94785e-05  0.000322126  0.0250235 0.00543499 0.00160264 -0.00279144   -0.090339    -9.80078 
                48.5 0.402168 0.190191 -5.20791   233.733  -26.0065 0.0324979 0 0 0 0.522     0 1.173   2.05288 -0.718634 -0.108153 -0.000310017  1.70052e-05  0.000313714  0.0249694 0.00549383 0.00157701 -0.00277698   -0.090371    -9.80078 
               48.56 0.387527 0.184628 -5.20538   233.925  -26.0277 0.0310291 0 0 0 0.522     0 1.173   1.97658 -0.715701 -0.107471 -0.00030234 1.35297e-05  0.00030988  0.0249166 0.00554003 0.00156413 -0.0027613 -0.0903974   -9.80078 
               48.62 0.377693 0.170577 -5.20906   234.085  -26.0479 0.0316049 0 0 0 0.522     0 1.173   1.90103 -0.716043 -0.105973 -0.000300395     1.36e-05  0.000309539  0.0248813 0.00561454 0.00153965 -0.00275675  -0.0904333    -9.80078 
               48.66 0.366709 0.162616 -5.16042   234.151  -26.0341 0.0343322 0 0 0 0.522     0 1.173   1.84589 -0.715543 -0.105087 -0.000297432  1.20277e-05   0.00028543  0.0249586 0.00566673 0.00151537 -0.0027958  -0.090445   -9.80078 
               48.72 0.359456 0.146498 -5.21634   234.322  -26.0741 0.0339665 0 0 0 0.522     0 1.173   1.77119 -0.715218  -0.10503 -0.000295625  1.47665e-05  0.000314097  0.0249191 0.00573744 0.00150058 -0.00278892  -0.0904796    -9.80078 
               48.76 0.353759 0.130709 -5.13532    234.46  -26.0683 0.0359931 0 0 0 0.522     0 1.173    1.7247 -0.714891 -0.104181 -0.000294131   1.4031e-05  0.000272366  0.0248494 0.00578299 0.00147796 -0.00276633  -0.0905079    -9.80078 
               48.82 0.337288 0.125291 -5.22872   234.606  -26.0867 0.0359546 0 0 0 0.522     0 1.173   1.65424 -0.711981 -0.103242 -0.000285288  1.22521e-05   0.00032629  0.0248276 0.00582937 0.00146279 -0.00276358  -0.0905301    -9.80078 
               48.86 0.332985 0.111161 -5.14389    234.73    -26.09 0.0384078 0 0 0 0.522     0 1.173   1.60968 -0.713125 -0.102152 -0.000283717  1.13126e-05  0.000280033  0.0247663 0.00589169 0.00143899 -0.00274673  -0.0905641    -9.80078 
               48.92   0.34167 0.0965747  -5.17998  234.862 -26.1059 0.035026 0 0 0 0.522     0 1.173   1.53715 -0.711098 -0.101854 -0.000289478  1.49233e-05  0.000301788   0.024752 0.00593555 0.00142987 -0.00274665   -0.090584    -9.80078 
               48.96    0.3335 0.0854385  -5.11381   234.967  -26.1155 0.0386585 0 0 0 0.522     0 1.173   1.49074 -0.713025 -0.100771 -0.000285058  1.48193e-05  0.000263205  0.0247137 0.00601403 0.00140329 -0.00274141  -0.0906215    -9.80078 
               49.02  0.332882 0.0906479  -5.18088    235.11  -26.1381 0.0386913 0 0 0 0.522     0 1.173    1.42502  -0.712824 -0.0998467 -0.000284355  6.97852e-06  0.000309358  0.0246752 0.00606439 0.00138826 -0.00273235  -0.0906473    -9.80078 
               49.08  0.328237 0.0795373  -5.16319   235.233   -26.138 0.0381909 0 0 0 0.522     0 1.173   1.35868 -0.709541 -0.099317 -0.000280847  7.11523e-06  0.000296957   0.024651 0.00609932 0.00136747 -0.00272718   -0.090665    -9.80078 
               49.12 0.330196 0.070708 -5.13331   235.292  -26.1318 0.0394218 0 0 0 0.522     0 1.173    1.30895  -0.708091 -0.0991731 -0.000281735  6.62462e-06  0.000281541   0.024697 0.00615669 0.00134741 -0.00275347  -0.0906827    -9.80078 
               49.18  0.332652 0.0627768  -5.14081   235.435  -26.1426 0.0377125 0 0 0 0.522     0 1.173     1.2423  -0.704636 -0.0990123 -0.00028307 7.07952e-06 0.000283908   0.024653 0.00618542  0.0013357 -0.00273936  -0.0907002    -9.80078 
               49.22  0.323908 0.0476983  -5.14976  235.541 -26.1643 0.041294 0 0 0 0.522     0 1.173    1.20145  -0.706773 -0.0976819 -0.000279874  1.02019e-05  0.000286112   0.024591 0.00627851 0.00130933 -0.00272635  -0.0907463    -9.80078 
               49.28  0.322756 0.0397809  -5.15399   235.657   -26.177 0.0408444 0 0 0 0.522     0 1.173    1.13897  -0.704182 -0.0970018 -0.000279486  1.10684e-05  0.000286937  0.0245665 0.00631605 0.00129546 -0.00272134  -0.0907649    -9.80078 
               49.32  0.316749 0.0356529  -5.20702   235.724  -26.1728 0.0428352 0 0 0 0.522     0 1.173    1.09415  -0.703962 -0.0963224 -0.000276999  7.55088e-06  0.000311628  0.0245782 0.00637301 0.00127352 -0.00273352  -0.0907867    -9.80078 
               49.38  0.333128 0.0387665  -5.19846    235.86  -26.1745 0.0407287 0 0 0 0.522     0 1.173    1.03088  -0.700094 -0.0965229 -0.000287239   5.2442e-07   0.00030466  0.0245263 0.00638868 0.00126273 -0.00271468  -0.0907998    -9.80078 
               49.42 0.319093 0.027927 -5.17124   235.939  -26.1801 0.0431142 0 0 0 0.522     0 1.173   0.989347  -0.700807 -0.0959906 -0.000280317  2.60214e-06  0.000287919  0.0244994 0.00645293 0.00123979 -0.00271217  -0.0908294    -9.80078 
               49.48  0.327538 0.0211753  -5.13138   236.033  -26.1972 0.0411631 0 0 0 0.522     0 1.173   0.930469  -0.699464 -0.0955959 -0.000286341  4.36569e-06  0.000258774  0.0244882 0.00649461 0.00122872 -0.00271305  -0.0908477    -9.80078 
               49.52   0.312663 0.00582479   -5.14603   236.136  -26.2105 0.0432412 0 0 0 0.522     0 1.173   0.895624   -0.70094 -0.0950703 -0.000278677  6.70857e-06  0.000264824  0.0244091 0.00656926 0.00120666 -0.00269087   -0.090888    -9.80078 
               49.58   0.330741 -0.0050575   -5.13213   236.229  -26.2155 0.0419627 0 0 0 0.522     0 1.173    0.83553  -0.697465 -0.0959023 -0.000291979  8.20505e-06  0.000252748  0.0243895 0.00659612  0.0011946 -0.00268649  -0.0909014    -9.80078 
               49.64   0.319193 -0.0128556   -5.10823    236.32  -26.2216 0.0428812 0 0 0 0.522     0 1.173   0.774442  -0.695111 -0.0958348  -0.0002852 6.66717e-06 0.000236986  0.0243611 0.00663632 0.00117079 -0.0026804 -0.0909214   -9.80078 
               49.68    0.334443 -0.00820783    -5.12553     236.4  -26.2167 0.0456601 0 0 0 0.522     0 1.173   0.736392  -0.694702 -0.0949328 -0.000292735  2.54447e-06   0.00024367   0.024318 0.00667745 0.00114694 -0.00266853  -0.0909436    -9.80078 
               49.74    0.327512 -0.00528421    -5.11915   236.468  -26.2275 0.0449861 0 0 0 0.522     0 1.173   0.679973  -0.692381 -0.0940036 -0.000289694  8.29842e-07  0.000239211  0.0243197 0.00671128 0.00113369 -0.00267356   -0.090957    -9.80078 
               49.78  0.334487 -0.018276  -5.11132   236.543  -26.2318 0.0449739 0 0 0 0.522     0 1.173   0.647542  -0.693542 -0.0930096 -0.000295012  5.18234e-06  0.000233747  0.0242814 0.00676973 0.00111713 -0.00266571  -0.0909853    -9.80078 
               49.84   0.290622 -0.0208883   -5.17427   236.615  -26.2542 0.0469764 0 0 0 0.522     0 1.173   0.595729  -0.692373 -0.0924019 -0.000270914  3.53212e-06  0.000269852  0.0242738 0.00681874  0.0010994 -0.00266893   -0.091006    -9.80078 
               49.88  0.300166 -0.035691  -5.13148   236.704  -26.2476 0.0483685 0 0 0 0.522     0 1.173   0.561445  -0.692406 -0.0920642 -0.00027815 4.69197e-06 0.000246137  0.0242058 0.00685395 0.00107925 -0.00264649  -0.0910287    -9.80078 
               49.94    0.29157 -0.0348522   -5.12927   236.807  -26.2683 0.0490433 0 0 0 0.522     0 1.173   0.506978  -0.690501 -0.0922309 -0.000274621  1.05326e-06  0.000243492  0.0241477 0.00689299 0.00106376 -0.00262844  -0.0910516    -9.80078 
               49.98   0.287323 -0.0355917   -5.12767   236.845  -26.2567 0.0506906 0 0 0 0.522     0 1.173   0.468914  -0.689399 -0.0917402 -0.000274803  2.33573e-06  0.000241147   0.024162 0.00693188  0.0010429 -0.00263905  -0.0910655    -9.80078 
               50.04   0.311988 -0.0203817   -5.13345   236.92 -26.2708  0.04631 0 0 0 0.522     0 1.173   0.418256  -0.688203 -0.0914756 -0.000294546 -7.78916e-06  0.000244148  0.0241353  0.0069662 0.00103629 -0.00263284  -0.0910823    -9.80078 
                50.1   0.279358 -0.0323866   -5.17477  237.008 -26.2847 0.049659 0 0 0 0.522     0 1.173   0.374863  -0.688564 -0.0899472 -0.000278186 -2.62871e-06  0.000266273  0.0240642 0.00701302 0.00100655 -0.00261083  -0.0911099    -9.80078 
               50.14   0.279834 -0.0485158   -5.15916   237.066  -26.2909 0.0494198 0 0 0 0.522     0 1.173   0.349256  -0.690119 -0.0888842 -0.000280498  6.69856e-07  0.000257981   0.0240258  0.00707747 0.000990699 -0.00260372  -0.0911402    -9.80078 
                50.2   0.300071 -0.0601749   -5.09751   237.138  -26.2919 0.0484376 0 0 0 0.522     0 1.173   0.307577  -0.687832 -0.0888275 -0.000291905  1.28325e-06  0.000225565   0.0239934  0.00709496 0.000978618 -0.00259326  -0.0911511    -9.80078 
               50.24   0.283183 -0.0724156   -5.18355   237.211   -26.301 0.0514247 0 0 0 0.522     0 1.173   0.277583  -0.689888 -0.0890098 -0.000285651  5.81313e-08  0.000265547    0.023918  0.00715906 0.000954648 -0.0025717 -0.0911857   -9.80078 
                50.3   0.277238 -0.0583991   -5.14603    237.25  -26.3053 0.0516665 0 0 0 0.522     0 1.173   0.225314  -0.688122 -0.0895307 -0.000283251 -9.24201e-06  0.000243581    0.023919  0.00718629 0.000940291 -0.00257555  -0.0911965    -9.80078 
               50.34   0.273603 -0.0529243   -5.13173   237.321  -26.3077 0.0527425 0 0 0 0.522     0 1.173   0.195091  -0.689197 -0.0889264 -0.000283013 -1.07768e-05  0.000235276   0.0238441  0.00723732 0.000921013 -0.00255268  -0.0912257    -9.80078 
                50.4   0.281441 -0.0502585   -5.12764   237.378  -26.3218 0.0521192 0 0 0 0.522     0 1.173   0.148557  -0.687522 -0.0882724 -0.000289138  -1.0205e-05  0.000231909   0.0238146  0.00727276 0.000908068 -0.00254556  -0.0912433    -9.80077 
               50.44  0.277733 -0.045835   -5.1379   237.412  -26.3093 0.0515973 0 0 0 0.522     0 1.173    0.11991  -0.687357 -0.0875693 -0.000288543 -1.12883e-05   0.00023639  0.0238075 0.00730663 0.00089328 -0.00254702  -0.0912575    -9.80077 
                50.5   0.276066 -0.0582367   -5.14955   237.491  -26.3373 0.0525287 0 0 0 0.522     0 1.173  0.0857248  -0.688389 -0.0868122 -0.000288943 -5.67125e-06  0.000243416   0.0237433  0.00735436 0.000877798 -0.00252794  -0.0912839    -9.80077 
               50.54  0.260322 -0.078126  -5.15563   237.524  -26.3262 0.0513635 0 0 0 0.522     0 1.173  0.0647534  -0.689578 -0.0860898 -0.000281622 -9.74954e-07  0.000245708   0.0237306  0.00739238 0.000864853 -0.00252766  -0.0913004    -9.80077 
                50.6   0.264748 -0.0885095   -5.12177   237.571  -26.3371 0.0518464 0 0 0 0.522     0 1.173  0.0337942  -0.690794 -0.0860789 -0.000286187 -2.00522e-06  0.000219466   0.0237059  0.00742427 0.000850511 -0.00252204  -0.0913158    -9.80077 
               50.66  0.263005 -0.109939   -5.1522    237.63  -26.3472 0.0514399 0 0 0 0.522     0 1.173 -0.00136438   -0.691634  -0.0869378 -0.000286283 -8.06893e-07  0.000236171   0.0236433  0.00746652 0.000831283 -0.00250305  -0.0913399    -9.80077 
                50.7    0.2606 -0.104944   -5.1394  237.689 -26.3343 0.054274 0 0 0 0.522     0 1.173 -0.0276077  -0.691885 -0.0869365 -0.000285544 -8.20741e-06   0.00022952   0.0235762  0.00748859 0.000808116 -0.00248005  -0.0913567    -9.80077 
               50.76   0.258713 -0.0775992   -5.16622   237.734  -26.3579 0.0551646 0 0 0 0.522     0 1.173 -0.0732384  -0.691621 -0.0870975  -0.00028494 -2.11608e-05  0.000243454   0.0235406  0.00753369 0.000792703 -0.00247189  -0.0913785    -9.80077 
                50.8   0.284108 -0.0585469   -5.10297   237.783  -26.3552 0.0538541 0 0 0 0.522     0 1.173 -0.101109 -0.692101 -0.086603 -0.000297499 -2.43428e-05  0.000211658   0.0234807  0.00757884 0.000779784 -0.00245434   -0.091403    -9.80077 
               50.86    0.27238 -0.0572955   -5.14019   237.815   -26.351 0.0531862 0 0 0 0.522     0 1.173  -0.142812  -0.689846 -0.0855895  -0.00029006 -1.95297e-05  0.000233226   0.0234601   0.0075918 0.000767332 -0.00244805  -0.0914106    -9.80077 
                50.9   0.284864 -0.0488339   -5.12736   237.857  -26.3558 0.0534164 0 0 0 0.522     0 1.173  -0.166045  -0.691718 -0.0846069 -0.000296656 -2.05168e-05  0.000225793    0.023407  0.00764935 0.000750798 -0.00243466   -0.091439    -9.80077 
               50.96   0.288638 -0.0569514   -5.13045   237.903  -26.3561 0.0535604 0 0 0 0.522     0 1.173  -0.197556  -0.690255 -0.0836182 -0.000298736 -1.62335e-05  0.000227211    0.023364  0.00766343 0.000737197 -0.00241996  -0.0914497    -9.80077 
                  51   0.269789 -0.0825407   -5.17072    237.94  -26.3704 0.0540121 0 0 0 0.522     0 1.173  -0.214088  -0.693418 -0.0825551  -0.00028901 -8.01157e-06  0.000248283   0.0233101  0.00774034 0.000720218 -0.0024085 -0.0914855   -9.80077 
               51.06   0.260669 -0.0962626   -5.15668   237.977  -26.3576 0.0542777 0 0 0 0.522     0 1.173  -0.235377  -0.691945 -0.0816178 -0.000282042 -6.13602e-06  0.000237576    0.023277  0.00773967 0.000706736 -0.00239593  -0.0914894    -9.80077 
               51.12  0.263223 -0.118402  -5.13505   237.981  -26.3794 0.0523433 0 0 0 0.522     0 1.173  -0.255127  -0.695128 -0.0814808 -0.000284149 -4.04683e-06  0.000224282   0.0232784  0.00780987 0.000692066 -0.00240476   -0.091516    -9.80077 
               51.16 0.259351  -0.1422 -5.18993   238.051  -26.3701 0.0548132 0 0 0 0.522     0 1.173  -0.260205  -0.697606 -0.0809672 -0.000282408 -3.38202e-06  0.000248299   0.0231725  0.00783223 0.000670555 -0.00236737  -0.0915371    -9.80077 
               51.22  0.259464 -0.143754  -5.19159    238.08  -26.3889 0.0550049 0 0 0 0.522     0 1.173   -0.27775  -0.699256 -0.0812115 -0.000282799 -8.92164e-06  0.000248627  0.0231388 0.00787067 0.00065717 -0.00235921  -0.0915557    -9.80077 
               51.26  0.254279 -0.142274  -5.19786   238.118  -26.3831 0.0556429 0 0 0 0.522     0 1.173 -0.294681 -0.700358 -0.081787 -0.000280518  -1.6157e-05  0.000250953   0.0230845  0.00790868 0.000640144 -0.00234325  -0.0915766    -9.80077 
               51.32  0.255156 -0.117717  -5.15023   238.146  -26.3859 0.0562244 0 0 0 0.522     0 1.173  -0.332216  -0.699198 -0.0830228 -0.000281039 -2.98531e-05  0.000223593   0.0230522  0.00792685 0.000626024 -0.00233335  -0.0915874    -9.80077 
               51.36   0.252253 -0.0761274   -5.20029   238.178  -26.3853 0.0569913 0 0 0 0.522     0 1.173  -0.359201  -0.699863 -0.0829815 -0.000279831 -4.17146e-05  0.000248375   0.0230047  0.00797428 0.000608284 -0.00232113  -0.0916109    -9.80077 
               51.42   0.261856 -0.0617242   -5.14648    238.21  -26.4006 0.0565035 0 0 0 0.522     0 1.173  -0.400673  -0.698627 -0.0826517 -0.000285993 -4.01952e-05  0.000214324   0.0229597  0.00800721 0.000595704 -0.00230809  -0.0916286    -9.80077 
               51.46   0.271866 -0.0352596    -5.1412   238.225   -26.378 0.0546865 0 0 0 0.522     0 1.173  -0.427502  -0.697314 -0.0816923 -0.000290994 -4.13163e-05  0.000211004   0.0229443  0.00801804 0.000584852 -0.00230366  -0.0916345    -9.80077 
               51.52  0.261942 -0.050542  -5.16705   238.262  -26.4102 0.0562079 0 0 0 0.522     0 1.173  -0.462189   -0.69833 -0.0794801 -0.000284705 -2.46644e-05   0.00022809   0.0228862  0.00807045 0.000569056 -0.00228793   -0.091661    -9.80077 
               51.59   0.259016 -0.0612459   -5.18057   238.257  -26.4221 0.0537335 0 0 0 0.522     0 1.173  -0.492908  -0.697379 -0.0775825 -0.000283328 -1.70347e-05  0.000234956   0.0228717  0.00811117 0.000554113 -0.00228724  -0.0916781    -9.80077 
               51.68   0.261163 -0.0776907   -5.17195   238.327  -26.3924 0.0587259 0 0 0 0.522     0 1.173  -0.513788  -0.690698 -0.0745269 -0.000282555 -2.02534e-05  0.000230357   0.0226977  0.00801415 0.000511584 -0.00221176  -0.0916623    -9.80077 
               51.72   0.255013 -0.0983146   -5.13346   238.358  -26.3747 0.0612444 0 0 0 0.522     0 1.173  -0.520361  -0.691571 -0.0730925 -0.000279636 -2.53873e-05   0.00021314   0.0226122   0.0080249 0.000479844 -0.00218152  -0.0916765    -9.80077 
               51.78  0.256751 -0.107183  -5.13582   238.367   -26.375 0.0608265 0 0 0 0.522     0 1.173 -0.532726 -0.691898 -0.072896 -0.000280399 -2.81549e-05  0.000214046  0.0225881 0.00803477 0.00046813 -0.00217379   -0.091683    -9.80077 
               51.82  0.251659 -0.117973  -5.13898    238.39  -26.3687 0.0630422 0 0 0 0.522     0 1.173  -0.537789  -0.693382 -0.0722517 -0.000277816  -3.2436e-05  0.000215076   0.0225435   0.0080603 0.000447549 -0.00216033  -0.0916977    -9.80077 
               51.88  0.253012 -0.132051  -5.12595   238.401  -26.3955 0.0608493 0 0 0 0.522     0 1.173  -0.546019  -0.695777 -0.0722969 -0.000278917 -3.04641e-05  0.000206821    0.022513  0.00810322 0.000438699 -0.00215392  -0.0917171    -9.80077 
               51.92  0.252057 -0.144603  -5.12674   238.449  -26.3878 0.0625117 0 0 0 0.522     0 1.173   -0.54652  -0.697584 -0.0720363 -0.000278248 -3.13497e-05  0.000206705   0.0224213   0.0081248 0.000419678 -0.0021227 -0.0917356   -9.80077 
               51.98  0.251509 -0.149955  -5.18596   238.442  -26.4047 0.0606001 0 0 0 0.522     0 1.173   -0.55369  -0.700064 -0.0724138 -0.000277875 -3.14131e-05  0.000245018   0.0224112  0.00816085 0.000410501 -0.00212308  -0.0917501    -9.80077 
               52.02  0.248624 -0.150572  -5.13096   238.484  -26.3737 0.0623324 0 0 0 0.522     0 1.173  -0.554423   -0.69974 -0.0722963 -0.000275487 -3.55098e-05  0.000214396   0.0223383  0.00813906 0.000391591 -0.00209403  -0.0917505    -9.80077 
               52.08  0.242851 -0.146681  -5.13432   238.488  -26.3991 0.0622006 0 0 0 0.522     0 1.173 -0.559235 -0.702063 -0.072582 -0.000271525 -4.04668e-05  0.000216295   0.0223136  0.00818052 0.000379354 -0.0020897 -0.0917686   -9.80077 
               52.14  0.239831 -0.142942   -5.1601    238.49  -26.3909 0.0609804 0 0 0 0.522     0 1.173  -0.562826   -0.70256 -0.0719788 -0.000269248 -4.43581e-05  0.000230535   0.0222939   0.0081821 0.000364045 -0.00208281  -0.0917716    -9.80077 
               52.18  0.252545 -0.152916  -5.16193   238.531  -26.3957 0.0622914 0 0 0 0.522     0 1.173  -0.561752  -0.705575 -0.0712265 -0.000275292 -4.20347e-05  0.000230804   0.0222148   0.0082239 0.000345899 -0.00205866  -0.0917958    -9.80077 
               52.24  0.242566 -0.149389  -5.15446   238.528  -26.3974 0.0608356 0 0 0 0.522     0 1.173  -0.565434  -0.706105 -0.0707608 -0.000270085 -4.45395e-05  0.000226625   0.0222046  0.00823721 0.000336173 -0.0020565 -0.0918019   -9.80077 
               52.28  0.250538 -0.153529  -5.17886   238.578  -26.3786 0.0614028 0 0 0 0.522     0 1.173  -0.570772  -0.705815 -0.0704767  -0.00027344 -4.43379e-05  0.000237825   0.0221157  0.00823077 0.000320335 -0.00202355  -0.0918095    -9.80077 
               52.34  0.249633 -0.142197  -5.14227   238.572  -26.4064 0.0595665 0 0 0 0.522     0 1.173  -0.603694  -0.705762 -0.0714997  -0.00027337 -4.81899e-05  0.000216625   0.0221035   0.0082748 0.000311279 -0.00202405  -0.0918269    -9.80077 
               52.38  0.267468 -0.131204  -5.13169   238.614  -26.3911 0.0590969 0 0 0 0.522     0 1.173  -0.627948  -0.704405 -0.0716488 -0.000282085 -4.25293e-05  0.000210823   0.0220221  0.00827912 0.000298187 -0.00199507  -0.0918375    -9.80077 
               52.44   0.269972 -0.0974429   -5.13831   238.621   -26.388 0.0588045 0 0 0 0.522     0 1.173  -0.672557   -0.70035 -0.0709584 -0.000283337  -4.8492e-05  0.000214662   0.0219939  0.00828149 0.000286837 -0.00198524  -0.0918416    -9.80077 
               52.48   0.288753 -0.0658402   -5.14161   238.643  -26.3857 0.0586141 0 0 0 0.522     0 1.173  -0.700106  -0.700477 -0.0696749 -0.000293452 -4.61072e-05  0.000215959   0.0219391  0.00831013 0.000273136 -0.00196866   -0.091858    -9.80077 
               52.54   0.270772 -0.0599625   -5.15372   238.663  -26.4106 0.0598959 0 0 0 0.522     0 1.173  -0.738636  -0.702126 -0.0674985 -0.000281331  -3.8413e-05  0.000223807  0.0218796 0.00834513 0.00025921 -0.00195107  -0.0918773    -9.80077 
               52.58   0.260249 -0.0509293   -5.19008  238.663 -26.3923 0.061345 0 0 0 0.522     0 1.173 -0.761333 -0.701927 -0.065591 -0.000275102 -3.66699e-05  0.000243686   0.0218605   0.0083537 0.000241668 -0.00194528  -0.0918827    -9.80077 
               52.64   0.248324 -0.0514877   -5.18631  238.656 -26.4073 0.061655 0 0 0 0.522     0 1.173  -0.788997  -0.701605 -0.0641551 -0.000266257 -3.78685e-05  0.000240325   0.0218358  0.00838122 0.000229633 -0.00193948  -0.0918955    -9.80077 
                52.7   0.248958 -0.0651499   -5.18305   238.644  -26.4179 0.0622275 0 0 0 0.522     0 1.173  -0.810195  -0.702595 -0.0629457   -0.0002668 -3.85753e-05  0.000237763   0.0218083  0.00841711 0.000211108 -0.00193361  -0.0919115    -9.80077 
               52.74   0.248255 -0.0816754   -5.18606   238.672  -26.3961 0.0646831 0 0 0 0.522     0 1.173  -0.817738  -0.702351 -0.0621291 -0.000266046 -4.18035e-05  0.000238724   0.0217406  0.00841093 0.000191217 -0.00190893  -0.0919168    -9.80077 
                52.8  0.252586 -0.102175  -5.16237   238.681  -26.4093 0.0631757 0 0 0 0.522     0 1.173  -0.828161  -0.703392 -0.0623753 -0.000268442 -3.99771e-05  0.000225542   0.0216926  0.00843147 0.000182363 -0.00189402  -0.0919294    -9.80077 
               52.84  0.243236 -0.116792  -5.14972   238.704  -26.3957 0.0651392 0 0 0 0.522     0 1.173  -0.831195  -0.704434 -0.0623268  -0.00026353 -4.47966e-05  0.000218851    0.021625  0.00843939 0.000163675 -0.00187097  -0.0919397    -9.80077 
                52.9  0.242257 -0.125691  -5.18283  238.677 -26.4101 0.063534 0 0 0 0.522     0 1.173  -0.839032  -0.706084 -0.0629874 -0.000262938 -4.69478e-05  0.000238139   0.0216183  0.00846777 0.000154927 -0.00187168  -0.0919506    -9.80077 
               52.94  0.240603 -0.133434  -5.14985   238.701  -26.4038 0.0647131 0 0 0 0.522     0 1.173  -0.840123  -0.708007 -0.0628654 -0.000261953 -5.15849e-05  0.000220455    0.021552  0.00849039 0.000138101 -0.00185067  -0.0919659    -9.80077 
                  53  0.245106 -0.144977  -5.14788   238.711  -26.3995 0.0634969 0 0 0 0.522     0 1.173  -0.843308  -0.708943 -0.0632864 -0.000264428 -4.92735e-05  0.000218772   0.0215023  0.00848862 0.000128824 -0.00183295  -0.0919707    -9.80077 
               53.04  0.242241 -0.144129   -5.1433   238.712   -26.401 0.0638785 0 0 0 0.522     0 1.173  -0.845551  -0.711677 -0.0631466 -0.000262959  -5.3837e-05  0.000215716   0.0214721   0.0085291 0.000113958 -0.00182667  -0.0919884    -9.80077 
                53.1  0.244174 -0.144707   -5.1337    238.72  -26.4072 0.0632611 0 0 0 0.522     0 1.173  -0.847982  -0.713196 -0.0633502 -0.000264102 -5.61992e-05  0.000208418   0.0214236  0.00854095 0.000103668 -0.00181088  -0.0919978    -9.80077 
               53.16  0.246311 -0.144234  -5.13134  238.723 -26.4033 0.063439 0 0 0 0.522     0 1.173  -0.849378  -0.714335 -0.0627399 -0.000264795  -5.8923e-05  0.000206614   0.0213618  0.00853923 8.63566e-05 -0.00178906  -0.0920039    -9.80077 
                53.2  0.242596 -0.146834  -5.13876    238.73  -26.3992 0.0635302 0 0 0 0.522     0 1.173  -0.850202  -0.716183 -0.0621434 -0.000263176 -5.91235e-05  0.000209535   0.0213192  0.00856539 7.23175e-05 -0.00177693  -0.0920177    -9.80077 
               53.26  0.243697 -0.148419  -5.14191   238.712  -26.4225 0.0622815 0 0 0 0.522     0 1.173   -0.85339  -0.717832 -0.0617745 -0.000264077 -5.89307e-05  0.000210794      0.0213  0.00860258 6.31148e-05 -0.00177413  -0.0920329    -9.80077 
                53.3  0.24824 -0.14864  -5.1402   238.747  -26.3935 0.0641841 0 0 0 0.522     0 1.173  -0.851434  -0.717116 -0.0609986 -0.000265523 -6.04671e-05  0.000209642   0.0212157  0.00857799 4.49863e-05 -0.00174217  -0.0920333    -9.80077 
               53.36  0.246803 -0.149304  -5.14015   238.749  -26.4176 0.0629916 0 0 0 0.522     0 1.173  -0.853517  -0.719497 -0.0606605 -0.000264967 -6.08309e-05   0.00020924  0.0211699 0.00861114 3.5799e-05 -0.00172966  -0.0920498    -9.80077 
                53.4  0.250088 -0.153149  -5.17496   238.746  -26.3893 0.0629313 0 0 0 0.522     0 1.173  -0.855154  -0.718871 -0.0599881 -0.000265915 -5.89692e-05   0.00022649   0.0211527  0.00859622 2.26464e-05 -0.00172225  -0.0920465    -9.80077 
               53.46  0.242737 -0.149523  -5.12173   238.743  -26.4135 0.0626077 0 0 0 0.522     0 1.173  -0.856703  -0.721435 -0.0592582 -0.000261619 -6.18544e-05  0.000192801   0.0211143  0.00862946 1.22237e-05 -0.00171238  -0.0920622    -9.80077 
                53.5  0.247446 -0.155045  -5.15261   238.762   -26.394 0.0631586 0 0 0 0.522     0 1.173  -0.855659   -0.72216 -0.0584522 -0.000263611 -5.97926e-05  0.000208897    0.0210562   0.00862546 -2.28739e-06 -0.00169186   -0.092067    -9.80077 
               53.56  0.253144 -0.150506  -5.15118   238.755  -26.4112 0.0632704 0 0 0 0.522     0 1.173  -0.857396  -0.724068 -0.0573595 -0.000267559  -6.3626e-05  0.000207517    0.0210251   0.00865108 -1.32477e-05 -0.00168381  -0.0920792    -9.80077 
                53.6  0.253783 -0.153372  -5.15892    238.78   -26.404 0.0647884 0 0 0 0.522     0 1.173  -0.855234  -0.725769 -0.0562833 -0.000267744 -6.36262e-05  0.000211369    0.0209508   0.00866868 -3.01421e-05 -0.00165996  -0.0920931    -9.80077 
               53.66 0.239459  -0.1551 -5.11211   238.754  -26.4178 0.0630817 0 0 0 0.522     0 1.173  -0.857447   -0.72758 -0.0556255 -0.000257103 -6.30382e-05  0.000175843    0.0209423   0.00869537 -3.79421e-05 -0.00165982  -0.0921033    -9.80077 
               53.72    0.2525 -0.160972  -5.15715    238.76  -26.4146 0.0617955 0 0 0 0.522     0 1.173  -0.856742  -0.728641 -0.0547627 -0.000264185 -6.10677e-05  0.000201767      0.02088   0.00869557 -5.02048e-05 -0.00163841  -0.0921099    -9.80077 
               53.76  0.250906 -0.158743   -5.1375   238.788    -26.41 0.0637257 0 0 0 0.522     0 1.173  -0.854191  -0.730544 -0.0538448 -0.000263435 -6.38251e-05  0.000192262       0.0208   0.00871617 -6.76703e-05 -0.00161308  -0.0921253    -9.80077 
               53.82  0.248947 -0.155418  -5.14788   238.763  -26.4125 0.0635071 0 0 0 0.522     0 1.173  -0.856583  -0.731679 -0.0532399 -0.000262224 -6.58548e-05  0.000197572    0.0207934   0.00872721 -7.75802e-05 -0.00161205  -0.0921299    -9.80077 
               53.86  0.244414 -0.157583  -5.14995   238.794  -26.3972 0.0637085 0 0 0 0.522     0 1.173  -0.854135  -0.732407 -0.0527076 -0.000259579 -6.61334e-05  0.000198222    0.0207132   0.00872518 -9.06183e-05 -0.00158438  -0.0921375    -9.80077 
               53.92   0.24786 -0.162551  -5.12517   238.788  -26.4239 0.0627629 0 0 0 0.522     0 1.173  -0.854964  -0.734461 -0.0522032 -0.000261961 -6.37002e-05   0.00018309    0.0206779   0.00876205 -9.92593e-05 -0.00157606  -0.0921538    -9.80077 
               53.96  0.243861 -0.158421  -5.18892   238.798  -26.4031 0.0646963 0 0 0 0.522     0 1.173  -0.854317  -0.734817 -0.0512523 -0.000259317 -6.61798e-05  0.000215902    0.0206366   0.00875847 -0.000116436 -0.00156175   -0.092157    -9.80077 
               54.02  0.245666 -0.158181  -5.15448    238.79  -26.4369 0.0635781 0 0 0 0.522     0 1.173 -0.856027 -0.738402 -0.050787 -0.000261004 -6.66978e-05  0.000192887    0.0206049   0.00880661 -0.000124744 -0.00155581  -0.0921767    -9.80077 
               54.06  0.245065 -0.158184  -5.10035  238.822 -26.4159 0.064632 0 0 0 0.522     0 1.173  -0.853426   -0.73943 -0.0500267 -0.000260223 -6.79233e-05  0.000162859  0.0205224 0.00880066 -0.0001396 -0.00152722  -0.0921831    -9.80077 
               54.12  0.238339 -0.157176  -5.13179   238.803  -26.4188 0.0645151 0 0 0 0.522     0 1.173  -0.855265  -0.741061 -0.0493276 -0.000255094 -6.85925e-05  0.000185085    0.0205063   0.00881203 -0.000149303 -0.00152296  -0.0921887    -9.80077 
               54.18  0.246457 -0.160794  -5.14212   238.798  -26.4349 0.0623574 0 0 0 0.522     0 1.173  -0.855835  -0.743798 -0.0487201 -0.000259897 -6.70229e-05  0.000190504    0.0204586   0.00885064 -0.000158664 -0.00151068  -0.0922067    -9.80077 
               54.22  0.235791 -0.158271  -5.13752  238.824 -26.4036 0.064418 0 0 0 0.522     0 1.173  -0.853681  -0.743059 -0.0478091 -0.000254291 -6.91916e-05  0.000188156    0.0203901   0.00882254 -0.000175602 -0.00148481  -0.0922042    -9.80077 
               54.28  0.246735 -0.157807  -5.14886  238.815  -26.416 0.063818 0 0 0 0.522     0 1.173  -0.855052  -0.745322 -0.0475906 -0.000259904  -6.9759e-05  0.000193691   0.0203622  0.00884022 -0.00018427 -0.00147721   -0.092213    -9.80077 
               54.32  0.247226 -0.156398  -5.14261  238.836 -26.4302  0.06459 0 0 0 0.522     0 1.173  -0.853592  -0.749609 -0.0471577 -0.000260745 -7.14374e-05  0.000190245    0.0202917   0.00889838 -0.000198352 -0.00145926  -0.0922397    -9.80077 
               54.38    0.2438 -0.156831  -5.14246   238.827  -26.4105 0.0638825 0 0 0 0.522     0 1.173  -0.854901  -0.749358 -0.0471451 -0.000258161 -7.14913e-05  0.000189912    0.0202686   0.00887874 -0.000206631 -0.0014496 -0.0922355   -9.80077 
               54.42  0.245074 -0.159208  -5.10719    238.86  -26.4404 0.0640979 0 0 0 0.522     0 1.173  -0.852003  -0.755327 -0.0469378  -0.00025988 -7.18169e-05  0.000171521    0.0201685   0.00896262 -0.000219334 -0.00142423  -0.0922737    -9.80077 
               54.48  0.236916 -0.153641  -5.13409   238.853  -26.4271 0.0648979 0 0 0 0.522     0 1.173  -0.852736  -0.756137 -0.0464935 -0.000254231 -7.56169e-05  0.000188083    0.0201386   0.00895292 -0.000230092 -0.00141336  -0.0922735    -9.80077 
               54.52   0.23594 -0.160627  -5.08846   238.876  -26.4311 0.0647067 0 0 0 0.522     0 1.173  -0.850272  -0.759356 -0.0459227 -0.000254025 -7.31101e-05  0.000163233    0.0200591   0.00899217 -0.000241644 -0.00139062  -0.0922946    -9.80077 
               54.58  0.242263 -0.156107  -5.13189   238.859  -26.4442 0.0641303 0 0 0 0.522     0 1.173  -0.852001  -0.761743 -0.0455221 -0.000258329 -7.62869e-05  0.000192706    0.0200378   0.00901745 -0.000250162 -0.00138603  -0.0923052    -9.80077 
               54.62  0.250032 -0.163701  -5.08008   238.879  -26.4349 0.0646802 0 0 0 0.522     0 1.173  -0.850542  -0.764187 -0.0451302 -0.000262649 -7.31258e-05  0.000163187   0.0199688   0.0090365 -0.00026328 -0.00136493  -0.0923184    -9.80077 
               54.68  0.243221 -0.156386  -5.09312   238.864    -26.43 0.0655252 0 0 0 0.522     0 1.173  -0.852225  -0.764772 -0.0449567 -0.000257114 -7.87466e-05  0.000172646    0.0199493    0.0090382 -0.000273994 -0.00135874   -0.092321    -9.80077 
               54.74  0.234561 -0.155783  -5.11379   238.863  -26.4327 0.0638347 0 0 0 0.522     0 1.173 -0.851601 -0.765918 -0.045041 -0.000251722 -7.97939e-05  0.000184316    0.0198935   0.00904812 -0.000283788 -0.00134119  -0.0923298    -9.80077 
               54.78  0.233653 -0.155827  -5.12097   238.877  -26.4191 0.0648052 0 0 0 0.522     0 1.173  -0.850668  -0.767385 -0.0448374 -0.000251046 -8.04696e-05  0.000187297    0.0198428   0.00905472 -0.000297842 -0.00132513  -0.0923371    -9.80076 
               54.84  0.233468 -0.155395  -5.10159   238.861  -26.4379 0.0651939 0 0 0 0.522     0 1.173  -0.852677  -0.769924 -0.0445813 -0.000251145 -8.09507e-05  0.000176541    0.0198228   0.00908295 -0.000307887 -0.00132132  -0.0923485    -9.80076 
               54.88  0.246023 -0.162743  -5.06849  238.907 -26.4351 0.063853 0 0 0 0.522     0 1.173 -0.848258 -0.772251 -0.044154 -0.000257374 -7.91653e-05  0.000159868    0.0197064   0.00910411 -0.000316232 -0.00128482  -0.0923667    -9.80076 
               54.94  0.241214 -0.156995  -5.13738   238.893  -26.4437 0.0646345 0 0 0 0.522     0 1.173  -0.849247  -0.773773 -0.0435767  -0.00025435 -8.26856e-05   0.00020059    0.0196815   0.00912146 -0.000326706 -0.00127838  -0.0923749    -9.80076 
               54.98  0.241586 -0.158835  -5.08568   238.905  -26.4372 0.0652127 0 0 0 0.522     0 1.173 -0.848192 -0.775813 -0.043113 -0.000254604 -8.25375e-05  0.000173236    0.0196285   0.00914566 -0.000339738 -0.00126334  -0.0923881    -9.80076 
               55.04  0.242468 -0.160081  -5.12883   238.898  -26.4383 0.0642816 0 0 0 0.522     0 1.173  -0.849312  -0.776958 -0.0428149 -0.000254857 -8.19629e-05  0.000201181    0.0195983   0.00915216 -0.000347294 -0.00125407  -0.0923932    -9.80076 
               55.08  0.234073 -0.156241  -5.09815   238.904  -26.4545 0.0651285 0 0 0 0.522     0 1.173  -0.849247   -0.78167 -0.0420201 -0.000251034 -8.46662e-05  0.000183855     0.019553   0.00922213 -0.000361029 -0.00124596  -0.0924206    -9.80076 
               55.14  0.241396 -0.159476  -5.09976   238.918  -26.4401 0.0646949 0 0 0 0.522     0 1.173   -0.84901  -0.782261 -0.0417548  -0.00025566 -8.30958e-05   0.00018468    0.0194998   0.00920767 -0.000369185 -0.00122722   -0.092421    -9.80076 
                55.2  0.234258 -0.157244  -5.12607   238.903  -26.4459 0.0645995 0 0 0 0.522     0 1.173  -0.850319   -0.78358 -0.0414889  -0.00025137 -8.46559e-05  0.000199298    0.0194678   0.00922669 -0.000382363 -0.00121866  -0.0924304    -9.80076 
               55.24 0.235199 -0.15711 -5.12661  238.927 -26.4362 0.065103 0 0 0 0.522     0 1.173  -0.848167  -0.785088 -0.0408917 -0.000251682 -8.58074e-05  0.000199172   0.0193938  0.00923926 -0.00039489 -0.00119578  -0.0924416    -9.80076 
                55.3  0.244179 -0.159278   -5.1363   238.923  -26.4399 0.0646425 0 0 0 0.522     0 1.173  -0.848576  -0.786328 -0.0406608 -0.000256121 -8.51496e-05  0.000203863    0.0193584   0.00924589 -0.000402983 -0.00118495  -0.0924471    -9.80076 
               55.34  0.238711 -0.160709  -5.10354   238.933  -26.4446 0.0647678 0 0 0 0.522     0 1.173  -0.847818  -0.789333 -0.0405955 -0.000253904 -8.51927e-05  0.000187746     0.019307   0.00928889 -0.000414602 -0.00117232  -0.0924661    -9.80076 
                55.4  0.234056 -0.156109   -5.1247   238.922   -26.436 0.0651021 0 0 0 0.522     0 1.173  -0.848997  -0.790185 -0.0405086 -0.000250826 -8.79915e-05  0.000199479    0.0192853   0.00928272 -0.000423911 -0.00116484  -0.0924662    -9.80076 
               55.44  0.236897 -0.158364  -5.09753   238.928  -26.4472 0.0644618 0 0 0 0.522     0 1.173  -0.848691  -0.794327 -0.0398492 -0.000252842 -8.73879e-05  0.000185229    0.0192435   0.00933883 -0.000433702 -0.00115655  -0.0924884    -9.80076 
                55.5 0.242529 -0.15815 -5.12733   238.933   -26.447 0.0648899 0 0 0 0.522     0 1.173  -0.848862  -0.795806 -0.0392108 -0.000256021 -8.80169e-05  0.000203539    0.0192011   0.00934139 -0.000443059 -0.00114315  -0.0924932    -9.80076 
               55.54  0.232481 -0.154968  -5.11132   238.931  -26.4374 0.0648914 0 0 0 0.522     0 1.173  -0.849663  -0.797385 -0.0386642 -0.000250565 -8.98689e-05  0.000194535    0.0191826   0.00936211 -0.000454158 -0.00113923  -0.0925018    -9.80076 
                55.6  0.244188 -0.156861  -5.09669   238.942  -26.4563 0.0648537 0 0 0 0.522     0 1.173  -0.849862  -0.799936 -0.0380191 -0.000258692 -8.93212e-05  0.000184106    0.0191303   0.00938698 -0.000462717 -0.00112473  -0.0925146    -9.80076 
               55.64 0.240805  -0.1559 -5.08151  238.947 -26.4522 0.064726 0 0 0 0.522     0 1.173  -0.849929   -0.80263 -0.0371986 -0.000256891 -9.02447e-05  0.000175137    0.0190964   0.00941981 -0.000473373 -0.00111692  -0.0925285    -9.80076 
                55.7   0.24045 -0.159839  -5.12036   238.954  -26.4549 0.0649882 0 0 0 0.522     0 1.173  -0.849822   -0.80426 -0.0365638 -0.000256259  -8.7738e-05  0.000203852     0.019051   0.00942688 -0.000482194 -0.00110306   -0.092535    -9.80076 
               55.76  0.243501 -0.158689  -5.10808  238.941 -26.4702 0.063868 0 0 0 0.522     0 1.173  -0.850686  -0.807243 -0.0363444 -0.000258239 -8.87735e-05  0.000196144    0.0190166   0.00946572 -0.000492046 -0.00109568  -0.0925507    -9.80076 
                55.8  0.245214 -0.158931  -5.09314   238.969  -26.4554 0.0641393 0 0 0 0.522     0 1.173  -0.848174  -0.808417 -0.0358571 -0.000258823 -8.97995e-05  0.000188853    0.0189417   0.00947249 -0.000503252 -0.00107244  -0.0925598    -9.80076 
               55.86   0.24109 -0.157557  -5.11747   238.959  -26.4502 0.0641348 0 0 0 0.522     0 1.173  -0.849492  -0.809166 -0.0358362 -0.000256233 -9.07716e-05  0.000201698    0.0189174    0.0094704 -0.000511436 -0.00106456  -0.0925614    -9.80076 
                55.9  0.238896 -0.157394  -5.13977   238.969  -26.4625 0.0648971 0 0 0 0.522     0 1.173  -0.849178  -0.813285 -0.0355753 -0.000255735 -9.13939e-05  0.000212198    0.0188693   0.00952966 -0.000524065 -0.00105471  -0.0925848    -9.80076 
               55.96   0.24881 -0.158901  -5.14253   238.967  -26.4512 0.0643139 0 0 0 0.522     0 1.173  -0.850011  -0.814033 -0.0351402 -0.000261132 -9.08634e-05  0.000213522    0.0188393   0.00951929 -0.000531262 -0.00104432  -0.0925843    -9.80076 
                  56  0.245346 -0.159164  -5.10668   238.971  -26.4678 0.0656059 0 0 0 0.522     0 1.173  -0.850359  -0.819018 -0.0343204 -0.000260124 -9.12105e-05  0.000194333    0.0188015   0.00958876 -0.000545182 -0.00103868  -0.0926099    -9.80076 
               56.06  0.244416 -0.154609  -5.09012   238.976  -26.4667 0.0653362 0 0 0 0.522     0 1.173  -0.851213  -0.820302 -0.0336524 -0.000259228 -9.47524e-05  0.000183162    0.0187615   0.00959224 -0.000552849 -0.00102641  -0.0926147    -9.80076 
                56.1  0.242256 -0.160138  -5.13689   238.982  -26.4457 0.0646911 0 0 0 0.522     0 1.173  -0.851494  -0.820995 -0.0330805 -0.000257484 -9.19122e-05  0.000208341    0.0187317   0.00959124 -0.000561653 -0.00101698  -0.0926171    -9.80076 
               56.16  0.239684 -0.156845  -5.13259   238.988    -26.45 0.0652139 0 0 0 0.522     0 1.173  -0.851696  -0.822497 -0.0324465 -0.000255341 -9.48312e-05  0.000204875    0.0186896    0.0095966 -0.000570429 -0.00100426  -0.0926227    -9.80076 
               56.24  0.241611 -0.155859  -5.12305   238.963  -26.4922 0.0640335 0 0 0 0.522     0 1.173   -0.85324  -0.826377 -0.0319943 -0.000256885 -9.59182e-05  0.000198874    0.0186453   0.00964937 -0.000581107 -0.000995077   -0.0926434     -9.80076 
               56.32  0.239766 -0.151958   -5.0863  239.006 -26.4427 0.067478 0 0 0 0.522     0 1.173  -0.845487  -0.819148 -0.0306205 -0.000252653 -0.000101036  0.000179883   0.0184607  0.00948027 -0.00060887 -0.000922351    -0.092607     -9.80076 
               56.36  0.244378 -0.156666  -5.13949   239.036  -26.4082 0.0667654 0 0 0 0.522     0 1.173 -0.841373 -0.817168 -0.030104 -0.000253277 -0.000100242  0.000204435    0.0183592   0.00942041 -0.000619885 -0.000885315   -0.0925973     -9.80076 
               56.42  0.237805 -0.159855  -5.11845  239.043 -26.4343 0.066165 0 0 0 0.522     0 1.173  -0.841273  -0.818779 -0.0298193 -0.000249702  -9.9211e-05  0.000192176    0.0183063   0.00944435 -0.000626665 -0.000870903   -0.0926095     -9.80076 
               56.46  0.241304 -0.157012  -5.14781   239.058  -26.4144 0.0674142 0 0 0 0.522     0 1.173  -0.839753  -0.818557 -0.0293072 -0.000250791 -0.000101365   0.00020668    0.0182491   0.00942882 -0.000639639 -0.00085183  -0.0926098    -9.80076 
               56.52   0.24105 -0.155929  -5.13136   239.036  -26.4299 0.0662954 0 0 0 0.522     0 1.173  -0.841738  -0.820194 -0.0292562 -0.000250596 -0.000102163   0.00019604    0.0182337   0.00944488 -0.000645549 -0.000848497   -0.0926163     -9.80076 
               56.56 0.242562 -0.16105 -5.14903   239.069  -26.4202 0.0676746 0 0 0 0.522     0 1.173  -0.838887  -0.821249 -0.0289228 -0.000250982   -0.0001007  0.000205054    0.0181434    0.0094441 -0.000658808 -0.000820471    -0.092624     -9.80076 
               56.62  0.239249 -0.156061  -5.14908    239.06  -26.4368 0.0670396 0 0 0 0.522     0 1.173  -0.840028  -0.823422 -0.0287825 -0.000248626 -0.000104471  0.000204708    0.0181119   0.00946064 -0.000665455 -0.000812185    -0.092632     -9.80076 
               56.66  0.242559 -0.152653  -5.11556    239.07  -26.4251 0.0676245 0 0 0 0.522     0 1.173  -0.838866  -0.824868 -0.0281096 -0.000250132  -0.00010705  0.000185477    0.0180638   0.00946384 -0.000676848 -0.000797684   -0.0926373     -9.80076 
               56.72  0.247057 -0.160789  -5.15261   239.064  -26.4389 0.0665737 0 0 0 0.522     0 1.173  -0.844781  -0.826338 -0.0285641 -0.000253227 -0.000101203  0.000212791    0.0180289   0.00947738 -0.000682732 -0.000788116   -0.0926446     -9.80076 
               56.78   0.24331 -0.153544  -5.13161   239.058  -26.4373 0.0661841 0 0 0 0.522     0 1.173  -0.867551   -0.82432 -0.0303429  -0.00025044 -0.000105798  0.000200053   0.0179815  0.00946822 -0.00069301 -0.00077281   -0.092646    -9.80076 
               56.82  0.256629 -0.140636  -5.13631   239.079  -26.4222 0.0650866 0 0 0 0.522     0 1.173  -0.893562  -0.821927 -0.0318693 -0.000256136 -0.000106171  0.000201908    0.0179148   0.00945999 -0.000700244 -0.000751608   -0.0926492     -9.80076 
               56.88   0.26332 -0.115179  -5.11815   239.083  -26.4453 0.0638912 0 0 0 0.522     0 1.173  -0.927324  -0.820787 -0.0316035 -0.000259861 -0.000107139  0.000191887    0.0178596   0.00948124 -0.000705998 -0.000736483   -0.0926606     -9.80076 
               56.92   0.263808 -0.0924399   -5.16601   239.085  -26.4153 0.0645425 0 0 0 0.522     0 1.173  -0.937233  -0.818829 -0.0294477 -0.000259151 -0.000101013  0.000215166    0.0178209   0.00945005 -0.000717285 -0.000722021   -0.0926544     -9.80076 
               56.98   0.251807 -0.0873655   -5.14111   239.069  -26.4393 0.0669568 0 0 0 0.522     0 1.173  -0.947503  -0.820526 -0.0271186 -0.000252188 -0.000100831  0.000200034    0.0177879   0.00947465 -0.000728724 -0.000714152   -0.0926649     -9.80076 
               57.02  0.237174 -0.101262  -5.14566   239.081  -26.4175 0.0679272 0 0 0 0.522     0 1.173 -0.948446 -0.820295 -0.025699 -0.000243929 -0.000101366  0.000202028     0.01773  0.00945612 -0.00074078 -0.000694989   -0.0926644     -9.80076 
               57.08  0.242394 -0.115871  -5.14763   239.064  -26.4469 0.0684662 0 0 0 0.522     0 1.173   -0.94901  -0.822896 -0.0242632 -0.000247616 -0.000102787  0.000202933    0.0176989     0.009489 -0.000749096 -0.000688375   -0.0926771     -9.80076 
               57.12   0.22966 -0.132033  -5.15147   239.079   -26.432 0.0695267 0 0 0 0.522     0 1.173  -0.945224   -0.82354 -0.0235875 -0.000240237 -0.000109215  0.000204612    0.0176345   0.00948628 -0.000761313 -0.000668685   -0.0926819     -9.80076 
               57.18  0.235752 -0.148536  -5.15674   239.072  -26.4368 0.0683952 0 0 0 0.522     0 1.173  -0.941862  -0.825059 -0.0238441 -0.000244268 -0.000108629  0.000208002    0.0175938   0.00948777 -0.000766696 -0.000656476   -0.0926859     -9.80076 
               57.24  0.231482 -0.162491  -5.15356   239.066  -26.4428 0.0684336 0 0 0 0.522     0 1.173  -0.937698  -0.827048 -0.0239187 -0.000241393 -0.000110674  0.000205731    0.0175323   0.00949112 -0.000777499 -0.0006382 -0.0926922   -9.80076 
               57.28  0.239316 -0.169399  -5.14813   239.061  -26.4144 0.0677024 0 0 0 0.522     0 1.173   -0.93641  -0.826454 -0.0239053 -0.000243992 -0.000111906   0.00020298    0.0175103   0.00946291 -0.000785212 -0.000629282   -0.0926856     -9.80076 
               57.34  0.242224 -0.173131  -5.14363   239.053   -26.431 0.0664589 0 0 0 0.522     0 1.173  -0.935499  -0.828544 -0.0240995 -0.000245373 -0.000111595  0.000200402    0.0174733   0.00947538 -0.000790308 -0.000619167   -0.0926925     -9.80076 
               57.38  0.242428 -0.169089  -5.14649  239.067 -26.4169 0.066616 0 0 0 0.522     0 1.173  -0.933351  -0.829358 -0.0239433  -0.00024489 -0.000113896  0.000201443    0.0174148   0.00946787 -0.000799974 -0.000600994   -0.0926953     -9.80076 
               57.44  0.240667 -0.161472  -5.13704   239.062  -26.4303 0.0665027 0 0 0 0.522     0 1.173  -0.933371  -0.830588 -0.0238243 -0.000243708 -0.000117576  0.000195828    0.0173735   0.00947619 -0.000806802 -0.000589319   -0.0927013     -9.80076 
               57.48 0.240418 -0.15886 -5.14171   239.078  -26.4176 0.0674376 0 0 0 0.522     0 1.173  -0.931535  -0.830728 -0.0234436 -0.000243078 -0.000117793   0.00019785   0.0173083   0.0094708 -0.00081836 -0.000569401   -0.0927052     -9.80076 
               57.54   0.23822 -0.157797  -5.15378  239.068 -26.4449 0.067183 0 0 0 0.522     0 1.173 -0.932455 -0.832817  -0.02325 -0.000241873 -0.000117383  0.000205064   0.0172692  0.00949892 -0.00082505 -0.000560062    -0.092717     -9.80076 
               57.58  0.242493 -0.156205  -5.12943   239.068  -26.4211 0.0667185 0 0 0 0.522     0 1.173  -0.932534   -0.83244 -0.0230742   -0.0002435 -0.000117151  0.000191691    0.0172372   0.00948049 -0.000833195 -0.000549019   -0.0927142     -9.80076 
               57.64  0.233558 -0.152872  -5.14066   239.074  -26.4362 0.0670113 0 0 0 0.522     0 1.173  -0.932221  -0.833382 -0.0231791 -0.000237214 -0.000119388  0.000199072    0.0171814    0.0094908 -0.000840593 -0.000533287    -0.092722     -9.80076 
               57.68  0.231951 -0.152013  -5.14263   239.089   -26.421 0.0674789 0 0 0 0.522     0 1.173  -0.930342  -0.833446 -0.0228315 -0.000235809 -0.000120347  0.000199791    0.0171155   0.00948313 -0.000850974 -0.000513079   -0.0927253     -9.80076 
               57.74  0.245502 -0.152897  -5.13445   239.06 -26.4494 0.067427 0 0 0 0.522     0 1.173  -0.932526  -0.836019 -0.0224349  -0.00024619 -0.000119708  0.000193268    0.0171003   0.00951702 -0.000857987 -0.000511424   -0.0927366     -9.80076 
                57.8  0.246646 -0.153637  -5.12149   239.052  -26.4375 0.0667548 0 0 0 0.522     0 1.173  -0.932441  -0.835313 -0.0219582 -0.000245962 -0.000120114  0.000185311    0.0170521   0.00948911 -0.000866577 -0.000494893   -0.0927324     -9.80076 
               57.84  0.246402 -0.153067   -5.1215   239.068  -26.4239 0.0672409 0 0 0 0.522     0 1.173  -0.930674  -0.835846 -0.0214278 -0.000245426 -0.000121516  0.000185017    0.0169892   0.00948368 -0.000876862 -0.000475896    -0.092736     -9.80076 
                57.9  0.237901 -0.157517  -5.16082  239.066 -26.4406 0.067371 0 0 0 0.522     0 1.173  -0.930656   -0.83755 -0.0211177 -0.000240752 -0.000119869  0.000205946    0.0169428   0.00949687 -0.000883889 -0.000463294   -0.0927438     -9.80076 
               57.94  0.241527 -0.156182  -5.12163   239.071  -26.4266 0.0673738 0 0 0 0.522     0 1.173  -0.929866  -0.838126 -0.0208025 -0.000242163 -0.000121392  0.000186329    0.0168991   0.00949402 -0.000893003 -0.00045024  -0.0927466    -9.80076 
                  58  0.24152 -0.15739 -5.11194   239.063  -26.4452 0.0668471 0 0 0 0.522     0 1.173  -0.930097  -0.839883 -0.0204577 -0.000242175 -0.000121327  0.000180292   0.0168602  0.00951163 -0.00089892 -0.000440253    -0.092755     -9.80076 
               58.04  0.232206 -0.153192  -5.13541    239.09  -26.4246 0.0678401 0 0 0 0.522     0 1.173  -0.926768   -0.83974 -0.0199081 -0.000236576 -0.000124839  0.000192214    0.0167742   0.00949208 -0.000910182 -0.000413465   -0.0927564     -9.80076 
                58.1  0.239189 -0.159372   -5.1602   239.065  -26.4392 0.0668405 0 0 0 0.522     0 1.173  -0.928375  -0.841324 -0.0195554 -0.000241002 -0.000120867  0.000208114    0.0167564   0.00950669 -0.000915301 -0.000409456   -0.0927622     -9.80076 
               58.14  0.239158 -0.158814  -5.16548   239.077   -26.418 0.0672169 0 0 0 0.522     0 1.173  -0.926915  -0.841176 -0.0190462 -0.000240237   -0.0001219  0.000210635    0.0167009   0.00948804 -0.000925005 -0.000391795   -0.0927613     -9.80076 
                58.2  0.232293 -0.153353  -5.13987   239.074  -26.4393 0.0673493 0 0 0 0.522     0 1.173  -0.92691   -0.8431 -0.018749 -0.000235324 -0.000126455  0.000191934    0.0166545   0.00950662 -0.000931784 -0.000379778   -0.0927705     -9.80076 
               58.26  0.233535 -0.155137  -5.13662   239.074  -26.4419 0.0670651 0 0 0 0.522     0 1.173  -0.925581  -0.844085 -0.0184232 -0.000235519 -0.000126381  0.000189702    0.0165836   0.00950067 -0.000940779 -0.000358672   -0.0927746     -9.80076 
                58.3  0.248967 -0.156613  -5.11915   239.074  -26.4318 0.0670397 0 0 0 0.522     0 1.173   -0.92506  -0.844975 -0.0179452 -0.000242221 -0.000126196   0.00018155    0.0165448   0.00950551 -0.000949536 -0.00034784  -0.0927791    -9.80076 
               58.36  0.248242 -0.156018   -5.1313   239.055  -26.4433 0.0668603 0 0 0 0.522     0 1.173  -0.926038  -0.846006 -0.0174548 -0.000241742 -0.000126706  0.000187551    0.0165218   0.00951558 -0.000955692 -0.000341995    -0.092784     -9.80076 
                58.4  0.233601 -0.155975  -5.13795   239.092  -26.4263 0.0673505 0 0 0 0.522     0 1.173  -0.921872  -0.846203 -0.0169763 -0.000234124 -0.000128323  0.000190453    0.0164165   0.00949878 -0.000965376 -0.000310169   -0.0927876     -9.80076 
               58.46   0.24781 -0.156627  -5.12386   239.058  -26.4447 0.0670864 0 0 0 0.522     0 1.173 -0.924007 -0.848036 -0.016632 -0.000242251 -0.000127926  0.000182197    0.0164094   0.00951925 -0.000971384 -0.000309789   -0.0927941     -9.80076 
                58.5  0.240137 -0.156505  -5.10842   239.078  -26.4322 0.0677137 0 0 0 0.522     0 1.173  -0.921813  -0.848811 -0.0163075 -0.000237978 -0.000129035  0.000174071    0.0163382   0.00951698 -0.000981449 -0.000289098   -0.0927992     -9.80076 
               58.56  0.237035 -0.155446  -5.16388   239.065  -26.4336 0.0679959 0 0 0 0.522     0 1.173  -0.922556  -0.849371 -0.0161765 -0.000235558 -0.000129912  0.000208465    0.0163076    0.0095129 -0.000988177 -0.000280013   -0.0928005     -9.80076 
                58.6   0.23182 -0.152299  -5.14734   239.089  -26.4268 0.0679394 0 0 0 0.522     0 1.173  -0.919748  -0.850459 -0.0157841 -0.000232499 -0.000132803  0.000199262    0.0162266   0.00951727 -0.000996633 -0.000257094   -0.0928083     -9.80076 
               58.66  0.247165 -0.157489  -5.10863  239.055  -26.444 0.067185 0 0 0 0.522     0 1.173   -0.92188   -0.85222 -0.0154691 -0.000243071  -0.00012926  0.000172361   0.0162195  0.00953641 -0.00100176 -0.000256601   -0.0928143     -9.80076 
                58.7  0.246547 -0.157103  -5.10725   239.068  -26.4306 0.0669415 0 0 0 0.522     0 1.173 -0.920616 -0.853055 -0.015028 -0.000242281 -0.000130178   0.00017126   0.0161654  0.00953538 -0.00100962 -0.000241057   -0.0928183     -9.80076 
               58.76 0.238715 -0.15417 -5.15017   239.065  -26.4398 0.0683374 0 0 0 0.522     0 1.173  -0.920753  -0.854211 -0.0145717 -0.000236033 -0.000132743  0.000203092    0.016124  0.00954055 -0.00101797 -0.000229698   -0.0928232     -9.80076 
               58.82  0.238338 -0.154636  -5.13936   239.061  -26.4503 0.0680642 0 0 0 0.522     0 1.173  -0.919863  -0.855792 -0.0141062 -0.000235579 -0.000133305   0.00019636   0.0160625  0.00955098 -0.00102651 -0.000212987    -0.092831     -9.80076 
               58.86  0.238667 -0.154816  -5.13854   239.083  -26.4339 0.0682928 0 0 0 0.522     0 1.173  -0.917195  -0.855906 -0.0136549 -0.000235228 -0.000134377  0.000195682  0.0159853 0.00954009 -0.0010354 -0.000190162    -0.092834     -9.80076 
               58.92   0.23723 -0.154416  -5.14743   239.068  -26.4456 0.0684326 0 0 0 0.522     0 1.173  -0.917925   -0.85681 -0.0132865 -0.000234334 -0.000134934  0.000200222   0.0159552  0.00954918 -0.00104171 -0.000182382    -0.092839     -9.80076 
               58.96  0.238222 -0.155095   -5.1356   239.084  -26.4384 0.0682616 0 0 0 0.522     0 1.173  -0.915949  -0.858109 -0.0128787 -0.000234631 -0.000135561  0.000194064   0.0158882  0.00955727 -0.00104966 -0.00016399  -0.0928466    -9.80076 
               59.02   0.23625 -0.155231  -5.13912   239.069  -26.4541 0.0684806 0 0 0 0.522     0 1.173  -0.916841  -0.859905 -0.0125784 -0.000233427 -0.000135814  0.000195879   0.0158574  0.00957292 -0.00105604 -0.000156544   -0.0928534     -9.80076 
               59.06  0.236859 -0.158973  -5.11502   239.082  -26.4362 0.0674556 0 0 0 0.522     0 1.173  -0.915307  -0.860316 -0.0123065 -0.000233235 -0.000134705  0.000183003   0.015799 0.00956347 -0.0010618 -0.000139286   -0.0928553     -9.80076 
               59.12 0.238585 -0.15879 -5.11864   239.068  -26.4503 0.0671354 0 0 0 0.522     0 1.173  -0.915979  -0.862034 -0.0119034 -0.000234259 -0.000135156  0.000185085   0.0157675  0.00957674 -0.00106715 -0.000131449   -0.0928615     -9.80076 
               59.16  0.237532 -0.159105  -5.11493   239.081  -26.4354 0.0674562 0 0 0 0.522     0 1.173   -0.91428  -0.862634 -0.0113612 -0.000233215 -0.000135754   0.00018271   0.0157092  0.00957281 -0.00107596 -0.000114785    -0.092865     -9.80076 
               59.22  0.238207 -0.154821  -5.13669   239.069   -26.454 0.0688525 0 0 0 0.522     0 1.173  -0.914769  -0.864295 -0.0108459 -0.000233632 -0.000139124  0.000198001    0.015675  0.00959179 -0.00108402 -0.000106706    -0.092873     -9.80076 
               59.28   0.23828 -0.154641  -5.13568   239.064  -26.4584 0.0682775 0 0 0 0.522     0 1.173  -0.913937  -0.865377 -0.0104305 -0.000233285 -0.000139989  0.000197035   0.0156162   0.0095933 -0.00109128 -9.0331e-05   -0.092878    -9.80076 
               59.32  0.238559 -0.154723  -5.13517   239.083  -26.4405 0.0685491 0 0 0 0.522     0 1.173   -0.911607   -0.865666 -0.00998696 -0.000232902 -0.000140996  0.000196517  0.0155452 0.00958191 -0.0010999 -6.963e-05 -0.0928802   -9.80076 
               59.38 0.236507 -0.15415 -5.14178   239.066  -26.4492 0.0688129 0 0 0 0.522     0 1.173   -0.912306   -0.866587 -0.00947766 -0.000231696  -0.00014157  0.000199672    0.015519  0.00958783 -0.00110604 -6.28018e-05   -0.0928839     -9.80076 
               59.42  0.237361 -0.154599  -5.13653   239.085  -26.4422 0.0683554 0 0 0 0.522     0 1.173   -0.909843   -0.867808 -0.00901532 -0.000231931 -0.000142406  0.000196835   0.0154458  0.00959572 -0.00111292 -4.2975e-05  -0.0928917    -9.80076 
               59.48  0.236722 -0.154287  -5.14062   239.068  -26.4478 0.0687749 0 0 0 0.522     0 1.173   -0.910691   -0.868695 -0.00864212 -0.000231327 -0.000142861  0.000198896   0.0154189  0.00959789 -0.00111918 -3.571e-05 -0.0928944   -9.80076 
               59.52   0.2321 -0.15217 -5.11629   239.083  -26.4418 0.0683965 0 0 0 0.522     0 1.173   -0.908798   -0.870082 -0.00826975 -0.000228854 -0.000144871  0.000186233   0.0153539  0.00960881 -0.00112619 -1.84746e-05   -0.0929024     -9.80076 
               59.58  0.231378 -0.151934  -5.12763   239.066  -26.4454 0.0682344 0 0 0 0.522     0 1.173   -0.909742   -0.870785 -0.00793608 -0.000228076 -0.000145212  0.000193043   0.0153297  0.00960882 -0.00113144 -1.183e-05 -0.0929043   -9.80076 
               59.62  0.231196 -0.151757  -5.11704   239.086  -26.4409 0.0684088 0 0 0 0.522     0 1.173    -0.90735   -0.872318 -0.00751088 -0.000227845 -0.000146367  0.000187035   0.0152552  0.00962126 -0.00113963 7.85786e-06  -0.0929134    -9.80076 
               59.68  0.237228 -0.159321  -5.11936   239.064   -26.454 0.0672705 0 0 0 0.522     0 1.173   -0.908688   -0.874135 -0.00724827 -0.000231871 -0.000141293  0.000188298   0.0152348  0.00963463 -0.00114328 1.25136e-05  -0.0929186    -9.80076 
               59.72  0.237572 -0.157914  -5.11408   239.077  -26.4462 0.0677723 0 0 0 0.522     0 1.173    -0.90727   -0.875785 -0.00679647 -0.000231861 -0.000142818   0.00018497   0.0151775  0.00964602 -0.00115209 2.74079e-05  -0.0929261    -9.80076 
               59.78  0.237847 -0.158771  -5.12418  239.067 -26.4534 0.067639 0 0 0 0.522     0 1.173   -0.907812   -0.876879 -0.00646505 -0.000231755 -0.000142487  0.000192209   0.0151441  0.00965106 -0.00115718 3.62156e-05    -0.09293    -9.80076 
               59.84   0.22915 -0.150865  -5.11688   239.064   -26.462 0.0685298 0 0 0 0.522     0 1.173   -0.906698   -0.878248 -0.00592486 -0.000226404 -0.000147942   0.00018757   0.0150809   0.0096592 -0.00116716 5.28816e-05  -0.0929371    -9.80076 
               59.88  0.228173 -0.150713  -5.11689   239.081  -26.4446 0.0687297 0 0 0 0.522     0 1.173   -0.904613   -0.878549 -0.00550443 -0.000225471 -0.000148943  0.000187292   0.0150152   0.0096499 -0.00117518 7.15592e-05  -0.0929394    -9.80076 
               59.94  0.233731 -0.157207  -5.12232   239.064  -26.4612 0.0678337 0 0 0 0.522     0 1.173   -0.905586   -0.880188 -0.00523133 -0.000228499 -0.000145709  0.000189954   0.0149887  0.00966675 -0.00117904 7.75667e-05   -0.092946    -9.80076 
               59.98  0.247413 -0.158387  -5.09122   239.059  -26.4465 0.0675806 0 0 0 0.522     0 1.173   -0.905904   -0.881184 -0.00476748  -0.00023494 -0.000145318  0.000174332   0.0149678  0.00966881 -0.00118592 8.30612e-05  -0.0929482    -9.80076 
               60.04  0.232267 -0.151998  -5.13556   239.067  -26.4481 0.0683083 0 0 0 0.522     0 1.173   -0.905037   -0.882147 -0.00424227 -0.000225462 -0.000149761  0.000200489   0.0149143  0.00966248 -0.00119208 9.80548e-05  -0.0929504    -9.80076 
               60.08 0.245801 -0.15726  -5.1283   239.065  -26.4652 0.0686456 0 0 0 0.522     0 1.173  -0.905128  -0.885978 -0.0038559 -0.000233198  -0.00014736  0.000196296   0.0148785  0.00972367 -0.00120053 0.000103288  -0.0929698    -9.80076 
               60.14  0.242014 -0.154923   -5.1378  239.057  -26.462 0.068484 0 0 0 0.522     0 1.173   -0.905711   -0.886324 -0.00360541 -0.000230267 -0.000149206   0.00020223  0.0148468 0.00971758 -0.0012053 0.000112305  -0.0929705    -9.80076 
               60.18  0.242673 -0.154781  -5.13449   239.061  -26.4611 0.0683106 0 0 0 0.522     0 1.173   -0.905364   -0.888438 -0.00327693 -0.000230742 -0.000149691  0.000200014   0.0148074  0.00974652 -0.00121233 0.000120844  -0.0929813    -9.80076 
               60.24  0.244035 -0.155962  -5.13551   239.048  -26.4626 0.0683723 0 0 0 0.522     0 1.173   -0.906595   -0.888806 -0.00309621 -0.000231365 -0.000149045  0.000200416   0.0147823  0.00974688 -0.00121742 0.000127595  -0.0929832    -9.80076 
                60.3  0.246006 -0.156741  -5.12526   239.029  -26.4821 0.0684487 0 0 0 0.522     0 1.173   -0.907963   -0.891312 -0.00273628 -0.000232725 -0.000148774  0.000194119   0.0147563  0.00978343 -0.00122518 0.000131909  -0.0929951    -9.80076 
               60.34 0.246097 -0.15648 -5.12317   239.041  -26.4638 0.0682918 0 0 0 0.522     0 1.173      -0.907   -0.891801 -0.00231421 -0.000232388 -0.000149465  0.000192886   0.0147116  0.00978034 -0.00123203 0.000144116  -0.0929975    -9.80076 
                60.4  0.241703 -0.155449  -5.09617   239.042  -26.4553 0.0673687 0 0 0 0.522     0 1.173   -0.906925    -0.89169 -0.00197552 -0.000229643 -0.000150585  0.000178842   0.0146726  0.00976421 -0.00123533 0.000155773   -0.092996    -9.80076 
               60.44  0.23311 -0.15403 -5.12026   239.052  -26.4623 0.0680898 0 0 0 0.522     0 1.173   -0.905993   -0.894516 -0.00152045 -0.000225868 -0.000151835  0.000190032   0.0146222  0.00980403 -0.00124423 0.000166403  -0.0930104    -9.80076 
                60.5  0.239254 -0.157395  -5.14944   239.055   -26.459 0.0685134 0 0 0 0.522     0 1.173   -0.905854   -0.894921 -0.00117429 -0.000228863 -0.000150447  0.000206318   0.0145786  0.00979417 -0.00124962 0.000178761  -0.0930109    -9.80076 
               60.54  0.245718 -0.156454  -5.12817   239.036   -26.466 0.0683305 0 0 0 0.522     0 1.173   -0.907896   -0.897893 -0.00081007 -0.000232609 -0.000150609   0.00019515   0.0145829  0.00984197 -0.00125653 0.00017411 -0.0930235   -9.80076 
                60.6   0.23878 -0.157591  -5.15298    239.05  -26.4567 0.0685643 0 0 0 0.522     0 1.173    -0.907099    -0.897913 -0.000478907  -0.00022761 -0.000150608  0.000210378  0.0145282 0.00982347 -0.0012615 0.000190033  -0.0930225    -9.80076 
               60.64  0.239881 -0.157366  -5.15294   239.056  -26.4593 0.0689728 0 0 0 0.522     0 1.173    -0.906619    -0.900349 -5.75412e-05 -0.000228384 -0.000151162  0.000209948   0.0144868  0.00985609 -0.00126961 0.000198682  -0.0930342    -9.80076 
                60.7   0.23935 -0.157947  -5.15313   239.055  -26.4616 0.0687581 0 0 0 0.522     0 1.173   -0.906704   -0.901132 0.000246914 -0.000227644 -0.000151241   0.00020975   0.0144466  0.00985375 -0.00127392 0.000209532  -0.0930365    -9.80076 
               60.74  0.239184 -0.157616   -5.1534   239.056  -26.4586 0.0690336 0 0 0 0.522     0 1.173  -0.906684  -0.902995 0.00056884 -0.000227564  -0.00015169  0.000209482   0.0144147  0.00987803 -0.00128165 0.00021623 -0.0930453   -9.80076 
                60.8  0.239331 -0.158386  -5.15326   239.055  -26.4617 0.0687635 0 0 0 0.522     0 1.173   -0.906817   -0.903743 0.000735614 -0.000227284 -0.000151571   0.00020902   0.0143747  0.00987682 -0.00128582  0.0002269 -0.0930478   -9.80076 
               60.88  0.242695 -0.157163  -5.11043       239  -26.5018 0.0675932 0 0 0 0.522     0 1.173   -0.910547   -0.906695 0.000982412 -0.000229634 -0.000151934  0.000183537    0.014382  0.00992082 -0.00129008 0.000221829   -0.093059    -9.80076 
               60.96   0.24139 -0.157677  -5.11071   239.066  -26.4373 0.0681696 0 0 0 0.522     0 1.173  -0.898537  -0.896476 0.00159788 -0.000224461 -0.000155955  0.000183449   0.0141299  0.00968826 -0.00129944 0.000304713  -0.0930152    -9.80076 
                  61  0.240915 -0.157793  -5.11423  239.081 -26.4146 0.067702 0 0 0 0.522     0 1.173 -0.895637   -0.8953 0.0020456 -0.000223135 -0.000156911  0.000184749   0.0140537  0.00965047 -0.00130669 0.000327379  -0.0930106    -9.80076 
               61.06  0.231096 -0.154463  -5.13106  239.084 -26.4357 0.068507 0 0 0 0.522     0 1.173 -0.895069  -0.89682  0.002402 -0.000217207 -0.000159552   0.00019451  0.0140008 0.00966225 -0.0013123 0.000340417  -0.0930175    -9.80076 
                61.1  0.236422 -0.159616  -5.15656   239.099  -26.4105 0.0688563 0 0 0 0.522     0 1.173  -0.893054  -0.895823 0.00280338 -0.000218991 -0.000157635  0.000207434    0.013939  0.00962784 -0.00131964 0.000358949  -0.0930128    -9.80076 
               61.16  0.236157 -0.159592  -5.16292   239.075  -26.4308 0.0687363 0 0 0 0.522     0 1.173  -0.894269   -0.89739 0.00304394 -0.000218739 -0.000157724  0.000211272   0.0139198  0.00964196 -0.00132387 0.000362969  -0.0930178    -9.80076 
                61.2  0.236341 -0.160442   -5.1656   239.086  -26.4095 0.0684961 0 0 0 0.522     0 1.173  -0.892789  -0.896875 0.00330782 -0.000217993 -0.000157864  0.000212358  0.0138687 0.00961565 -0.0013298 0.000378085  -0.0930145    -9.80076 
               61.26 0.236531 -0.15992 -5.16131   239.078  -26.4315 0.0687926 0 0 0 0.522     0 1.173  -0.892979  -0.898561 0.00357247 -0.000218049 -0.000158661  0.000208931     0.01383   0.0096296 -0.00133456 0.000387177  -0.0930209    -9.80076 
               61.32    0.2366 -0.160272   -5.1657   239.067   -26.427 0.0686324 0 0 0 0.522     0 1.173  -0.892835  -0.898198 0.00387776 -0.000217206 -0.000158911  0.000211053   0.0137868  0.00960265 -0.00134046 0.00040021 -0.0930168   -9.80076 
               61.36  0.236691 -0.160083  -5.16709   239.085  -26.4106 0.0685419 0 0 0 0.522     0 1.173  -0.890667  -0.897896 0.00422948  -0.00021657 -0.000159929  0.000211372   0.0137208  0.00958097 -0.00134662 0.000418821  -0.0930158    -9.80076 
               61.42  0.236971 -0.159927  -5.16143   239.077   -26.431 0.0686602 0 0 0 0.522     0 1.173   -0.8909 -0.898933 0.0045404 -0.000216683 -0.000160498   0.00020822  0.0136831 0.00959162  -0.001351 0.000427839  -0.0930212    -9.80076 
               61.46  0.239791 -0.157591  -5.12372  239.075 -26.4186 0.067902 0 0 0 0.522     0 1.173 -0.890773 -0.898924 0.0047295 -0.000217624 -0.000161978  0.000189867    0.013652  0.00958447 -0.00135562 0.00043631 -0.0930215   -9.80076 
               61.52  0.238644 -0.155364  -5.15419   239.074  -26.4382 0.0696752 0 0 0 0.522     0 1.173  -0.890688  -0.900226 0.00508098 -0.000216874  -0.00016375  0.000206878    0.013607  0.00959548 -0.00136253 0.000447116  -0.0930274    -9.80076 
               61.56  0.231491 -0.153468  -5.15068   239.086  -26.4066 0.0686618 0 0 0 0.522     0 1.173  -0.889148  -0.898373 0.00529458 -0.000212109 -0.000165357  0.000204779    0.013556  0.00954961 -0.00136645 0.000463343  -0.0930191    -9.80076 
               61.62  0.238896 -0.155553   -5.1547   239.074  -26.4402 0.0696036 0 0 0 0.522     0 1.173  -0.889737  -0.900557 0.00558782 -0.000216958 -0.000164401  0.000206975   0.0135214  0.00957854 -0.00137212 0.000470243  -0.0930289    -9.80076 
               61.66  0.238126 -0.155597  -5.15865   239.089  -26.4168 0.0695019 0 0 0 0.522     0 1.173  -0.887824  -0.899838 0.00593713 -0.000215675 -0.000165139  0.000208725   0.0134618   0.0095496 -0.00137819 0.000487463  -0.0930255    -9.80076 
               61.72  0.239405 -0.155551  -5.15592   239.073  -26.4377 0.0694141 0 0 0 0.522     0 1.173  -0.888653  -0.901444 0.00622928 -0.000216505 -0.000165383  0.000206518  0.0134353 0.00956484 -0.0013822 0.000493193  -0.0930313    -9.80076 
               61.76  0.238593 -0.155657  -5.15994   239.088  -26.4217 0.0693138 0 0 0 0.522     0 1.173  -0.886771  -0.901506 0.00657563 -0.000215415 -0.000166082  0.000208387   0.0133745  0.00955052 -0.00138823 0.000509668  -0.0930317    -9.80076 
               61.82 0.245167 -0.15905 -5.11397   239.061  -26.4349 0.0681689 0 0 0 0.522     0 1.173  -0.888425  -0.902693 0.00679213 -0.000220211 -0.000163586  0.000173613   0.0133638  0.00955866 -0.00139049 0.000511845  -0.0930345    -9.80076 
               61.88  0.244178 -0.157992  -5.11939   239.058  -26.4355 0.0680403 0 0 0 0.522     0 1.173 -0.887547 -0.902852 0.0071517 -0.000218924 -0.000164852  0.000176446   0.0133084  0.00954201 -0.00139591 0.000527049   -0.093034    -9.80076 
               61.92  0.243989 -0.157934  -5.11534   239.075  -26.4222 0.0680133 0 0 0 0.522     0 1.173  -0.885701  -0.903099 0.00749516 -0.000218328 -0.000165713  0.000174297   0.0132475  0.00953055 -0.00140185 0.000543269  -0.0930352    -9.80076 
               61.98  0.245478 -0.159802  -5.11315   239.062  -26.4357 0.0681614 0 0 0 0.522     0 1.173  -0.886345  -0.904436 0.00786548 -0.000218976 -0.000165002  0.000172899   0.0132196  0.00953573 -0.00140592 0.00054997 -0.0930384   -9.80076 
               62.02  0.244144 -0.158008  -5.11951   239.075  -26.4187 0.0678733 0 0 0 0.522     0 1.173  -0.884825  -0.904445 0.00822737 -0.000217667 -0.000166534   0.00017575   0.0131668  0.00951832 -0.00141118 0.000564442  -0.0930375    -9.80076 
               62.08  0.244809 -0.159469  -5.11424   239.063  -26.4401 0.0684209 0 0 0 0.522     0 1.173 -0.885585 -0.905921 0.0084806 -0.000218066  -0.00016597  0.000172369    0.013137  0.00953359 -0.00141582 0.00057095 -0.0930434   -9.80076 
               62.12  0.243645 -0.157067  -5.11776   239.073  -26.4207 0.0681331 0 0 0 0.522     0 1.173  -0.884465  -0.905515 0.00874858 -0.000216757 -0.000167751  0.000173908   0.0130902  0.00951404 -0.00142106 0.000583998  -0.0930416    -9.80076 
               62.18  0.243799 -0.158744  -5.11365   239.063   -26.439 0.0683006 0 0 0 0.522     0 1.173  -0.885002  -0.906998 0.00904918 -0.000216767 -0.000166975  0.000170949   0.0130584  0.00952556 -0.00142505 0.00059123 -0.0930466   -9.80076 
               62.22  0.243643 -0.157401   -5.1187   239.074  -26.4221 0.0682521 0 0 0 0.522     0 1.173  -0.883824  -0.906996 0.00938943  -0.00021604 -0.000168234  0.000173403   0.0130109   0.0095111 -0.00143081 0.000604052  -0.0930461    -9.80076 
               62.28   0.24421 -0.158584  -5.11428  239.063 -26.4386 0.068289 0 0 0 0.522     0 1.173 -0.884442 -0.908398 0.0096815 -0.000216297 -0.000167647   0.00016994    0.012981  0.00952111 -0.00143454 0.000610877  -0.0930506    -9.80076 
               62.34 0.243501 -0.15704 -5.11753   239.056  -26.4398 0.0684228 0 0 0 0.522     0 1.173 -0.883856 -0.908827 0.0101304 -0.000215236 -0.000169046  0.000171481   0.0129332  0.00950675 -0.00144019 0.000623753  -0.0930502    -9.80076 
               62.38  0.230108 -0.152753  -5.15138   239.085  -26.4139 0.0691601 0 0 0 0.522     0 1.173 -0.880606 -0.908031   0.01059 -0.000208192 -0.000172136  0.000186468   0.0128508  0.00946744 -0.00144754 0.000646844  -0.0930458    -9.80076 
               62.44  0.231757 -0.153405  -5.14636   239.071  -26.4312 0.0692356 0 0 0 0.522     0 1.173 -0.881221 -0.909537 0.0108796 -0.000208947 -0.000172121  0.000183674   0.0128218  0.00947495 -0.00145128 0.000653547  -0.0930496    -9.80076 
               62.48  0.230135 -0.152912  -5.14947   239.088  -26.4161 0.0692997 0 0 0 0.522     0 1.173 -0.879144 -0.909383  0.011228 -0.000207547 -0.000173204  0.000184875   0.0127585  0.00945735 -0.00145717 0.000670419  -0.0930494    -9.80076 
               62.54   0.23076 -0.153113   -5.1449   239.073  -26.4325 0.0693652 0 0 0 0.522     0 1.173 -0.879763  -0.91049 0.0115174 -0.000207787 -0.000173373  0.000182041   0.0127306  0.00946465 -0.00146084 0.000676846   -0.093053    -9.80076 
               62.58   0.24338 -0.157434  -5.11235   239.075  -26.4292 0.0683483 0 0 0 0.522     0 1.173 -0.879297 -0.911764 0.0117546 -0.000214076 -0.000171605   0.00016524   0.0126937   0.0094756 -0.00146428 0.000685301  -0.0930581    -9.80076 
               62.64  0.243823 -0.157776  -5.11132   239.065  -26.4417 0.0687655 0 0 0 0.522     0 1.173 -0.879822 -0.912888 0.0120642 -0.000214156 -0.000171691  0.000164355   0.0126632  0.00948052 -0.00146836 0.000692501  -0.0930613    -9.80076 
               62.68  0.234362 -0.156478  -5.14447   239.085  -26.4278 0.0692814 0 0 0 0.522     0 1.173 -0.877568 -0.913396 0.0124497  -0.00020852 -0.000173215  0.000181765   0.0125948  0.00946988 -0.00147516 0.00071002 -0.0930631   -9.80076 
               62.74  0.231134 -0.153124  -5.14145   239.074  -26.4307 0.0696726 0 0 0 0.522     0 1.173 -0.878005 -0.914075  0.012753 -0.000205854 -0.000175787   0.00017942    0.012565  0.00946154 -0.00147917 0.000717865   -0.093063    -9.80076 
               62.78  0.229064 -0.152767  -5.13647   239.091  -26.4226 0.0696103 0 0 0 0.522     0 1.173 -0.875904 -0.914741 0.0130815 -0.000204305 -0.000176826  0.000176295   0.0124994   0.0094595 -0.00148468 0.000734102  -0.0930667    -9.80076 
               62.84  0.235718 -0.156732  -5.13786    239.07   -26.445 0.0693058 0 0 0 0.522     0 1.173 -0.877049 -0.916451  0.013337 -0.000209282 -0.000173896  0.000177007   0.0124796   0.0094783 -0.00148767 0.000737777  -0.0930726    -9.80076 
                62.9  0.234695 -0.157248  -5.14386   239.067   -26.443 0.0695429 0 0 0 0.522     0 1.173 -0.875857 -0.916129 0.0135953 -0.000207918 -0.000174253   0.00018017   0.0124229  0.00945756 -0.00149309 0.000752947  -0.0930712    -9.80076 
               62.94  0.238576 -0.155549  -5.15295   239.088  -26.4314 0.0701552 0 0 0 0.522     0 1.173 -0.873154 -0.916533  0.013923 -0.000209271 -0.000176049  0.000184109   0.0123502  0.00944925 -0.00150003 0.000771223  -0.0930738    -9.80076 
                  63  0.238893 -0.155541  -5.15399   239.073  -26.4445 0.0701315 0 0 0 0.522     0 1.173 -0.873667 -0.917724 0.0142113 -0.000209298 -0.000176311  0.000184443   0.0123234  0.00945474 -0.00150335 0.000777397  -0.0930768    -9.80076 
               63.04  0.235095 -0.158024  -5.14245   239.083  -26.4273 0.0691181 0 0 0 0.522     0 1.173 -0.872369 -0.917584 0.0144382 -0.000206831 -0.000175699  0.000178464   0.0122743  0.00943865 -0.00150647 0.000790366   -0.093076    -9.80076 
                63.1  0.238264 -0.155498  -5.15338   239.075  -26.4466 0.0703646 0 0 0 0.522     0 1.173 -0.872584 -0.919083 0.0147938 -0.000208659 -0.000177578  0.000184718   0.0122381  0.00945105 -0.00151167 0.00079835 -0.0930814   -9.80076 
               63.14  0.242803 -0.156316   -5.1084  239.076 -26.4284 0.068884 0 0 0 0.522     0 1.173  -0.87215 -0.918962 0.0149749 -0.000210465 -0.000177525  0.000161016  0.0122056 0.00943619 -0.0015137 0.000807189  -0.0930798    -9.80076 
                63.2  0.230907 -0.152452   -5.1367   239.074  -26.4339 0.0700611 0 0 0 0.522     0 1.173 -0.872067 -0.919427 0.0153247 -0.000202231 -0.000180415  0.000179305   0.0121667  0.00943004 -0.00151865 0.000816924  -0.0930808    -9.80076 
               63.24  0.234272 -0.155744  -5.14711   239.081  -26.4249 0.0696939 0 0 0 0.522     0 1.173 -0.870936 -0.920256 0.0156248  -0.00020369 -0.000179075  0.000184657   0.0121211  0.00942901 -0.00152327   0.000828 -0.0930834   -9.80076 
                63.3  0.238057 -0.154651  -5.15067  239.077 -26.4477 0.070634 0 0 0 0.522     0 1.173 -0.870813 -0.922307 0.0159705 -0.000206383 -0.000180269  0.000186901    0.012081  0.00944561 -0.00152791 0.000836616    -0.09309    -9.80076 
               63.36  0.237702 -0.155602  -5.14101   239.072  -26.4516 0.0705826 0 0 0 0.522     0 1.173 -0.869874 -0.922822 0.0163006 -0.000205664 -0.000180393  0.000181015   0.0120255  0.00943695 -0.00153245 0.000850519  -0.0930913    -9.80076 
                63.4  0.229491 -0.152937   -5.1249   239.091  -26.4239 0.0698951 0 0 0 0.522     0 1.173  -0.86743 -0.921571 0.0165523 -0.000201019 -0.000182573  0.000173523   0.0119583  0.00939814 -0.00153606 0.00086907 -0.0930862   -9.80076 
               63.46  0.230575 -0.152203  -5.13277   239.074  -26.4383 0.0702829 0 0 0 0.522     0 1.173  -0.86809 -0.922744 0.0169105 -0.000201441 -0.000183153  0.000177352   0.0119341  0.00940356 -0.00153975 0.000874493   -0.093089    -9.80076 
                63.5  0.230582 -0.152731  -5.11574   239.091  -26.4294 0.0702156 0 0 0 0.522     0 1.173 -0.865913  -0.92347 0.0172716 -0.000201109 -0.000183807  0.000168933   0.0118687  0.00939993 -0.00154487 0.00089037 -0.0930922   -9.80076 
               63.56  0.230657 -0.152049  -5.13166   239.075   -26.438 0.0704071 0 0 0 0.522     0 1.173 -0.866635 -0.923918 0.0174813 -0.000200857 -0.000184371  0.000177729   0.0118436  0.00939873 -0.00154819 0.000896423  -0.0930935    -9.80076 
                63.6  0.230112 -0.152926  -5.11737   239.091  -26.4285 0.0701604 0 0 0 0.522     0 1.173 -0.864672 -0.924334 0.0177314 -0.000200212  -0.00018477  0.000170195   0.0117803  0.00939455 -0.00155284 0.000911766  -0.0930964    -9.80076 
               63.66   0.23076 -0.152023  -5.13121  239.075 -26.4384 0.070401 0 0 0 0.522     0 1.173 -0.865365 -0.925081 0.0180084 -0.000200338 -0.000185474  0.000178597   0.0117561  0.00939547 -0.00155619 0.000917445  -0.0930981    -9.80076 
                63.7  0.241406 -0.155105  -5.09797   239.073   -26.434 0.0692813 0 0 0 0.522     0 1.173 -0.865267 -0.926292  0.018212 -0.000205917 -0.000184075  0.000160511   0.0117272  0.00940664 -0.00155887 0.000923622  -0.0931025    -9.80076 
               63.76  0.241975 -0.156775  -5.09392   239.063  -26.4465 0.0694617 0 0 0 0.522     0 1.173 -0.865833 -0.927423 0.0184812 -0.000206114 -0.000183161  0.000157478   0.0116989  0.00941234 -0.00156201 0.000929988  -0.0931056    -9.80076 
                63.8  0.241549 -0.155365  -5.08783  239.074 -26.4335 0.069725 0 0 0 0.522     0 1.173 -0.864612 -0.927888 0.0188189 -0.000205425 -0.000184482  0.000153774  0.0116506   0.009407 -0.0015677 0.000941685  -0.0931073    -9.80076 
               63.86    0.2305 -0.152324  -5.13002   239.075  -26.4374 0.0703339 0 0 0 0.522     0 1.173 -0.864315 -0.928296 0.0191147 -0.000196613 -0.000187074   0.00018509   0.0116086  0.00939954 -0.00157142 0.000952029  -0.0931082    -9.80076 
               63.92  0.228171 -0.151714  -5.11833    239.08   -26.451 0.0708933 0 0 0 0.522     0 1.173 -0.862282 -0.929549 0.0194913 -0.000195009 -0.000188464  0.000177897  0.0115319 0.00940424 -0.0015769 0.000969825   -0.093114    -9.80076 
               63.96   0.22856 -0.151424  -5.11636   239.094  -26.4342 0.0704695 0 0 0 0.522     0 1.173 -0.860464 -0.929583 0.0197162 -0.000194635 -0.000189375  0.000176711   0.0114728  0.00938861 -0.00158095 0.000984658  -0.0931138    -9.80076 
               64.02  0.229583 -0.150831  -5.12866   239.076  -26.4466 0.0706334 0 0 0 0.522     0 1.173 -0.861284 -0.930689 0.0199112 -0.000195027 -0.000189866  0.000183114   0.0114489  0.00939324 -0.00158401 0.000989971  -0.0931164    -9.80076 
               64.06 0.227336  -0.1515 -5.11772   239.098  -26.4368 0.0704862 0 0 0 0.522     0 1.173 -0.858544  -0.93129 0.0202073 -0.000193571 -0.000190625  0.000177439   0.0113721  0.00938883 -0.00158864 0.00100825   -0.09312   -9.80076 
               64.12  0.229109 -0.150559  -5.12573   239.075  -26.4493 0.0706421 0 0 0 0.522     0 1.173 -0.859572 -0.932467 0.0205437 -0.000194476   -0.0001912  0.000181954   0.0113558  0.00939534 -0.00159168 0.00101164 -0.0931225   -9.80076 
               64.16  0.233592 -0.157295   -5.1129   239.081  -26.4444 0.0696641 0 0 0 0.522     0 1.173 -0.858568 -0.933792 0.0207651 -0.000196702 -0.000188171  0.000174946   0.0113118  0.00940663 -0.00159442 0.00102128 -0.0931278   -9.80076 
               64.22 0.234425 -0.15734 -5.12163    239.07  -26.4551 0.0697157 0 0 0 0.522     0 1.173 -0.858966 -0.934705 0.0209649 -0.000197032  -0.00018836  0.000180392   0.0112825  0.00941108 -0.00159713 0.00102784 -0.0931306   -9.80076 
               64.26  0.233463 -0.157452  -5.11138   239.081  -26.4424 0.0697109 0 0 0 0.522     0 1.173 -0.857687 -0.935236 0.0212688 -0.000196118 -0.000188866  0.000174452   0.0112329   0.0094079 -0.00160194 0.00103954 -0.0931328   -9.80076 
               64.32  0.241536 -0.156372  -5.08988   239.058  -26.4503 0.0697913 0 0 0 0.522     0 1.173 -0.859051 -0.936109 0.0215238 -0.000201672 -0.000189616  0.000158766   0.0112209  0.00941044 -0.00160469 0.00104214 -0.0931341   -9.80076 
               64.38  0.241201 -0.156633  -5.08035   239.048  -26.4633 0.0702127 0 0 0 0.522     0 1.173  -0.85909 -0.937625 0.0218689 -0.000201331 -0.000189814  0.000152995   0.0111822  0.00942217 -0.00160952 0.00105039 -0.0931391   -9.80076 
               64.42  0.240803 -0.156715  -5.07944   239.066  -26.4449 0.0698525 0 0 0 0.522     0 1.173 -0.857297 -0.937574 0.0221694 -0.000200599 -0.000190558  0.000152359   0.0111235  0.00940697 -0.00161339 0.00106486 -0.0931391   -9.80076 
               64.48  0.228061 -0.150288  -5.12494   239.072  -26.4529 0.0710556 0 0 0 0.522     0 1.173 -0.856724 -0.938158 0.0225505 -0.000193753 -0.000194406  0.000175512  0.0110754 0.00940436 -0.0016177 0.00107607 -0.0931413   -9.80076 
               64.52  0.226531 -0.149212  -5.11518  239.089 -26.4486 0.071009 0 0 0 0.522     0 1.173 -0.854603  -0.93941 0.0228492 -0.000192927   -0.0001958  0.000170568   0.0110094  0.00941389 -0.00162241 0.00109071 -0.0931474   -9.80076 
               64.58  0.235817 -0.157479  -5.12295   239.067  -26.4606 0.0699131 0 0 0 0.522     0 1.173 -0.855766 -0.940513 0.0230227 -0.000198072 -0.000191135  0.000174721   0.0109932  0.00942156 -0.00162326 0.00109403 -0.0931501   -9.80076 
               64.62  0.247072 -0.157876  -5.08801   239.061  -26.4475 0.0695297 0 0 0 0.522     0 1.173 -0.856329 -0.941118 0.0232821 -0.000203487 -0.000190938  0.000156734   0.0109785  0.00942207 -0.00162709 0.00109733 -0.0931511   -9.80076 
               64.68  0.232146 -0.151534  -5.12821    239.07  -26.4555 0.0709927 0 0 0 0.522     0 1.173 -0.855509 -0.941903 0.0236219 -0.000193805 -0.000195462   0.00018163   0.0109267  0.00942025 -0.00163168 0.00110925 -0.0931538   -9.80076 
               64.72  0.240634 -0.154221  -5.13337   239.076  -26.4605 0.0709876 0 0 0 0.522     0 1.173 -0.854718 -0.944358 0.0239216 -0.000198602 -0.000194438  0.000184032   0.0108827  0.00945361 -0.00163651 0.00111738  -0.093164   -9.80076 
               64.78  0.236518 -0.153301  -5.13736   239.065  -26.4604 0.0709379 0 0 0 0.522     0 1.173 -0.855255 -0.944757 0.0241606 -0.000195347 -0.000195219  0.000186485   0.0108573  0.00944655 -0.00163883 0.00112358 -0.0931638   -9.80076 
               64.82  0.238616 -0.153516  -5.13204   239.066  -26.4602 0.0707283 0 0 0 0.522     0 1.173  -0.85507 -0.946738 0.0244387 -0.000196649 -0.000195286  0.000183139   0.0108261  0.00947268 -0.00164313 0.00112916 -0.0931716   -9.80076 
               64.88  0.239224 -0.154879  -5.13604   239.061  -26.4615 0.0709001 0 0 0 0.522     0 1.173  -0.85535 -0.947286 0.0246929 -0.000196677 -0.000194481  0.000185813   0.0107953  0.00946705 -0.00164572 0.00113648 -0.0931721   -9.80076 
               64.94  0.240559 -0.154159  -5.13132   239.043  -26.4804 0.0712987 0 0 0 0.522     0 1.173 -0.856103 -0.949552 0.0250246 -0.000197584 -0.000194971  0.000182671   0.0107695  0.00949485 -0.00165024 0.00114069 -0.0931799   -9.80076 
               64.98  0.241354 -0.154603  -5.12927   239.055  -26.4672 0.0708367 0 0 0 0.522     0 1.173 -0.855029 -0.950371 0.0252731 -0.000197692 -0.000195287  0.000181435    0.010724  0.00949655 -0.00165376 0.00115089 -0.0931829   -9.80076 
               65.04 0.243493 -0.15738  -5.0961   239.042  -26.4569 0.0700321 0 0 0 0.522     0 1.173 -0.855954 -0.950109 0.0254549 -0.000198288 -0.000193952  0.000163348   0.0107068  0.00947626 -0.00165471 0.00115594 -0.0931793   -9.80076 
               65.08  0.240004 -0.155621  -5.12442   239.049   -26.467 0.0703924 0 0 0 0.522     0 1.173 -0.855485 -0.953047 0.0257791 -0.000197012 -0.000195113  0.000176987   0.0106678  0.00951997 -0.00166013 0.00116223 -0.0931915   -9.80076 
               65.14  0.232156 -0.150757  -5.13658   239.047    -26.46 0.0710993 0 0 0 0.522     0 1.173 -0.855749 -0.952526 0.0259208 -0.000191764 -0.000198295  0.000183993    0.010636  0.00950268 -0.00166335 0.00117032 -0.0931894   -9.80076 
               65.18 0.240418 -0.15367 -5.15407   239.041  -26.4729 0.0710084 0 0 0 0.522     0 1.173 -0.856749 -0.955582 0.0261104 -0.000196678 -0.000196606   0.00019273  0.0106223 0.00955627 -0.0016679 0.00117034 -0.0932023   -9.80076 
               65.24  0.231099 -0.151497  -5.14183   239.047  -26.4609 0.0710057 0 0 0 0.522     0 1.173  -0.85641 -0.955158 0.0263442 -0.000189899 -0.000198497  0.000184447   0.0105829  0.00953247 -0.00166998 0.00118052 -0.0931992   -9.80076 
               65.28  0.230883 -0.151452  -5.14137  239.048 -26.4617 0.070633 0 0 0 0.522     0 1.173 -0.856447 -0.957141 0.0265929 -0.000189946 -0.000198615  0.000183836  0.0105563 0.00956024 -0.0016737 0.00118488 -0.0932069   -9.80076 
               65.34  0.232109 -0.151421   -5.1411   239.047  -26.4617 0.0711059 0 0 0 0.522     0 1.173 -0.856678 -0.957659 0.0267791 -0.000190376 -0.000198908  0.000183348   0.0105237  0.00955161 -0.00167653 0.00119263 -0.0932068   -9.80076 
                65.4  0.230896 -0.151617  -5.14129   239.031  -26.4806 0.0712707 0 0 0 0.522     0 1.173 -0.857481 -0.959924 0.0269983 -0.000189798  -0.00019886  0.000183086    0.010498  0.00957793 -0.00168022 0.00119687 -0.0932142   -9.80076 
               65.44  0.232527 -0.151143  -5.13886   239.049  -26.4602 0.0710422 0 0 0 0.522     0 1.173 -0.855842 -0.959652 0.0272687 -0.000189986 -0.000199709  0.000181723   0.0104469   0.0095624 -0.00168402 0.00120911 -0.0932136   -9.80076 
               65.52 0.244814 -0.15749 -5.10768   239.018  -26.4881 0.0708931 0 0 0 0.522     0 1.173 -0.857427 -0.960825 0.0274945  -0.00019617 -0.000196627  0.000165518   0.0104282  0.00956547 -0.00168503  0.0012131 -0.0932153   -9.80076 
                65.6  0.242335 -0.156838  -5.10198   239.059  -26.4452 0.0703485 0 0 0 0.522     0 1.173 -0.849333 -0.953117 0.0276117 -0.000191207 -0.000199983  0.000162292   0.0102427  0.00938216 -0.00168479 0.00126449 -0.0931849   -9.80076 
               65.64  0.243003 -0.158756  -5.11047   239.082   -26.415 0.0691303 0 0 0 0.522     0 1.173 -0.845675  -0.95073 0.0277406 -0.000190001 -0.000200258  0.000166011   0.0101536   0.0093193 -0.00168631  0.0012877 -0.0931759   -9.80076 
                65.7  0.238326 -0.158192   -5.1343    239.08  -26.4379 0.0699198 0 0 0 0.522     0 1.173 -0.845542 -0.952194 0.0280198 -0.000186994 -0.000200989  0.000180654   0.0101129  0.00933096 -0.00168941 0.00129602 -0.0931807   -9.80076 
               65.74   0.23118 -0.152796  -5.14773   239.091  -26.4102 0.0697903 0 0 0 0.522     0 1.173 -0.843972 -0.950677 0.0282839 -0.000182095  -0.00020437  0.000187517   0.0100641   0.0092889 -0.00169308 0.00130903 -0.0931742   -9.80076 
                65.8 0.230483 -0.15333 -5.14968   239.072  -26.4269 0.0701478 0 0 0 0.522     0 1.173 -0.844899 -0.951589  0.028534 -0.000181427 -0.000204002  0.000188558   0.0100459  0.00929375 -0.00169556 0.00131275 -0.0931763   -9.80076 
               65.84  0.229451 -0.153041  -5.15074   239.088  -26.4107 0.0699081 0 0 0 0.522     0 1.173 -0.843049 -0.951131 0.0287875 -0.000180126 -0.000204798  0.000188799 0.00998918 0.00927128  -0.001699  0.0013264 -0.0931745   -9.80076 
                65.9  0.230773 -0.153364   -5.1492  239.073 -26.4269 0.070317 0 0 0 0.522     0 1.173 -0.843748  -0.95203 0.0290387 -0.000180893 -0.000204616  0.000187321  0.00996673  0.00927533 -0.00170151 0.00133108 -0.0931766   -9.80076 
               65.96  0.229249 -0.152986  -5.15073   239.071  -26.4298 0.0706063 0 0 0 0.522     0 1.173 -0.842564 -0.951789 0.0293301 -0.000179276 -0.000205439  0.000187847   0.0099111  0.00925383 -0.00170481 0.00134439 -0.0931749   -9.80076 
                  66  0.229497 -0.153115  -5.15263   239.087  -26.4115 0.0700497 0 0 0 0.522     0 1.173 -0.840627 -0.951037 0.0295464 -0.000178627 -0.000206105  0.000188442  0.00985338  0.00922569 -0.00170744 0.00135849 -0.0931719   -9.80076 
               66.06  0.230388 -0.153335  -5.14977   239.071  -26.4277 0.0704267 0 0 0 0.522     0 1.173 -0.841468 -0.952027 0.0298984 -0.000178952 -0.000206147  0.000186671  0.00983083   0.0092283 -0.00170981 0.00136324 -0.0931737   -9.80076 
                66.1   0.24204 -0.158544  -5.11317   239.075  -26.4231 0.0694397 0 0 0 0.522     0 1.173 -0.840971 -0.952956 0.0301434 -0.000184499 -0.000203967  0.000168349  0.00979428  0.00923084 -0.00171153 0.00137106 -0.0931763   -9.80076 
               66.16   0.23641 -0.155132  -5.15614   239.073  -26.4371 0.0714705 0 0 0 0.522     0 1.173 -0.840704 -0.954426 0.0306369 -0.000180873 -0.000206294  0.000193675  0.00975643  0.00923189 -0.00171632 0.00137915 -0.0931786   -9.80076 
                66.2  0.228637 -0.153192  -5.15431   239.087  -26.4091 0.0701309 0 0 0 0.522     0 1.173 -0.838787 -0.953275 0.0308304 -0.000175743 -0.000207897  0.000192401  0.00970405  0.00918801 -0.00171706 0.00139285 -0.0931719   -9.80076 
               66.26  0.236256 -0.154815  -5.15792   239.068  -26.4408 0.0713486 0 0 0 0.522     0 1.173 -0.839705 -0.955372 0.0310729 -0.000180904 -0.000206849  0.000194464  0.00968464   0.0092126 -0.00172071  0.0013957 -0.0931783   -9.80076 
                66.3  0.235906 -0.155369  -5.16095   239.086  -26.4191 0.0707932 0 0 0 0.522     0 1.173 -0.837711 -0.954573 0.0312879 -0.000179855 -0.000207222  0.000195766  0.00962586  0.00918247 -0.00172327 0.00140998 -0.0931749   -9.80076 
               66.36  0.236473 -0.154898  -5.15739  239.071 -26.4408 0.071372 0 0 0 0.522     0 1.173  -0.83841 -0.955989 0.0315425 -0.000180222 -0.000207646  0.000192894  0.00960244  0.00919551 -0.00172588 0.0014143 -0.093179  -9.80076 
               66.42  0.236377 -0.155228  -5.16205    239.07  -26.4436 0.0713794 0 0 0 0.522     0 1.173  -0.83723 -0.955814 0.0319799 -0.000179512 -0.000208067  0.000195187  0.00954589  0.00917748 -0.00172827 0.00142741 -0.0931781   -9.80076 
               66.46  0.240088 -0.158132  -5.12037  239.073 -26.4197 0.069339 0 0 0 0.522     0 1.173 -0.836733 -0.954625 0.0321642 -0.000180385  -0.00020708  0.000176158  0.00951575    0.009145 -0.00172731 0.00143562 -0.0931728   -9.80076 
               66.52  0.241691 -0.159077  -5.11451   239.062  -26.4382 0.0700968 0 0 0 0.522     0 1.173 -0.837219 -0.955623 0.0324963 -0.000181145 -0.000206825  0.000172943  0.00949035  0.00915209 -0.00172996 0.00144066 -0.0931756   -9.80076 
               66.56  0.240133 -0.157502  -5.12048  239.074 -26.4193 0.069452 0 0 0 0.522     0 1.173  -0.83576 -0.954926 0.0327378 -0.000179668 -0.000208097  0.000175524  0.00944267  0.00912703 -0.00173204 0.00145216 -0.0931728   -9.80076 
               66.62  0.241828 -0.159103  -5.11386   239.063  -26.4386 0.0700464 0 0 0 0.522     0 1.173  -0.83624 -0.955997 0.0330534 -0.000180568 -0.000207392  0.000171545 0.00941711 0.00913563 -0.0017344 0.00145714  -0.093176   -9.80076 
               66.66  0.240136 -0.157263  -5.11585   239.074  -26.4219 0.0695673 0 0 0 0.522     0 1.173  -0.83493 -0.955577 0.0333089 -0.000179063  -0.00020878  0.000172266  0.00937171  0.00911633 -0.00173683  0.0014678 -0.0931743   -9.80076 
               66.72  0.241236 -0.158826  -5.11356   239.063  -26.4404 0.0702646 0 0 0 0.522     0 1.173 -0.835529 -0.956809 0.0335622 -0.000179666 -0.000207964   0.00017058   0.0093463  0.00912478 -0.00173931 0.00147273 -0.0931775   -9.80076 
               66.76  0.239496 -0.156993  -5.11721   239.076  -26.4198 0.0697549 0 0 0 0.522     0 1.173 -0.834098 -0.956143 0.0337663 -0.000177949 -0.000209442  0.000172229  0.00929796  0.00909818 -0.00174162 0.00148435 -0.0931744   -9.80076 
               66.82  0.240752 -0.158434  -5.11158  239.068 -26.4393 0.070286 0 0 0 0.522     0 1.173 -0.834523 -0.957441 0.0340088 -0.000178728  -0.00020866  0.000168094   0.0092692  0.00910761 -0.00174381 0.00148994 -0.0931779   -9.80076 
               66.86  0.239009 -0.156952  -5.11721   239.076  -26.4207 0.0698375 0 0 0 0.522     0 1.173 -0.833599  -0.95687 0.0341745 -0.000177032 -0.000209812  0.000170935  0.00922904  0.00908631 -0.00174627  0.0014995 -0.0931755   -9.80076 
               66.92  0.240557 -0.158503  -5.11148   239.066  -26.4373 0.0702668 0 0 0 0.522     0 1.173 -0.834185 -0.957795 0.0343415 -0.000178028 -0.000208792  0.000166351  0.00920233  0.00909254 -0.00174827  0.0015048 -0.0931782   -9.80076 
               66.98  0.238773 -0.156905  -5.11679    239.06  -26.4405 0.0705639 0 0 0 0.522     0 1.173 -0.833633  -0.95774 0.0345516 -0.000176352 -0.000210073   0.00016913  0.00915983  0.00907632 -0.00175085 0.00151455  -0.093177   -9.80076 
               67.02  0.226727 -0.152383  -5.15026   239.085  -26.4147 0.0706286 0 0 0 0.522     0 1.173 -0.830887 -0.956214 0.0348117  -0.00016973 -0.000213079  0.000184392  0.00908882  0.00903455 -0.00175431 0.00153158 -0.0931719   -9.80076 
               67.08  0.228559 -0.152027  -5.15236   239.066  -26.4363 0.0709487 0 0 0 0.522     0 1.173 -0.831881 -0.957308 0.0350934 -0.000170719 -0.000213314  0.000185295  0.00907152   0.0090457 -0.00175616 0.00153462 -0.0931752   -9.80076 
               67.12  0.226762 -0.152504  -5.15119   239.086  -26.4143 0.0707374 0 0 0 0.522     0 1.173 -0.829585 -0.956187 0.0353635 -0.000168955 -0.000213899  0.000184422  0.00900743  0.00901132 -0.00175904 0.00154977 -0.0931713   -9.80076 
               67.18  0.228691 -0.152354  -5.15026    239.07  -26.4358 0.0711109 0 0 0 0.522     0 1.173 -0.830234 -0.957116 0.0357179 -0.000170088 -0.000214086  0.000183611  0.00898586  0.00902224 -0.00176092  0.0015537 -0.0931747   -9.80076 
               67.22  0.23871   -0.157 -5.11157   239.077  -26.4271 0.0699136 0 0 0 0.522     0 1.173 -0.829285 -0.957432 0.0358609 -0.000175015 -0.000212078  0.000163164  0.00894676  0.00901905 -0.00176162 0.00156203  -0.093176   -9.80076 
               67.28  0.239098 -0.157698   -5.1039   239.068   -26.449 0.0709352 0 0 0 0.522     0 1.173 -0.829561 -0.958859 0.0360748 -0.000175289 -0.000211859  0.000157899  0.00891684    0.009033 -0.00176439 0.00156752 -0.0931805   -9.80076 
               67.32  0.233462 -0.158344  -5.14374   239.089  -26.4218 0.0709138 0 0 0 0.522     0 1.173 -0.827289 -0.957606 0.0363248 -0.000171145 -0.000212173  0.000179402 0.00885384 0.00899422 -0.0017676 0.00158254 -0.0931756   -9.80076 
               67.38   0.22879 -0.151133  -5.15056   239.067  -26.4383 0.0709902 0 0 0 0.522     0 1.173 -0.828415 -0.958585 0.0365268 -0.000167649 -0.000217186  0.000184011  0.00884158  0.00900181 -0.00176895 0.00158466 -0.0931779   -9.80076 
               67.44  0.226951 -0.149405  -5.15048  239.062 -26.4421 0.071807 0 0 0 0.522     0 1.173 -0.827684 -0.958548 0.0368304 -0.000166001 -0.000218578  0.000183617  0.00879608  0.00898596 -0.00177251 0.00159483 -0.0931769   -9.80076 
               67.48  0.233078 -0.158396  -5.14412   239.089  -26.4262 0.0708486 0 0 0 0.522     0 1.173 -0.824641 -0.958134 0.0370341 -0.000168139 -0.000215653  0.000180472   0.0087175  0.00896371 -0.00177356 0.00161221 -0.0931763   -9.80076 
               67.54  0.236469 -0.159828  -5.14502   239.076  -26.4427 0.0706724 0 0 0 0.522     0 1.173 -0.824889 -0.959272 0.0373061  -0.00016979 -0.000215134  0.000180718  0.00869169  0.00896904 -0.00177438 0.00161726 -0.0931787   -9.80076 
               67.58   0.23738 -0.157507  -5.14708   239.098  -26.4353 0.0712108 0 0 0 0.522     0 1.173 -0.822138 -0.960151  0.037614  -0.00016992 -0.000217237   0.00018142  0.00861721  0.00896572 -0.00177879  0.0016327 -0.0931818   -9.80076 
               67.64   0.23765 -0.157749  -5.14531   239.084  -26.4498 0.0713641 0 0 0 0.522     0 1.173 -0.822531 -0.961368 0.0378919 -0.000169958 -0.000217295  0.000180183  0.00859118  0.00897076 -0.00178011 0.00163778 -0.0931841   -9.80076 
               67.68  0.234668 -0.160493  -5.14154   239.092  -26.4229 0.0705133 0 0 0 0.522     0 1.173 -0.821291 -0.960211 0.0380977 -0.000167501 -0.000216321  0.000177966  0.00854903  0.00893347 -0.00178129 0.00164828 -0.0931786   -9.80076 
               67.74  0.237866 -0.158655  -5.14526   239.082  -26.4508 0.0715783 0 0 0 0.522     0 1.173 -0.821612 -0.962059 0.0383604 -0.000169641 -0.000217704  0.000180036  0.00851804  0.00895407 -0.00178396 0.00165356 -0.0931844   -9.80076 
               67.78  0.237447 -0.157194  -5.08751   239.081  -26.4371 0.0712363 0 0 0 0.522     0 1.173 -0.821473  -0.96239 0.0385252 -0.000169082 -0.000218699  0.000148885  0.00849146  0.00894726 -0.00178646 0.00165929 -0.0931843   -9.80076 
               67.84  0.227676 -0.147187   -5.1526   239.067  -26.4338 0.0718962 0 0 0 0.522     0 1.173 -0.822202 -0.962282 0.0386915 -0.000161682 -0.000225376  0.000193307  0.00847334   0.0089298 -0.00178844 0.00166379 -0.0931817   -9.80076 
               67.88 0.233646  -0.1573 -5.15722   239.089   -26.424 0.0709171 0 0 0 0.522     0 1.173 -0.819766 -0.962615 0.0388369 -0.000164566 -0.000220537  0.000195508   0.0084037  0.00892072 -0.00178937 0.00167843 -0.0931833   -9.80076 
               67.94 0.238015 -0.15706 -5.13503   239.082  -26.4517 0.0720856 0 0 0 0.522     0 1.173  -0.81992   -0.9645 0.0391066 -0.000167995 -0.000221012  0.000178565  0.00836997  0.00894154 -0.00179217 0.00168423 -0.0931892   -9.80076 
                  68  0.238056 -0.158082  -5.13044   239.084  -26.4559 0.0719085 0 0 0 0.522     0 1.173 -0.818302 -0.964841  0.039304 -0.000167488 -0.000221159   0.00017553   0.0083054  0.00892884 -0.00179311 0.00169794 -0.0931898   -9.80076 
               68.04  0.226064 -0.145846  -5.11852   239.086  -26.4351 0.0722115 0 0 0 0.522     0 1.173 -0.817546 -0.964201 0.0395749 -0.000161282 -0.000227111  0.000169758  0.00827218  0.00890625 -0.00179696 0.00170569 -0.0931869   -9.80076 
                68.1  0.229247 -0.146279  -5.12447   239.063  -26.4483 0.0724265 0 0 0 0.522     0 1.173 -0.818685 -0.965014 0.0397756 -0.000162877 -0.000226769  0.000172747  0.00826193  0.00891072 -0.00179832 0.00170753 -0.0931883   -9.80076 
               68.14 0.227216   -0.145 -5.12206    239.08  -26.4379 0.0723715 0 0 0 0.522     0 1.173 -0.816815   -0.9654 0.0400104 -0.000161539 -0.000228059  0.000171279  0.00820504  0.00890512 -0.00180137 0.00171922   -0.09319   -9.80076 
                68.2 0.228843 -0.14643 -5.12728   239.067  -26.4471 0.0723416 0 0 0 0.522     0 1.173  -0.81733 -0.965981 0.0401962 -0.000162268 -0.000227283  0.000174149  0.00818346  0.00890376 -0.00180228 0.00172363 -0.0931908   -9.80076 
               68.24  0.227356 -0.144988  -5.11738   239.083  -26.4417 0.0724452 0 0 0 0.522     0 1.173  -0.81549 -0.966782 0.0403999 -0.000161333  -0.00022871  0.000168698  0.00812491   0.0089085 -0.00180569 0.00173511 -0.0931946   -9.80076 
                68.3  0.227607 -0.147148   -5.1226  239.067 -26.4487  0.07237 0 0 0 0.522     0 1.173  -0.81633 -0.967061 0.0405103 -0.000161207  -0.00022725  0.000171855  0.00810816  0.00890586 -0.00180651 0.00173859 -0.0931949   -9.80076 
               68.34  0.235889 -0.157169  -5.11048   239.079  -26.4415 0.0711217 0 0 0 0.522     0 1.173 -0.814974 -0.967919  0.040626 -0.000165536 -0.000222281  0.000164888  0.00805831  0.00890903 -0.00180678 0.00174844 -0.0931979   -9.80076 
                68.4 0.237441 -0.15796 -5.11363   239.069  -26.4514 0.0713835 0 0 0 0.522     0 1.173 -0.815647 -0.968408 0.0405605   -0.0001664 -0.000221801  0.000166873  0.00803329   0.0089099 -0.00180797 0.00175338 -0.0931993   -9.80076 
               68.46  0.236361 -0.157003  -5.11058  239.063 -26.4597 0.072041 0 0 0 0.522     0 1.173 -0.815006 -0.969228 0.0405831 -0.000165441 -0.000222726    0.0001648  0.00798913  0.00890734 -0.00181064 0.00176227  -0.093201   -9.80076 
                68.5 0.226582 -0.14629 -5.11655   239.087  -26.4397 0.0722784 0 0 0 0.522     0 1.173 -0.812139 -0.968992 0.0408593  -0.00016037 -0.000228478  0.000167262  0.00791892  0.00888291 -0.00181411 0.00177733 -0.0931995   -9.80076 
               68.56  0.228503 -0.146826  -5.12111   239.065  -26.4516 0.0723797 0 0 0 0.522     0 1.173 -0.813142 -0.969728 0.0410517 -0.000161216 -0.000228146  0.000169399  0.00790667  0.00888576 -0.00181516 0.00177962 -0.0932007   -9.80076 
                68.6  0.227192 -0.146709  -5.10978   239.082  -26.4447 0.0723088 0 0 0 0.522     0 1.173 -0.811203  -0.97051 0.0412824 -0.000160402 -0.000228927  0.000163717  0.00784748  0.00888764 -0.00181806 0.00179122 -0.0932039   -9.80076 
               68.66  0.228147 -0.146917  -5.11932   239.067  -26.4526 0.0722614 0 0 0 0.522     0 1.173 -0.811859 -0.971049 0.0414633 -0.000160697 -0.000228832  0.000168901  0.00782903  0.00888584 -0.00181881 0.00179494 -0.0932044   -9.80076 
                68.7  0.226611 -0.146073  -5.11496 239.086 -26.444 0.07236 0 0 0 0.522     0 1.173 -0.809658 -0.971628 0.0417448 -0.000159646 -0.000230049  0.000166413  0.00776453  0.00888445 -0.00182203 0.00180769 -0.0932072   -9.80076 
               68.76   0.22836 -0.146741  -5.11855  239.068 -26.4533 0.072476 0 0 0 0.522     0 1.173 -0.810568 -0.972164 0.0419891 -0.000160513 -0.000229566  0.000168412  0.00774978  0.00888501 -0.00182302 0.00181056  -0.093208   -9.80076 
                68.8  0.235277 -0.155339  -5.12362  239.085 -26.4377 0.071834 0 0 0 0.522     0 1.173 -0.808725 -0.972161 0.0421571 -0.000163663 -0.000225584  0.000170798  0.00769303  0.00887067 -0.00182448  0.0018224 -0.0932079   -9.80076 
               68.86 0.237178  -0.1549  -5.1325   239.074  -26.4544 0.0722534 0 0 0 0.522     0 1.173 -0.809213 -0.973165 0.0422952 -0.000164864 -0.000225977  0.000176619  0.00766698  0.00887937 -0.00182585 0.00182709 -0.0932109   -9.80076 
                68.9  0.234746 -0.155182  -5.12289   239.084   -26.442 0.0718128 0 0 0 0.522     0 1.173 -0.808049 -0.973406 0.0424359 -0.000163122 -0.000226237    0.0001709  0.00762171  0.00887398 -0.00182777 0.00183618 -0.0932119   -9.80076 
               68.96 0.238402 -0.15734 -5.11256   239.064   -26.459 0.0715335 0 0 0 0.522     0 1.173 -0.809171 -0.974713 0.0425944 -0.000165825 -0.000224502  0.000162865   0.0076087  0.00888591 -0.00182807 0.00183818 -0.0932149   -9.80076 
               69.02  0.236318 -0.156163  -5.10247   239.057  -26.4705 0.0724382 0 0 0 0.522     0 1.173  -0.80874 -0.976074 0.0429467 -0.000164429 -0.000225511  0.000156646  0.00756786  0.00889245 -0.00183107  0.0018458 -0.0932181   -9.80076 
               69.06  0.236241 -0.155841  -5.10325   239.072  -26.4511 0.0716608 0 0 0 0.522     0 1.173 -0.807255 -0.976015 0.0431422 -0.000163839 -0.000226193  0.000156766  0.00751967  0.00887539 -0.00183209 0.00185597  -0.093217   -9.80076 
               69.12  0.230616 -0.147034  -5.11706   239.066  -26.4558 0.0725005 0 0 0 0.522     0 1.173 -0.807324 -0.976389 0.0433747  -0.00016048 -0.000231168  0.000164031   0.0074906  0.00886868 -0.00183392 0.00186188 -0.0932171   -9.80076 
               69.16  0.228402 -0.145824   -5.1126   239.077  -26.4505 0.0722974 0 0 0 0.522     0 1.173 -0.805983 -0.977411 0.0435867 -0.000159297 -0.000232257  0.000161568  0.00744285  0.00887648 -0.00183635 0.00187075 -0.0932209   -9.80076 
               69.22  0.233964 -0.153751  -5.13381    239.07  -26.4602 0.0726207 0 0 0 0.522     0 1.173 -0.806183  -0.97817 0.0437879 -0.000162377 -0.000227706  0.000173941  0.00741428  0.00887688 -0.00183744 0.00187627 -0.0932222   -9.80076 
               69.26  0.240544 -0.157123  -5.11409    239.07  -26.4558 0.0716945 0 0 0 0.522     0 1.173 -0.806065 -0.979467 0.0439257 -0.000165808 -0.000226062  0.000163369  0.00738813  0.00889089 -0.00183823 0.00188068 -0.0932262   -9.80076 
               69.32  0.234225 -0.147926   -5.1231   239.068  -26.4525 0.0723804 0 0 0 0.522     0 1.173 -0.805833 -0.979207 0.0442215 -0.000161126 -0.000232303  0.000169049  0.00735666  0.00887434 -0.00183972 0.00188746 -0.0932244   -9.80076 
               69.36  0.241225 -0.156524  -5.12017   239.066  -26.4685 0.0719931 0 0 0 0.522     0 1.173 -0.805972 -0.982479 0.0444598 -0.000165683 -0.000227593    0.0001671  0.00733224  0.00892944 -0.00184185 0.00188964 -0.0932361   -9.80076 
               69.42 0.236708 -0.15637 -5.11917   239.057  -26.4715 0.0722783 0 0 0 0.522     0 1.173 -0.806485 -0.983029 0.0446582 -0.000162121 -0.000227748   0.00016611  0.00730981   0.0089259 -0.00184277 0.00189409 -0.0932365   -9.80076 
               69.48  0.240091 -0.155265  -5.10944   239.042  -26.4944 0.0727055 0 0 0 0.522     0 1.173 -0.807096  -0.98542 0.0448931 -0.000164408 -0.000228391  0.000160214  0.00728539  0.00896113 -0.00184458 0.00189715 -0.0932444   -9.80076 
               69.52  0.241195 -0.156888  -5.10455   239.053  -26.4707 0.0719489 0 0 0 0.522     0 1.173  -0.80616  -0.98516 0.0450893 -0.000164344 -0.000228011  0.000157771  0.00724823  0.00894324 -0.00184551 0.00190507 -0.0932427   -9.80076 
               69.58  0.242646 -0.159097  -5.11168   239.043  -26.4727 0.0722232 0 0 0 0.522     0 1.173 -0.806737 -0.986026 0.0454198 -0.000164787 -0.000226937  0.000161235  0.00723008  0.00893751 -0.00184633 0.00190879 -0.0932424   -9.80076 
               69.62  0.242859 -0.157679  -5.10256   239.048  -26.4745 0.0720785 0 0 0 0.522     0 1.173 -0.806522 -0.988276 0.0456725 -0.000165184  -0.00022777  0.000156614  0.00720148  0.00896718 -0.00184874 0.00191287 -0.0932494   -9.80076 
               69.68  0.238757 -0.154576  -5.11458    239.05  -26.4577 0.0722786 0 0 0 0.522     0 1.173 -0.806405 -0.987421 0.0458553 -0.000162043  -0.00022979  0.000163227  0.00717042   0.0089347 -0.00184928 0.00192023 -0.0932446   -9.80076 
               69.72  0.234365 -0.151399  -5.12999   239.057  -26.4624 0.0724357 0 0 0 0.522     0 1.173 -0.805798 -0.989558 0.0460928 -0.000160093 -0.000231626  0.000170751    0.007134  0.00896496 -0.00185236 0.00192573  -0.093252   -9.80076 
               69.78  0.239538 -0.152114  -5.14157   239.052   -26.467 0.0729143 0 0 0 0.522     0 1.173 -0.806054 -0.990115 0.0462985 -0.000163002 -0.000231303   0.00017773  0.00710781  0.00896024 -0.00185343  0.0019309 -0.0932523   -9.80076 
               69.82  0.243527 -0.156961  -5.10951   239.042  -26.4755 0.0721543 0 0 0 0.522     0 1.173 -0.807375   -0.9929 0.0464435 -0.000165718  -0.00022837  0.000160275  0.00710648  0.00900587 -0.00185458 0.00192911  -0.093261   -9.80076 
               69.88  0.239734 -0.152446  -5.15207   239.047   -26.465 0.0728706 0 0 0 0.522     0 1.173 -0.807094  -0.99255 0.0466579 -0.000162361 -0.000231631  0.000189215  0.00707203   0.0089825 -0.00185588 0.00193662 -0.0932581   -9.80076 
               69.92  0.240095 -0.152184  -5.15068   239.042   -26.471 0.0728275 0 0 0 0.522     0 1.173 -0.807949 -0.995023 0.0468738 -0.000162977 -0.000231476  0.000188063  0.00706331  0.00902162 -0.00185862 0.00193649 -0.0932659   -9.80076 
               69.98  0.239839 -0.153124  -5.15195   239.048  -26.4657 0.0730447 0 0 0 0.522     0 1.173 -0.807538 -0.994824 0.0471287 -0.000162203 -0.000231034  0.000188692  0.00702768  0.00900441 -0.00185919 0.00194395 -0.0932643   -9.80076 
               70.04  0.240191 -0.152767  -5.15024   239.027  -26.4908 0.0738382 0 0 0 0.522     0 1.173 -0.808699 -0.997105 0.0475276 -0.000162794 -0.000230924  0.000187309  0.00701888   0.0090425 -0.00186165 0.00194389 -0.0932718   -9.80076 
               70.08  0.240192 -0.153199  -5.15267   239.043  -26.4668 0.0729172 0 0 0 0.522     0 1.173 -0.807421 -0.996451 0.0477493 -0.000162161 -0.000231112   0.00018814  0.00697784  0.00902116 -0.00186204 0.00195252 -0.0932696   -9.80076 
               70.16  0.240135 -0.156782  -5.13825  239.033 -26.4922 0.073629 0 0 0 0.522     0 1.173 -0.807398 -0.996993   0.04806 -0.000161871 -0.000229662  0.000180139  0.00693821  0.00901578 -0.00186182 0.00196018 -0.0932704   -9.80076 
               70.24  0.238584 -0.156851  -5.13743    239.07  -26.4444 0.0720382 0 0 0 0.522     0 1.173 -0.799553 -0.988521 0.0479509 -0.000157037 -0.000232374  0.000179341  0.00676393  0.00881306 -0.00185364 0.00200173 -0.0932403   -9.80076 
               70.28  0.238329 -0.158593  -5.13381   239.093   -26.414 0.0700703 0 0 0 0.522     0 1.173 -0.795913 -0.985956 0.0479288 -0.000155369 -0.000232626  0.000177226  0.00667819  0.00874496 -0.00185044 0.00202072 -0.0932314   -9.80076 
               70.34  0.231339 -0.151436   -5.1507    239.08   -26.431 0.0714183 0 0 0 0.522     0 1.173 -0.796255 -0.986842 0.0481137 -0.000150582 -0.000237336  0.000188033  0.00665503  0.00874727 -0.00185252 0.00202487 -0.0932329   -9.80076 
               70.38 0.238085 -0.15451 -5.15451   239.092  -26.4153 0.0710891 0 0 0 0.522     0 1.173 -0.794744 -0.986457 0.0482462 -0.000153597 -0.000236072  0.000189765  0.00660737  0.00872478 -0.00185397 0.00203467 -0.0932308   -9.80076 
               70.44  0.237802 -0.154678    -5.158   239.072  -26.4361 0.0720613 0 0 0 0.522     0 1.173 -0.795742 -0.987613 0.0484646 -0.00015331 -0.00023579 0.000191947  0.00659435  0.00873412 -0.00185558 0.00203664 -0.0932331   -9.80076 
                70.5  0.231364 -0.152637  -5.15379   239.074  -26.4274 0.0716817 0 0 0 0.522     0 1.173 -0.794294  -0.98614 0.0486416 -0.000148489 -0.000237536  0.000189173  0.00653881  0.00868658 -0.00185461 0.00204897 -0.0932268   -9.80076 
               70.54  0.231962 -0.152352  -5.15208   239.09 -26.4123 0.070704 0 0 0 0.522     0 1.173 -0.792561 -0.985686 0.0487368 -0.000148081 -0.000238302  0.000188123   0.0064844  0.00866084 -0.00185448  0.0020601 -0.0932245   -9.80076 
                70.6   0.23103 -0.152275  -5.15002   239.078  -26.4288 0.0716664 0 0 0 0.522     0 1.173 -0.793022 -0.986532 0.0488881 -0.000147435 -0.000238507  0.000186847  0.00646028  0.00866073 -0.00185592 0.00206452 -0.0932255   -9.80076 
               70.64   0.23141 -0.152523  -5.15254    239.09   -26.411 0.0707957 0 0 0 0.522     0 1.173  -0.79149 -0.985672 0.0490058 -0.000146853 -0.000238865   0.00018775  0.00641283  0.00863133 -0.00185602 0.00207449 -0.0932222   -9.80076 
                70.7 0.231747 -0.15203 -5.15236   239.077  -26.4302 0.0715044 0 0 0 0.522     0 1.173 -0.791978 -0.986444  0.049265 -0.000146936 -0.000239244  0.000187406  0.00639028  0.00863542 -0.00185708 0.00207843 -0.0932239   -9.80076 
               70.74  0.240918 -0.159233  -5.11106   239.082  -26.4215 0.0705541 0 0 0 0.522     0 1.173 -0.791187 -0.986548 0.0493739 -0.000151253 -0.000235922  0.000166158  0.00635423  0.00862746 -0.00185705 0.00208538  -0.093224   -9.80076 
                70.8  0.236287 -0.155166  -5.16112   239.068  -26.4359 0.0722183 0 0 0 0.522     0 1.173 -0.791721 -0.986633 0.0497717 -0.00014808 -0.00023833 0.000197197  0.00633552  0.00862836 -0.00185952 0.00208871  -0.093225   -9.80076 
               70.84  0.230142 -0.151321  -5.15918   239.084  -26.4103 0.0706812 0 0 0 0.522     0 1.173 -0.790032 -0.984738  0.049942 -0.000143793 -0.000240835  0.000195817  0.00628715  0.00858624 -0.00185803 0.00209932 -0.0932194   -9.80076 
                70.9  0.235722 -0.154962  -5.15839   239.076  -26.4394 0.0726486 0 0 0 0.522     0 1.173 -0.790209 -0.986397 0.0502165 -0.000147745 -0.000238497  0.000194956  0.00625726  0.00860411 -0.00186096 0.00210396 -0.0932239   -9.80076 
               70.94  0.234744 -0.155541  -5.15833   239.093  -26.4173 0.0718731 0 0 0 0.522     0 1.173 -0.788252 -0.985326 0.0503022 -0.000146329 -0.000238726  0.000194555  0.00620262  0.00857066 -0.00186125 0.00211529 -0.0932202   -9.80076 
                  71  0.235736 -0.154898  -5.15951   239.074  -26.4376 0.0724984 0 0 0 0.522     0 1.173   -0.7891 -0.986374 0.0504354 -0.000146998 -0.000239037  0.000195105 0.00618906  0.0085801 -0.0018622 0.00211733 -0.0932225   -9.80076 
               71.06 0.234549 -0.15528 -5.15952   239.077  -26.4395 0.0729544 0 0 0 0.522     0 1.173  -0.78712 -0.985481 0.0506578 -0.000145588 -0.000239417  0.000194721  0.00612958  0.00855518 -0.00186298 0.00212912 -0.0932206   -9.80076 
                71.1  0.238552 -0.158164   -5.1108   239.079  -26.4244 0.0707013 0 0 0 0.522     0 1.173 -0.786417 -0.984763 0.0506497 -0.000146956 -0.000238302  0.000171827  0.00610163  0.00853702 -0.00185995 0.00213498 -0.0932185   -9.80076 
               71.16 0.239146 -0.15749  -5.1183   239.062  -26.4442 0.0715051 0 0 0 0.522     0 1.173 -0.787146 -0.985556 0.0509856 -0.000147257 -0.000238601  0.000175654   0.0060877  0.00854615 -0.00186101 0.00213708 -0.0932207   -9.80076 
                71.2  0.237676 -0.157523  -5.11204    239.08  -26.4246 0.0708402 0 0 0 0.522     0 1.173  -0.78514 -0.984613 0.0512023 -0.000145814 -0.000239198  0.000172288  0.00603303   0.0085183 -0.00186134 0.00214807  -0.093218   -9.80076 
               71.26  0.238893 -0.157524  -5.12046   239.062  -26.4435 0.0715265 0 0 0 0.522     0 1.173 -0.786149 -0.986008 0.0515148 -0.000146487 -0.000239079   0.00017706  0.00602052  0.00852678 -0.00186219 0.00214994 -0.0932201   -9.80076 
                71.3  0.237857 -0.157713  -5.11198   239.079  -26.4245 0.0709057 0 0 0 0.522     0 1.173 -0.784316 -0.985524 0.0516887 -0.000145243 -0.000239556  0.000172336  0.00596722  0.00850083 -0.00186259 0.00216056 -0.0932177   -9.80076 
               71.36  0.238334 -0.157622  -5.11728  239.063 -26.4432 0.071706 0 0 0 0.522     0 1.173 -0.785136  -0.98654 0.0518298 -0.000145486 -0.000239508  0.000175551  0.00595257  0.00850925 -0.00186358 0.00216281 -0.0932198   -9.80076 
                71.4  0.236495 -0.156253  -5.11877   239.072  -26.4307 0.0710243 0 0 0 0.522     0 1.173 -0.784288 -0.986624  0.051954 -0.000144037 -0.000240468  0.000176037  0.00591622  0.00849921 -0.00186394  0.0021697 -0.0932195   -9.80076 
               71.46  0.239853 -0.158475  -5.11517   239.065  -26.4426 0.0717152 0 0 0 0.522     0 1.173 -0.784621 -0.987356 0.0521402 -0.000146213 -0.000238949  0.000173161  0.00589121  0.00849864 -0.00186469 0.00217417 -0.0932205   -9.80076 
               71.52  0.235853 -0.155975  -5.11903   239.057  -26.4506 0.0722368 0 0 0 0.522     0 1.173 -0.784402 -0.987737 0.0523267 -0.000143505 -0.000240536   0.00017504  0.00585682  0.00849108 -0.00186541 0.00218057 -0.0932206   -9.80076 
               71.56  0.235992 -0.156118  -5.11735   239.073  -26.4314 0.0712556 0 0 0 0.522     0 1.173 -0.782907 -0.986855 0.0523226 -0.000142902 -0.000241028  0.000174019  0.00580717   0.0084656 -0.00186497 0.00219042 -0.0932181   -9.80076 
               71.62  0.238679 -0.157891  -5.11544   239.066   -26.446 0.0716347 0 0 0 0.522     0 1.173 -0.783252 -0.987115 0.0524147 -0.000144158 -0.000240316  0.000172836 0.00578143 0.00846721 -0.0018652 0.00219491 -0.0932195   -9.80076 
               71.66  0.228577 -0.150209  -5.15604   239.083  -26.4181 0.0713165 0 0 0 0.522     0 1.173 -0.781295  -0.98536 0.0526138 -0.000138255 -0.000244478  0.000191978  0.00572973  0.00842256 -0.00186615 0.00220583 -0.0932138   -9.80076 
               71.72  0.230878 -0.150504  -5.15762   239.068  -26.4343 0.0719554 0 0 0 0.522     0 1.173 -0.781855  -0.98619  0.052736 -0.000139421 -0.000244309  0.000192624  0.00571237  0.00842453 -0.00186681  0.0022088 -0.0932149   -9.80076 
               71.76 0.228765 -0.15023 -5.15239   239.086  -26.4206 0.0713943 0 0 0 0.522     0 1.173 -0.779877 -0.985946 0.0528288 -0.000137785 -0.000245057  0.000189648   0.0056566  0.00840553 -0.00186731 0.00221938 -0.0932138   -9.80076 
               71.82  0.230041 -0.150183   -5.1547   239.065  -26.4383 0.0720717 0 0 0 0.522     0 1.173 -0.780867  -0.98682  0.053011 -0.000138491 -0.000244914  0.000190816  0.00564627  0.00841154 -0.00186805 0.00222093 -0.0932153   -9.80076 
               71.86  0.236389 -0.156533  -5.11235   239.073  -26.4357 0.0713497 0 0 0 0.522     0 1.173 -0.780172 -0.987776 0.0531624 -0.000141857  -0.00024182  0.000167839  0.00561003  0.00842006 -0.00186831 0.00222695 -0.0932183   -9.80076 
               71.92  0.238449 -0.157207  -5.11362   239.065  -26.4454 0.0719381 0 0 0 0.522     0 1.173 -0.780583 -0.988269 0.0533946  -0.00014301 -0.000241408  0.000168449  0.00558631  0.00841737 -0.00186881  0.0022312 -0.0932188   -9.80076 
               71.96  0.232714 -0.158804   -5.1472   239.096  -26.4233 0.0717285 0 0 0 0.522     0 1.173 -0.777422 -0.987347 0.0535588 -0.000138886 -0.000241438  0.000186946  0.00550671  0.00838335 -0.00186994 0.00224645 -0.0932161   -9.80076 
               72.02  0.229675 -0.150271  -5.15345   239.069  -26.4376 0.0720977 0 0 0 0.522     0 1.173 -0.778706 -0.988253 0.0537887 -0.000136433 -0.000247434  0.000191326  0.00550435  0.00838699 -0.00187017 0.00224668 -0.0932168   -9.80076 
               72.08  0.227095 -0.148287  -5.14995  239.065 -26.4463 0.073207 0 0 0 0.522     0 1.173 -0.777896  -0.98872 0.0540968  -0.00013451 -0.000248879  0.000188902   0.0054622  0.00837805 -0.00187205 0.00225434  -0.093217   -9.80076 
               72.12  0.232945 -0.158756  -5.14323  239.096 -26.4259 0.071663 0 0 0 0.522     0 1.173 -0.774607 -0.987854 0.0541297 -0.000136433 -0.000245163  0.000185482     0.00538  0.00834463 -0.00187016 0.00226998 -0.0932145   -9.80076 
               72.18  0.236442 -0.160089  -5.14485   239.077   -26.442 0.0718546 0 0 0 0.522     0 1.173 -0.775501 -0.988697 0.0542796 -0.000138222 -0.000244391  0.000186121 0.00536632 0.00834854   -0.00187  0.0022722 -0.0932158   -9.80076 
               72.22  0.236126 -0.157851  -5.14755   239.101  -26.4344 0.0720484 0 0 0 0.522     0 1.173  -0.77279 -0.989192 0.0544798 -0.000137748 -0.000246419   0.00018715  0.00529276  0.00834259 -0.00187202 0.00228511 -0.0932177   -9.80076 
               72.28  0.237368 -0.158381  -5.14472   239.088  -26.4508 0.0724609 0 0 0 0.522     0 1.173  -0.77316 -0.990185 0.0546429 -0.000138414 -0.000246216   0.00018521  0.00526879  0.00834804 -0.00187219 0.00228903 -0.0932196   -9.80076 
               72.32 0.234628 -0.16057 -5.14211   239.093  -26.4241 0.0713488 0 0 0 0.522     0 1.173 -0.772291 -0.988804 0.0547166 -0.000136058 -0.000245282  0.000183519  0.00523498  0.00830964 -0.00187128 0.00229639 -0.0932144   -9.80076 
               72.38  0.237299 -0.158419  -5.14466  239.086 -26.4526 0.072709 0 0 0 0.522     0 1.173  -0.77246 -0.990555 0.0546867 -0.000137978 -0.000246878  0.000184917  0.00520414  0.00832953 -0.00187285 0.00230088  -0.093219   -9.80076 
               72.42  0.235491 -0.156278  -5.09021   239.083  -26.4396 0.0723531 0 0 0 0.522     0 1.173 -0.772559 -0.990713 0.0546667 -0.000136707 -0.000248054  0.000154791  0.00518583  0.00832331 -0.00187386 0.00230424 -0.0932187   -9.80076 
               72.48  0.228097 -0.146113  -5.15453   239.067  -26.4338 0.0731868 0 0 0 0.522     0 1.173 -0.773301 -0.990528 0.0548587 -0.000130658 -0.000254961  0.000200661  0.00517473  0.00830124 -0.00187464 0.00230697 -0.0932154   -9.80076 
               72.54  0.233966 -0.157303  -5.15424  239.081 -26.4419 0.072948 0 0 0 0.522     0 1.173 -0.770813 -0.991079 0.0549624 -0.000133484 -0.000249513  0.000200083  0.00509578  0.00828494 -0.00187327 0.00232114 -0.0932157   -9.80076 
               72.58  0.236598 -0.157214  -5.13198   239.101  -26.4415 0.0724389 0 0 0 0.522     0 1.173 -0.768322 -0.992461 0.0551023 -0.000134658 -0.000250472  0.000189777  0.00502717   0.0082932 -0.00187378 0.00233251 -0.0932199   -9.80076 
               72.64  0.236647 -0.157659   -5.1338   239.086  -26.4518 0.0728906 0 0 0 0.522     0 1.173 -0.768651 -0.993351  0.055281  -0.00013449 -0.000250326  0.000190485  0.00500677  0.00829127 -0.00187395 0.00233605 -0.0932203   -9.80076 
               72.68  0.226533 -0.143707  -5.12434  239.083 -26.4373  0.07332 0 0 0 0.522     0 1.173 -0.768571 -0.993053 0.0554625 -0.000129237 -0.000256955   0.00018568  0.00498757  0.00827954 -0.00187667  0.0023397 -0.0932191   -9.80076 
               72.74  0.230216 -0.145678  -5.12366   239.069  -26.4498 0.0735205 0 0 0 0.522     0 1.173 -0.769163  -0.99352 0.0555435 -0.000131182  -0.00025583  0.000185046  0.00496997  0.00828043 -0.00187654 0.00234266   -0.09322   -9.80076 
               72.78  0.227399 -0.144585  -5.12348   239.086  -26.4379 0.0733314 0 0 0 0.522     0 1.173 -0.767335 -0.993631 0.0557122 -0.000129364 -0.000256926  0.000184643   0.0049166  0.00827029 -0.00187784 0.00235206 -0.0932204   -9.80076 
               72.84  0.229105 -0.145656  -5.12684    239.07  -26.4492 0.0736127 0 0 0 0.522     0 1.173 -0.768074 -0.994399 0.0557991 -0.000130245 -0.000256158  0.000186473  0.00490151  0.00827028 -0.00187782 0.00235461 -0.0932209   -9.80076 
               72.88  0.227139 -0.144504  -5.12112   239.078    -26.44 0.0732678 0 0 0 0.522     0 1.173 -0.767218 -0.995068 0.0560278 -0.000128937 -0.000256991  0.000183084  0.00486436  0.00826823 -0.00187882 0.00236093 -0.0932221   -9.80076 
               72.94  0.228344 -0.146523   -5.1237   239.071    -26.45 0.0734727 0 0 0 0.522     0 1.173 -0.767424 -0.995786 0.0563589 -0.000129523 -0.000255637  0.000184556  0.00484013  0.00826622 -0.00187862 0.00236509 -0.0932227   -9.80076 
               72.98  0.234383 -0.155823  -5.11154   239.081  -26.4453 0.0722787 0 0 0 0.522     0 1.173  -0.76639 -0.996776 0.0564176 -0.000132829 -0.000250714  0.000177373  0.00479867  0.00827392 -0.00187764 0.00237179 -0.0932256   -9.80076 
               73.04  0.236463 -0.157344   -5.1152    239.07  -26.4497 0.0726186 0 0 0 0.522     0 1.173 -0.766886  -0.99707 0.0565628 -0.000134015 -0.000249489    0.0001798  0.00477947  0.00826617 -0.00187752 0.00237531  -0.093225   -9.80076 
                73.1   0.23436 -0.155805  -5.11141  239.066 -26.4651 0.073598 0 0 0 0.522     0 1.173 -0.766236 -0.998291 0.0567728 -0.000132695 -0.000250687  0.000177229  0.00473608  0.00827467 -0.00187879 0.00238222 -0.0932281   -9.80076 
               73.14  0.226182 -0.144905  -5.11929   239.078  -26.4399 0.0733983 0 0 0 0.522     0 1.173 -0.764771 -0.997067 0.0569768 -0.000128092 -0.000256109  0.000180625  0.00469409  0.00824176 -0.00187987 0.00239045 -0.0932243   -9.80076 
                73.2  0.229134 -0.146287  -5.12259    239.07  -26.4518 0.0736576 0 0 0 0.522     0 1.173 -0.764895 -0.997304 0.0571194 -0.000129517 -0.000255491  0.000182175  0.00466982  0.00824117 -0.00187965 0.00239452 -0.0932251   -9.80076 
               73.24  0.226374 -0.144715  -5.11875   239.075  -26.4429 0.0734663 0 0 0 0.522     0 1.173 -0.764335 -0.997594 0.0572293 -0.000127937 -0.000256397  0.000179985 0.00463974 0.00823996 -0.0018809 0.00239954 -0.0932261   -9.80076 
                73.3  0.228927 -0.146279  -5.12147   239.071  -26.4523 0.0736752 0 0 0 0.522     0 1.173 -0.764234 -0.998078 0.0573707 -0.000129224 -0.000255648  0.000181355  0.00461094  0.00823642 -0.00188057 0.00240446 -0.0932266   -9.80076 
               73.34   0.22618 -0.144523  -5.11752   239.079  -26.4455 0.0734938 0 0 0 0.522     0 1.173 -0.763305 -0.998772 0.0575326 -0.000127649 -0.000256788  0.000178985  0.00457424  0.00823996 -0.00188182 0.00241039 -0.0932286   -9.80076 
                73.4   0.22927 -0.146247  -5.12092    239.07   -26.452 0.0737237 0 0 0 0.522     0 1.173 -0.763532 -0.999106 0.0576744 -0.000129373 -0.000255673  0.000180935  0.00455224  0.00823401 -0.00188153 0.00241425 -0.0932284   -9.80076 
               73.44  0.235095 -0.154774  -5.12203   239.092  -26.4392 0.0731268 0 0 0 0.522     0 1.173 -0.761244 -0.999239 0.0577888 -0.000132116 -0.000251702  0.000181193  0.00448833  0.00822202 -0.00188168 0.00242527 -0.0932289   -9.80076 
                73.5  0.237684 -0.153731  -5.13242  239.077 -26.4504 0.073915 0 0 0 0.522     0 1.173 -0.761934  -1.00012 0.0578888 -0.000133744 -0.000252325   0.00018834  0.00447101  0.00822228 -0.00188222  0.0024281 -0.0932296   -9.80076 
               73.56  0.234848 -0.154718  -5.12061   239.076  -26.4605 0.0742235 0 0 0 0.522     0 1.173 -0.760901  -1.00083 0.0579001 -0.000131813 -0.000252217  0.000181213  0.00442124  0.00821807 -0.00188185 0.00243644 -0.0932308   -9.80076 
                73.6  0.236311 -0.156121  -5.10487   239.079  -26.4531 0.0728673 0 0 0 0.522     0 1.173 -0.760393  -1.00151 0.0579013 -0.000132367 -0.000251758  0.000173856   0.0043922  0.00822202 -0.00188038 0.00244108 -0.0932325   -9.80076 
               73.66  0.238096 -0.156249  -5.11356   239.065  -26.4587 0.0730612 0 0 0 0.522     0 1.173  -0.76105  -1.00188 0.0580338 -0.000133008 -0.000251667  0.000178106  0.00437664  0.00821606 -0.00187993 0.00244386 -0.0932321   -9.80076 
                73.7   0.23599 -0.155047  -5.10452  239.076 -26.4543 0.073087 0 0 0 0.522     0 1.173 -0.759919  -1.00294 0.0582044 -0.000131972 -0.000252634  0.000173499  0.00433382  0.00822486 -0.00188147  0.0024505 -0.0932351   -9.80076 
               73.76  0.231348 -0.146205  -5.11797  239.069 -26.4545  0.07367 0 0 0 0.522     0 1.173 -0.760002    -1.003 0.0583029 -0.000128904 -0.000257705  0.000180914  0.00431145  0.00821103 -0.00188156 0.00245464 -0.0932337   -9.80076 
                73.8   0.22783 -0.144214  -5.11766   239.073  -26.4505 0.0735089 0 0 0 0.522     0 1.173 -0.759391  -1.00406 0.0584201 -0.000127098 -0.000258815  0.000180448 0.00428136 0.00822122 -0.0018828 0.00245913 -0.0932365   -9.80076 
               73.86  0.232722 -0.152245  -5.13941   239.068  -26.4633 0.0741651 0 0 0 0.522     0 1.173 -0.759514   -1.0048 0.0586415     -0.00013 -0.000253875  0.000193752  0.00425416  0.00822408 -0.00188308 0.00246346  -0.093238   -9.80076 
                73.9  0.240135 -0.156237  -5.11304   239.074  -26.4581 0.0730629 0 0 0 0.522     0 1.173 -0.758986  -1.00587 0.0587422  -0.00013397 -0.000251924  0.000179309  0.00422215  0.00823492 -0.00188218 0.00246828 -0.0932409   -9.80076 
               73.96  0.233878 -0.146374  -5.12291   239.071  -26.4556 0.0738571 0 0 0 0.522     0 1.173 -0.758919  -1.00574 0.0589121 -0.000129153  -0.00025876   0.00018583  0.00419585  0.00821839 -0.00188253  0.0024731 -0.0932393   -9.80076 
                  74  0.240263 -0.156018  -5.11895   239.072  -26.4707 0.0730688 0 0 0 0.522     0 1.173 -0.758801  -1.00894 0.0590051 -0.000133469 -0.000253364  0.000183228  0.00416806  0.00827098 -0.00188246 0.00247569 -0.0932487   -9.80076 
               74.06   0.23612 -0.155935  -5.11735   239.066  -26.4725 0.0734379 0 0 0 0.522     0 1.173 -0.759025  -1.00929 0.0591453 -0.000130019 -0.000253435  0.000181719  0.00414452  0.00826404 -0.00188219 0.00247974 -0.0932485   -9.80076 
               74.12  0.238578 -0.155011  -5.11248   239.052  -26.4914 0.0742686 0 0 0 0.522     0 1.173 -0.759513  -1.01125  0.059325 -0.000131666 -0.000253865  0.000178507   0.0041229  0.00828876 -0.00188296  0.0024823 -0.0932533   -9.80076 
               74.16  0.240911 -0.156292  -5.10544   239.057  -26.4742 0.0730975 0 0 0 0.522     0 1.173 -0.759223  -1.01168 0.0594583 -0.000132442  -0.00025333  0.000174959   0.0040985  0.00828255 -0.00188177 0.00248647 -0.0932532   -9.80076 
               74.22  0.242861 -0.158737  -5.10958   239.049  -26.4752 0.0735807 0 0 0 0.522     0 1.173  -0.75979  -1.01228 0.0597267  -0.00013317 -0.000252012  0.000176968  0.00408134  0.00827412 -0.00188162 0.00248953 -0.0932524   -9.80076 
               74.26  0.242483 -0.156837  -5.10185   239.053  -26.4757 0.0733243 0 0 0 0.522     0 1.173 -0.759731  -1.01417 0.0598646 -0.000133272 -0.000252964  0.000172868  0.00405781  0.00830084 -0.00188251 0.00249231 -0.0932576   -9.80076 
               74.32 0.238962 -0.15425  -5.1187   239.053  -26.4603 0.0736091 0 0 0 0.522     0 1.173 -0.759543  -1.01342 0.0600112 -0.000130387 -0.000254604  0.000182662  0.00403241  0.00826877 -0.00188195 0.00249752 -0.0932534   -9.80076 
               74.36  0.235422 -0.151143  -5.13117   239.062  -26.4587 0.0739403 0 0 0 0.522     0 1.173 -0.758717  -1.01487 0.0602195 -0.000128614 -0.000256366  0.000188827  0.00399787  0.00828503 -0.00188413  0.0025024 -0.0932572   -9.80076 
               74.42  0.240333 -0.151645  -5.14333   239.054   -26.471 0.0740674 0 0 0 0.522     0 1.173 -0.759106  -1.01581  0.060346 -0.000131696 -0.000255992    0.0001965  0.00397749  0.00828905 -0.00188348 0.00250551 -0.0932586   -9.80076 
               74.46  0.243459 -0.156512  -5.10935   239.047  -26.4773 0.0735207 0 0 0 0.522     0 1.173 -0.760208   -1.0183 0.0604596 -0.000133963 -0.000252936  0.000177531  0.00397567   0.0083298 -0.00188386 0.00250434 -0.0932651   -9.80076 
               74.52  0.239781 -0.151801  -5.15192   239.054   -26.469 0.0744324 0 0 0 0.522     0 1.173 -0.759973  -1.01799 0.0604965 -0.000130626 -0.000256398  0.000207756  0.00394161  0.00830784 -0.00188424  0.0025105 -0.0932629   -9.80076 
               74.58  0.240659 -0.151274  -5.15041   239.033  -26.4952 0.0754255 0 0 0 0.522     0 1.173 -0.761476  -1.02057 0.0605571 -0.000131592 -0.000256294   0.00020648  0.00393572  0.00834666 -0.00188539 0.00251003 -0.0932692   -9.80076 
               74.62 0.241065 -0.15184 -5.15263   239.047  -26.4702 0.0741325 0 0 0 0.522     0 1.173  -0.76049  -1.01986 0.0604773 -0.000131135   -0.0002563   0.00020716  0.00390076  0.00832262 -0.00188385 0.00251643 -0.0932667   -9.80076 
               74.68  0.239866 -0.153205  -5.15139   239.053  -26.4732 0.0744497 0 0 0 0.522     0 1.173 -0.760029     -1.02 0.0604306 -0.000130199  -0.00025596  0.000206282  0.00386568  0.00831276 -0.00188337 0.00252231 -0.0932664   -9.80076 
               74.72  0.240446 -0.152204  -5.14987   239.048  -26.4751 0.0744534 0 0 0 0.522     0 1.173  -0.76084  -1.02242 0.0605971 -0.000130815  -0.00025613  0.000205219  0.00385937  0.00834214 -0.00188496 0.00252224 -0.0932712   -9.80076 
                74.8  0.239398 -0.156712  -5.14025   239.037  -26.4936 0.0750856 0 0 0 0.522     0 1.173 -0.761021  -1.02283 0.0607271 -0.000129787 -0.000253891  0.000199495  0.00382623  0.00832682 -0.00188311 0.00252801   -0.09327   -9.80076 
               74.88  0.238277 -0.156588   -5.1413  239.073 -26.4472 0.073041 0 0 0 0.522     0 1.173 -0.753662   -1.0143 0.0604378 -0.000125172 -0.000256438  0.000199588   0.0036634  0.00812269 -0.00187078 0.00256087 -0.0932439   -9.80076 
               74.92  0.237989 -0.158451  -5.13414   239.096  -26.4161 0.0706475 0 0 0 0.522     0 1.173 -0.749997  -1.01154 0.0602975 -0.000123467 -0.000256569  0.000195698  0.00357862  0.00805053 -0.00186487 0.00257672 -0.0932357   -9.80076 
               74.98   0.23054 -0.151386  -5.15148   239.083  -26.4318 0.0720906 0 0 0 0.522     0 1.173 -0.750423  -1.01213 0.0604978  -0.00011813 -0.000261304  0.000207306  0.00356044  0.00805021 -0.00186596 0.00257952 -0.0932363   -9.80076 
               75.02  0.238839 -0.154568   -5.1538   239.095  -26.4155 0.0715796 0 0 0 0.522     0 1.173 -0.748927  -1.01151 0.0606028 -0.000122106 -0.000259855  0.000208203  0.00351468  0.00802475 -0.00186586 0.00258753 -0.0932339   -9.80076 
               75.08   0.23824 -0.154531  -5.15802   239.075  -26.4374 0.0728119 0 0 0 0.522     0 1.173 -0.749847  -1.01262 0.0607936 -0.000121615 -0.000259604  0.000211009  0.00350447  0.00803413 -0.00186674 0.00258877 -0.0932357   -9.80076 
               75.14  0.231301 -0.152691  -5.15327   239.076  -26.4284 0.0723479 0 0 0 0.522     0 1.173 -0.748601  -1.01087 0.0608358  -0.00011642 -0.000261031   0.00020781  0.00345792  0.00798387 -0.00186396 0.00259776 -0.0932296   -9.80076 
               75.18  0.232166 -0.152654  -5.15401  239.092 -26.4111 0.071058 0 0 0 0.522     0 1.173 -0.746791  -1.00991   0.06086 -0.000116077 -0.000261566   0.00020783 0.00340705 0.00795217  -0.001862 0.00260675 -0.0932265   -9.80076 
               75.24  0.230987 -0.151953  -5.15284    239.08   -26.432 0.0723554 0 0 0 0.522     0 1.173 -0.747282  -1.01082  0.061033 -0.000115385 -0.000262005  0.000206946  0.00338616  0.00795646 -0.00186284  0.0026098 -0.0932279   -9.80076 
               75.28  0.231301 -0.152861  -5.15413   239.091  -26.4109 0.0712541 0 0 0 0.522     0 1.173 -0.745883  -1.00948 0.0611124  -0.00011468 -0.000261909  0.000207232  0.00334329  0.00791946 -0.00186132  0.0026177 -0.0932237   -9.80076 
               75.34  0.231484 -0.152064  -5.15289    239.08   -26.431 0.0722239 0 0 0 0.522     0 1.173 -0.746212  -1.01028 0.0612776  -0.00011471 -0.000262408  0.000206211  0.00332273  0.00792307 -0.00186166 0.00262073  -0.093225   -9.80076 
               75.38  0.240388 -0.159202  -5.11053   239.085  -26.4205 0.0711755 0 0 0 0.522     0 1.173 -0.745705  -1.01027  0.061267 -0.000118972 -0.000258898   0.00018379  0.00329098  0.00791015 -0.00186034 0.00262607 -0.0932241   -9.80076 
               75.44  0.236125 -0.155055  -5.16039   239.072  -26.4393 0.0731092 0 0 0 0.522     0 1.173 -0.746439  -1.01107 0.0614818 -0.000116015 -0.000261396  0.000216179  0.00327445  0.00791547 -0.00186214 0.00262838 -0.0932255   -9.80076 
               75.48  0.230172 -0.151666  -5.15835   239.084  -26.4087 0.0710425 0 0 0 0.522     0 1.173 -0.745094  -1.00897 0.0614289 -0.000111592 -0.000263495  0.000214665  0.00323559  0.00786272 -0.00185844 0.00263616 -0.0932188   -9.80076 
               75.54   0.23533 -0.154776  -5.16005   239.076  -26.4402 0.0733437 0 0 0 0.522     0 1.173 -0.745363  -1.01065 0.0616826 -0.000115474 -0.000261256  0.000215526  0.00321148  0.00788258 -0.00186082 0.00263914 -0.0932227   -9.80076 
                75.6  0.234269 -0.155521  -5.16044  239.079 -26.4385 0.073713 0 0 0 0.522     0 1.173  -0.74376  -1.00993 0.0618691 -0.000114014 -0.000261314  0.000215326  0.00315727  0.00784773 -0.00185988 0.00264858 -0.0932192   -9.80076 
               75.64  0.234219 -0.155354  -5.16696   239.087  -26.4213 0.0722764 0 0 0 0.522     0 1.173 -0.742639  -1.00928 0.0619249 -0.000113325 -0.000261655  0.000217931   0.0031206  0.00782084 -0.00185768 0.00265509 -0.0932164   -9.80076 
                75.7  0.235912 -0.155055  -5.15732    239.08  -26.4403 0.0733686 0 0 0 0.522     0 1.173 -0.742732  -1.01013 0.0620982 -0.000114142 -0.000261993  0.000212731  0.00309499  0.00782422 -0.00185817 0.00265885 -0.0932178   -9.80076 
               75.74  0.237451 -0.158087    -5.113    239.08  -26.4255 0.0714413 0 0 0 0.522     0 1.173 -0.742517  -1.00968  0.062056 -0.000114412 -0.000260593  0.000191182  0.00307403  0.00780551 -0.00185488 0.00266271 -0.0932157   -9.80076 
                75.8  0.238357 -0.157861  -5.11879  239.065 -26.4436 0.072401 0 0 0 0.522     0 1.173 -0.743299  -1.00982 0.0621463  -0.00011487 -0.000260618  0.000194215  0.00306074   0.0078106 -0.00185515 0.00266454 -0.0932169   -9.80076 
               75.84  0.237104 -0.157851  -5.11229   239.081  -26.4244 0.0715127 0 0 0 0.522     0 1.173 -0.741806  -1.00838 0.0621111 -0.000113553 -0.000261055   0.00019059  0.00301381  0.00778209 -0.00185401 0.00267258 -0.0932142   -9.80076 
                75.9    0.2387 -0.158092  -5.11339  239.065  -26.445 0.072391 0 0 0 0.522     0 1.173  -0.74273  -1.00928 0.0621934 -0.000114567 -0.000260741  0.000191001  0.00300199  0.00779126 -0.00185418 0.00267405  -0.093216   -9.80076 
               75.94  0.236919 -0.157944  -5.11307   239.082  -26.4245 0.0715589 0 0 0 0.522     0 1.173 -0.741048  -1.00842 0.0622548 -0.000112873 -0.000261244  0.000190485  0.00295303  0.00776118 -0.00185316 0.00268242 -0.0932132   -9.80076 
                  76   0.23835 -0.157704  -5.11553   239.065  -26.4444 0.0725488 0 0 0 0.522     0 1.173 -0.742161  -1.00909 0.0622768 -0.000113841 -0.000261157  0.000191872  0.00294358  0.00777012 -0.00185351 0.00268353 -0.0932148   -9.80076 
               76.04   0.23655 -0.157023  -5.11869   239.073  -26.4285 0.0716515 0 0 0 0.522     0 1.173 -0.741436   -1.0084 0.0622038 -0.000112292 -0.000261622  0.000193272  0.00291154  0.00775204 -0.00185245 0.00268893 -0.0932132   -9.80076 
                76.1  0.238656 -0.157952  -5.11259   239.069  -26.4452 0.0723983 0 0 0 0.522     0 1.173 -0.741685  -1.00883 0.0621522  -0.00011378 -0.000260951  0.000188375  0.00288674  0.00775622 -0.00185239  0.0026925 -0.0932147   -9.80076 
               76.16  0.236295 -0.157032  -5.11693   239.059  -26.4517 0.0730752 0 0 0 0.522     0 1.173 -0.741829  -1.00854 0.0621516 -0.000111961 -0.000261443  0.000190536  0.00286037  0.00774444 -0.00185214 0.00269681 -0.0932138   -9.80076 
                76.2  0.236279 -0.157126  -5.11647   239.075   -26.432 0.0718482 0 0 0 0.522     0 1.173 -0.740435  -1.00752 0.0620843  -0.00011129 -0.000261827   0.00019002  0.00281493  0.00771705 -0.00185029  0.0027045 -0.0932113   -9.80076 
               76.26  0.238576 -0.157928  -5.11135   239.067  -26.4486 0.0723846 0 0 0 0.522     0 1.173 -0.740897  -1.00799 0.0620752 -0.000112471 -0.000261482  0.000187028  0.00279316  0.00772057 -0.00184991 0.00270762 -0.0932125   -9.80076 
                76.3  0.228102 -0.150855  -5.15846    239.08  -26.4189 0.0715571 0 0 0 0.522     0 1.173 -0.739552   -1.0061 0.0621387 -0.000106197 -0.000265149   0.00020991  0.00275427  0.00767229 -0.00184887 0.00271496 -0.0932067   -9.80076 
               76.36   0.23073 -0.150606  -5.15731   239.071  -26.4359 0.0725007 0 0 0 0.522     0 1.173 -0.739823  -1.00678 0.0622991 -0.000107652  -0.00026531  0.000208938  0.00273377  0.00767371 -0.00184909 0.00271794 -0.0932076   -9.80076 
                76.4    0.2287 -0.150045  -5.15823  239.081 -26.4215 0.071835 0 0 0 0.522     0 1.173 -0.738653   -1.0063 0.0623793 -0.000106047 -0.000265833  0.000209049  0.00269528  0.00765384 -0.00184853 0.00272427 -0.0932059   -9.80076 
               76.46  0.229919 -0.149775  -5.15531   239.068  -26.4395 0.0728237 0 0 0 0.522     0 1.173 -0.739167   -1.0071 0.0625408 -0.000106775 -0.000265902  0.000206821  0.00267976  0.00765836 -0.00184886  0.0027264 -0.0932071   -9.80076 
                76.5  0.236091 -0.156814  -5.11431   239.075  -26.4368 0.0719478 0 0 0 0.522     0 1.173 -0.738519  -1.00816 0.0626473 -0.000110167 -0.000262206  0.000183978  0.00264863  0.00766628 -0.00184796 0.00273075 -0.0932093   -9.80076 
               76.56  0.238027 -0.157237  -5.11074   239.069  -26.4487 0.0726971 0 0 0 0.522     0 1.173  -0.73859  -1.00911 0.0628052 -0.000111375 -0.000261903  0.000181117  0.00262573  0.00766554 -0.00184787 0.00273413 -0.0932099   -9.80076 
               76.62  0.231943 -0.158774    -5.145  239.081 -26.4436 0.073581 0 0 0 0.522     0 1.173 -0.736152  -1.00817 0.0628489 -0.000106898 -0.000261721  0.000200381 0.00255588 0.00762531 -0.0018478 0.00274566 -0.0932064   -9.80076 
               76.66  0.226738 -0.148298  -5.14833  239.083 -26.4294  0.07242 0 0 0 0.522     0 1.173 -0.735661  -1.00783 0.0628423 -0.000104082 -0.000266467  0.000201587  0.00253212  0.00760842 -0.00184618 0.00274968 -0.0932047   -9.80076 
               76.72 0.229752 -0.14959 -5.15519  239.068 -26.4379 0.072946 0 0 0 0.522     0 1.173 -0.736243  -1.00797 0.0629735 -0.000105348 -0.000265714  0.000204864  0.00251952  0.00760027 -0.00184575 0.00275179 -0.0932039   -9.80076 
               76.76 0.232316 -0.15893  -5.1426   239.095  -26.4253 0.0723562 0 0 0 0.522     0 1.173 -0.733445  -1.00769 0.0630594 -0.000106069 -0.000262179  0.000198501  0.00244689  0.00758006 -0.00184523 0.00276302 -0.0932033   -9.80076 
               76.82  0.235765 -0.159797  -5.14758    239.08  -26.4436 0.0727381 0 0 0 0.522     0 1.173 -0.734027  -1.00857  0.063175 -0.000107982 -0.000261639  0.000201063   0.0024306  0.00758519 -0.00184458 0.00276523 -0.0932046   -9.80076 
               76.86  0.235113 -0.157619  -5.14735  239.104 -26.4384 0.072669 0 0 0 0.522     0 1.173 -0.731416  -1.00923 0.0633093 -0.000107467 -0.000263588   0.00020061  0.00236014  0.00758387 -0.00184525 0.00277547 -0.0932067   -9.80076 
               76.92  0.237275 -0.158297  -5.14848   239.091  -26.4505 0.0730203 0 0 0 0.522     0 1.173 -0.731767  -1.00986 0.0634234 -0.000108654 -0.000263152  0.000201027  0.00234044  0.00758317 -0.00184454 0.00277835 -0.0932072   -9.80076 
               76.96  0.233887 -0.160176  -5.14135   239.096  -26.4249 0.0718034 0 0 0 0.522     0 1.173 -0.730909  -1.00849  0.063443 -0.000105963 -0.000262269  0.000196846  0.00230895  0.00754543 -0.00184262 0.00278413 -0.0932028   -9.80076 
               77.02  0.236504 -0.158332  -5.14718   239.091  -26.4531 0.0732461 0 0 0 0.522     0 1.173 -0.730822  -1.01011 0.0636306 -0.000107928 -0.000263665  0.000200543  0.00227827  0.00756384 -0.00184352 0.00278795 -0.0932064   -9.80076 
               77.06   0.23469 -0.155804  -5.09293   239.083  -26.4415 0.0728687 0 0 0 0.522     0 1.173 -0.731407  -1.01033  0.063741 -0.000106728 -0.000264798  0.000169749  0.00227283  0.00756061 -0.00184372 0.00278883 -0.0932062   -9.80076 
               77.12  0.227504 -0.145987  -5.15523   239.068  -26.4362 0.0737715 0 0 0 0.522     0 1.173 -0.731846  -1.00953 0.0637848 -0.000100626 -0.000271682  0.000216135 0.00226334 0.00753798 -0.0018438 0.00279088 -0.0932032   -9.80076 
               77.18  0.232884 -0.157265  -5.15393   239.083   -26.445 0.0738435 0 0 0 0.522     0 1.173 -0.729135  -1.00948  0.063748 -0.000103305  -0.00026596  0.000214921  0.00218638  0.00752208 -0.00184196 0.00280245 -0.0932034   -9.80076 
               77.22  0.236414 -0.157153  -5.13575   239.102  -26.4409 0.0727128 0 0 0 0.522     0 1.173 -0.726877  -1.01029 0.0637418 -0.000104842 -0.000266775  0.000206156 0.00212372 0.00752323 -0.0018403 0.00281139 -0.0932056   -9.80076 
               77.28  0.236236 -0.157727  -5.13403    239.09  -26.4535 0.0734561 0 0 0 0.522     0 1.173 -0.727145  -1.01103  0.063826  -0.00010462 -0.000266507  0.000204975  0.00210381  0.00752304 -0.00184014 0.00281424 -0.0932062   -9.80076 
               77.32  0.225204 -0.142779  -5.12635   239.082  -26.4389 0.0738286 0 0 0 0.522     0 1.173 -0.727472  -1.01085 0.0639691 -9.88143e-05  -0.00027355  0.000200876  0.00209721  0.00751157 -0.00184198 0.00281549 -0.0932048   -9.80076 
               77.38  0.230408 -0.145469   -5.1223   239.073  -26.4502 0.0742806 0 0 0 0.522     0 1.173   -0.7275  -1.01164 0.0641078 -0.000101747 -0.000271958  0.000198185  0.00207701  0.00750939 -0.00184146 0.00281844 -0.0932051   -9.80076 
               77.42  0.226155 -0.143424  -5.12343   239.082  -26.4396 0.0739467 0 0 0 0.522     0 1.173 -0.726402  -1.01193 0.0642693   -9.924e-05 -0.000273192  0.000198429  0.00204112  0.00750289 -0.00184174 0.00282372 -0.0932053   -9.80076 
               77.48  0.228719 -0.144833  -5.12692   239.076  -26.4485 0.0744793 0 0 0 0.522     0 1.173 -0.726235  -1.01266 0.0645394 -0.000100673 -0.000272277  0.000200409  0.00201798  0.00749767 -0.00184131 0.00282717 -0.0932053   -9.80076 
               77.52  0.226357 -0.143438  -5.11862   239.083  -26.4427 0.0740297 0 0 0 0.522     0 1.173 -0.725391  -1.01371 0.0646866 -9.92826e-05 -0.000273137  0.000195497  0.00198553  0.00750175 -0.00184137 0.00283162 -0.0932069   -9.80076 
               77.58  0.227284 -0.146583  -5.12179   239.075  -26.4492 0.0743225 0 0 0 0.522     0 1.173 -0.725645  -1.01409 0.0647248 -9.96401e-05 -0.000270806  0.000197439  0.00196503  0.00749435 -0.00184055 0.00283476 -0.0932065   -9.80076 
               77.64  0.232801 -0.155758   -5.1113   239.069  -26.4665 0.0741316 0 0 0 0.522     0 1.173 -0.725212  -1.01531 0.0647691 -0.000102824 -0.000265712  0.000191024  0.00192885  0.00750502 -0.00183824 0.00283958 -0.0932092   -9.80076 
               77.68   0.23344 -0.155635   -5.1111   239.085  -26.4456 0.0731412 0 0 0 0.522     0 1.173 -0.723476  -1.01461 0.0648101 -0.000102481 -0.000266285  0.000190643  0.00187922  0.00747873 -0.00183678 0.00284738  -0.093207   -9.80076 
               77.74  0.233701 -0.156397  -5.12678   239.083  -26.4606 0.0741361 0 0 0 0.522     0 1.173 -0.723231  -1.01542 0.0649625 -0.000102531 -0.000266128  0.000198461 0.00184811 0.00748136 -0.0018369 0.00285166 -0.0932084   -9.80076 
               77.78  0.234541 -0.154885  -5.12527   239.096  -26.4318 0.0733432 0 0 0 0.522     0 1.173 -0.721653  -1.01382 0.0650243 -0.000101964 -0.000267248  0.000197421  0.00180392  0.00743713 -0.00183584 0.00285922 -0.0932036   -9.80076 
               77.84  0.236657 -0.154877  -5.13629   239.082  -26.4504 0.0739748 0 0 0 0.522     0 1.173 -0.722133  -1.01477 0.0651552 -0.000103139 -0.000267184  0.000203406  0.00178749  0.00744369 -0.00183547 0.00286131  -0.093205   -9.80076 
               77.88  0.234792 -0.154657  -5.12313   239.096  -26.4384 0.0735589 0 0 0 0.522     0 1.173 -0.720419  -1.01481 0.0652557 -0.000101827  -0.00026779  0.000196395  0.00173706  0.00743197 -0.00183534  0.0028687 -0.0932049   -9.80076 
               77.94  0.237392 -0.154702   -5.1355   239.081  -26.4514 0.0741157 0 0 0 0.522     0 1.173 -0.720979  -1.01547 0.0653855 -0.000103297 -0.000267608  0.000203836  0.00172285  0.00743278 -0.00183484 0.00287066 -0.0932055   -9.80076 
               77.98  0.234901 -0.154749  -5.12304     239.1  -26.4415 0.0736651 0 0 0 0.522     0 1.173 -0.718836  -1.01577 0.0654828 -0.000101678  -0.00026822  0.000196816  0.00166321   0.0074255 -0.00183463 0.00287916 -0.0932063   -9.80076 
               78.04 0.237375 -0.15421 -5.13322    239.08  -26.4532 0.0743386 0 0 0 0.522     0 1.173 -0.719746   -1.0164 0.0656194 -0.000103221 -0.000268272   0.00020349  0.00165629  0.00742641 -0.00183432  0.0028801 -0.0932066   -9.80076 
               78.08  0.233551 -0.155114  -5.10099   239.081  -26.4494 0.0734045 0 0 0 0.522     0 1.173 -0.719524   -1.0174 0.0656684 -0.000101139  -0.00026774  0.000185033   0.0016336  0.00743754 -0.00183319 0.00288291 -0.0932089   -9.80076 
               78.14 0.237512  -0.1558 -5.11026   239.067  -26.4596 0.0735882 0 0 0 0.522     0 1.173 -0.720238  -1.01804 0.0657644 -0.000103926 -0.000266949  0.000191651  0.00162232   0.0074381 -0.00183211 0.00288447 -0.0932093   -9.80076 
                78.2  0.234679 -0.154299  -5.10038   239.064  -26.4747 0.0748473 0 0 0 0.522     0 1.173 -0.719869  -1.01882 0.0658049 -0.000102264 -0.000268003  0.000185496  0.00158528  0.00744763 -0.00183284 0.00288927 -0.0932117   -9.80076 
               78.24  0.232782 -0.153998  -5.12154   239.088  -26.4584 0.0740385 0 0 0 0.522     0 1.173 -0.717499  -1.01849 0.0657731 -0.000100941 -0.000268894  0.000195018  0.00151998  0.00743261 -0.00183177 0.00289871 -0.0932117   -9.80076 
                78.3   0.23263 -0.155577  -5.12726   239.075  -26.4653 0.0742929 0 0 0 0.522     0 1.173  -0.71798  -1.01886 0.0658797 -0.000100648 -0.000267979  0.000197855  0.00150506  0.00742828 -0.00183077 0.00290091 -0.0932115   -9.80076 
               78.34  0.232327 -0.154581  -5.12016    239.09  -26.4596 0.0738196 0 0 0 0.522     0 1.173  -0.71633  -1.01977 0.0659717 -0.000100461 -0.000268965  0.000194033  0.00145422   0.0074346 -0.00183052 0.00290768 -0.0932139   -9.80076 
                78.4  0.236965 -0.154117  -5.13678   239.078  -26.4562 0.0744169 0 0 0 0.522     0 1.173 -0.716782  -1.01948 0.0660979 -0.000102713 -0.000269098  0.000203657   0.0014403  0.00741616 -0.00182998 0.00291014 -0.0932118   -9.80076 
               78.44  0.230303 -0.144569  -5.11898   239.074   -26.452 0.0739725 0 0 0 0.522     0 1.173 -0.717069   -1.0204 0.0661938 -9.92996e-05 -0.000273809  0.000194054  0.00142987  0.00742744 -0.00182993 0.00291121 -0.0932137   -9.80076 
                78.5  0.237003 -0.153193  -5.13939   239.073  -26.4631 0.0746634 0 0 0 0.522     0 1.173 -0.716883  -1.02108 0.0663268 -0.000103502 -0.000268226  0.000207107  0.00140126  0.00742704 -0.00182956 0.00291515 -0.0932145   -9.80076 
               78.54  0.239108 -0.155557  -5.10947   239.075  -26.4598 0.0735823 0 0 0 0.522     0 1.173 -0.716709   -1.0223 0.0663612 -0.000104787   -0.0002669  0.000190337   0.0013793  0.00744184 -0.00182808 0.00291772 -0.0932171   -9.80076 
                78.6  0.236038 -0.147983  -5.12128   239.067  -26.4581 0.0742135 0 0 0 0.522     0 1.173 -0.716974  -1.02219 0.0664919 -0.000102123 -0.000272169   0.00019851  0.00136292  0.00742658 -0.00182755 0.00292038 -0.0932156   -9.80076 
               78.66  0.23813 -0.15511 -5.12136   239.064  -26.4909 0.0752668 0 0 0 0.522     0 1.173 -0.716363  -1.02521 0.0666517 -0.000103981 -0.000268338  0.000198157  0.00132025  0.00747208 -0.00182789 0.00292482  -0.093223   -9.80076 
                78.7  0.233478 -0.153156    -5.117   239.077  -26.4678 0.0739109 0 0 0 0.522     0 1.173 -0.715032  -1.02466 0.0666569  -0.00010133 -0.000269585  0.000195894  0.00127923  0.00744962 -0.00182558 0.00293105 -0.0932212   -9.80076 
               78.76 0.235093 -0.15616 -5.11998   239.071  -26.4733 0.0743281 0 0 0 0.522     0 1.173 -0.715164  -1.02503 0.0667723 -0.000101937 -0.000268133  0.000197186  0.00125728    0.007444 -0.00182471 0.00293419 -0.0932211   -9.80076 
                78.8  0.237392 -0.155241  -5.11738   239.072  -26.4692 0.0739503 0 0 0 0.522     0 1.173 -0.715036  -1.02613 0.0669173 -0.000103157 -0.000268491  0.000195622 0.00123792 0.00745906 -0.0018247 0.00293635 -0.0932237   -9.80076 
               78.86 0.237122 -0.15637 -5.12109   239.066  -26.4718 0.0743691 0 0 0 0.522     0 1.173 -0.715262  -1.02635 0.0670248 -0.000102708 -0.000267864  0.000197467  0.00121823  0.00745024 -0.00182382 0.00293927 -0.0932231   -9.80076 
                78.9  0.239447 -0.155479  -5.11333   239.066  -26.4733 0.0742378 0 0 0 0.522     0 1.173 -0.715351  -1.02817 0.0671467 -0.000104231 -0.000268188    0.0001932  0.00120041  0.00747766 -0.00182441 0.00294085 -0.0932273   -9.80076 
               78.96  0.243338 -0.156036  -5.11814    239.05  -26.4636 0.0740382 0 0 0 0.522     0 1.173 -0.716271  -1.02746 0.0672886 -0.000106072 -0.000267487  0.000195916  0.00119871   0.0074542 -0.00182259 0.00294179 -0.0932242   -9.80076 
                  79  0.241847 -0.154454  -5.13148   239.067  -26.4599 0.0744294 0 0 0 0.522     0 1.173 -0.714813  -1.02864 0.0674595 -0.000105285 -0.000268684  0.000202694  0.00115139  0.00746513 -0.00182419 0.00294776  -0.093227   -9.80076 
               79.06  0.236293 -0.147635  -5.13212   239.054  -26.4697 0.0744226 0 0 0 0.522     0 1.173 -0.715506  -1.02929 0.0675347 -0.000101332 -0.000273106  0.000202826  0.00114229  0.00746622 -0.00182272 0.00294895 -0.0932274   -9.80076 
                79.1   0.23983 -0.157246  -5.13676   239.059  -26.4835 0.0741175 0 0 0 0.522     0 1.173 -0.715421  -1.03238 0.0676722 -0.000104114 -0.000267635  0.000205018  0.00111687   0.0075199 -0.00182299 0.00295079 -0.0932353   -9.80076 
               79.16  0.236213 -0.148012  -5.13593   239.055  -26.4661 0.0745281 0 0 0 0.522     0 1.173 -0.715685  -1.03128  0.067826  -0.00010062 -0.000274391  0.000204071  0.00110125  0.00748684 -0.00182199 0.00295381 -0.0932314   -9.80076 
               79.22  0.236661 -0.146751   -5.1371   239.033  -26.4915 0.0754438 0 0 0 0.522     0 1.173 -0.717331  -1.03312 0.0677599 -0.000101354  -0.00027448  0.000204341  0.00110588   0.0075231 -0.00182199 0.00295215  -0.093236   -9.80076 
               79.26  0.236223 -0.147278  -5.13607   239.048   -26.468 0.0739782 0 0 0 0.522     0 1.173 -0.716325  -1.03259 0.0676598 -0.000100581 -0.000274444  0.000203539  0.00107171  0.00750009 -0.00181939 0.00295736  -0.093234   -9.80076 
               79.32  0.235502 -0.148488  -5.13752   239.052  -26.4698 0.0745305 0 0 0 0.522     0 1.173 -0.715859  -1.03345 0.0679061 -9.98449e-05 -0.000273994  0.000204069  0.00104272  0.00748773 -0.00181861 0.00296155 -0.0932332   -9.80076 
               79.36  0.236148 -0.147099  -5.13687   239.046   -26.471 0.0741974 0 0 0 0.522     0 1.173 -0.716741  -1.03526 0.0680457 -0.000100487 -0.000274191  0.000203405  0.00104355  0.00751461 -0.00181875 0.00296067 -0.0932367   -9.80076 
               79.44  0.241337 -0.155311  -5.13556   239.036  -26.4969 0.0759524 0 0 0 0.522     0 1.173 -0.717035    -1.036 0.0682469 -0.000103333  -0.00026947  0.000202328  0.00101519  0.00750828 -0.00181773 0.00296462 -0.0932367   -9.80076 
               79.52 0.240552 -0.15643 -5.12882    239.07  -26.4419 0.0736611 0 0 0 0.522     0 1.173 -0.710254  -1.02635  0.067906 -9.84534e-05 -0.000271113  0.000198377 0.000865992  0.00727809   -0.001803 0.00299094 -0.0932108   -9.80076 
               79.56  0.240453 -0.158905  -5.13051   239.096  -26.4156 0.0710206 0 0 0 0.522     0 1.173 -0.706481  -1.02409 0.0676868 -9.70398e-05 -0.000270937  0.000198762 0.000778716  0.00721542 -0.00179556 0.00300424 -0.0932051   -9.80076 
               79.62  0.240512 -0.157354   -5.1561   239.082  -26.4298 0.0722858 0 0 0 0.522     0 1.173 -0.707075   -1.0246 0.0678301 -9.68232e-05 -0.000271756  0.000216801 0.000766212  0.00721265 -0.00179573 0.00300594 -0.0932051   -9.80076 
               79.68  0.234411 -0.149483  -5.13929    239.08  -26.4345 0.0728065 0 0 0 0.522     0 1.173 -0.706026  -1.02405 0.0679064 -9.27037e-05  -0.00027654  0.000206757 0.000724784  0.00718699 -0.00179423 0.00301206  -0.093203   -9.80076 
               79.72  0.233319 -0.149058  -5.14247   239.091  -26.4147 0.0715647 0 0 0 0.522     0 1.173 -0.704718  -1.02284 0.0678989 -9.14281e-05 -0.000277006  0.000207872 0.000686681  0.00715168 -0.00179179 0.00301804 -0.0931995   -9.80076 
               79.78  0.239927 -0.157729  -5.15554   239.081  -26.4314 0.0724128 0 0 0 0.522     0 1.173 -0.704971   -1.0234 0.0680178 -9.46667e-05 -0.000272556   0.00021432 0.000667324  0.00714973 -0.00179132 0.00302063 -0.0931998   -9.80076 
               79.82  0.238445 -0.157823  -5.16329   239.087  -26.4121 0.0712165 0 0 0 0.522     0 1.173 -0.704062  -1.02252 0.0681047 -9.31851e-05 -0.000272588  0.000217671 0.000638094  0.00711588 -0.00178895  0.0030254 -0.0931962   -9.80076 
               79.88  0.239381 -0.157841  -5.15586   239.081  -26.4316 0.0725685 0 0 0 0.522     0 1.173 -0.703742  -1.02396 0.0684772 -9.36355e-05  -0.00027266   0.00021318  0.00061519  0.00711735 -0.00178918 0.00302831 -0.0931971   -9.80076 
               79.92  0.237422 -0.157926  -5.16355   239.087  -26.4118 0.0714182 0 0 0 0.522     0 1.173 -0.702806  -1.02299  0.068531 -9.18487e-05  -0.00027265  0.000216705 0.000586681  0.00708345 -0.00178691 0.00303297 -0.0931935   -9.80076 
               79.98  0.239079 -0.157876  -5.15594   239.081  -26.4314 0.0727218 0 0 0 0.522     0 1.173 -0.703013  -1.02393 0.0686035 -9.28036e-05 -0.000272729  0.000211637  0.00056373  0.00708535 -0.00178706 0.00303587 -0.0931944   -9.80076 
               80.02  0.233456 -0.160757  -5.14042   239.094  -26.4287 0.0720688 0 0 0 0.522     0 1.173 -0.701613  -1.02481 0.0686509 -8.96932e-05 -0.000271565  0.000202946 0.000517757   0.0070871 -0.00178599 0.00304174 -0.0931959   -9.80076 
               80.08  0.231724 -0.150815  -5.13709   239.086  -26.4333 0.0734829 0 0 0 0.522     0 1.173 -0.701593  -1.02486 0.0688775 -8.81021e-05 -0.000278344   0.00020037 0.000497863   0.0070723  -0.0017863 0.00304468 -0.0931946   -9.80076 
               80.12  0.236443 -0.158397  -5.16488   239.084  -26.4076 0.0715685 0 0 0 0.522     0 1.173 -0.701617  -1.02329 0.0688522 -8.97538e-05 -0.000273688  0.000215548 0.000487342  0.00702939 -0.00178243 0.00304728 -0.0931894   -9.80076 
               80.18 0.231701 -0.14847 -5.14206   239.077  -26.4412 0.0733133 0 0 0 0.522     0 1.173 -0.701744  -1.02497 0.0690287 -8.65054e-05 -0.000281121  0.000198108 0.000465365  0.00705165 -0.00178331 0.00304943 -0.0931928   -9.80076 
               80.24  0.229071 -0.149366  -5.14308    239.08   -26.438 0.0737845 0 0 0 0.522     0 1.173 -0.700339  -1.02356 0.0690307 -8.40949e-05 -0.000280937  0.000198307 0.000416505  0.00701288  -0.0017816 0.00305675 -0.0931893   -9.80076 
               80.28  0.228808 -0.148585  -5.14544   239.087  -26.4244 0.0722799 0 0 0 0.522     0 1.173  -0.69943  -1.02304 0.0689963 -8.34811e-05 -0.000281428  0.000199089 0.000385269  0.00699299 -0.00177865 0.00306131 -0.0931876   -9.80076 
               80.34  0.231701 -0.149396  -5.14203   239.078   -26.441 0.0732817 0 0 0 0.522     0 1.173  -0.69961  -1.02364 0.0691218 -8.49569e-05 -0.000280997     0.000197 0.000366552  0.00699348 -0.00177837 0.00306368 -0.0931882   -9.80076 
               80.38  0.232226 -0.160164  -5.14463   239.092  -26.4306 0.0722459 0 0 0 0.522     0 1.173  -0.69811  -1.02358 0.0691323 -8.48541e-05 -0.000276061  0.000197928 0.000320598  0.00698108  -0.0017764 0.00306989 -0.0931879   -9.80076 
               80.44  0.233537 -0.159891  -5.13992   239.08 -26.4478 0.073235 0 0 0 0.522     0 1.173 -0.698529  -1.02431 0.0692595 -8.55925e-05 -0.000276155  0.000194854 0.000304398  0.00698457  -0.0017761 0.00307185 -0.0931888   -9.80076 
               80.48  0.232238 -0.160428  -5.14446   239.092  -26.4293 0.0721846 0 0 0 0.522     0 1.173 -0.697219  -1.02354 0.0692703 -8.42776e-05 -0.000276117  0.000196871 0.000264098  0.00695835 -0.00177404 0.00307768 -0.0931866   -9.80076 
               80.54  0.234582 -0.159485  -5.14546   239.075  -26.4458 0.0729991 0 0 0 0.522     0 1.173 -0.698241  -1.02424 0.0692429 -8.57466e-05 -0.000276463  0.000197232 0.000256015  0.00696194 -0.00177348  0.0030786 -0.0931873   -9.80076 
               80.58  0.232026 -0.159447  -5.14434   239.088  -26.4337 0.0723072 0 0 0 0.522     0 1.173 -0.697096  -1.02399 0.0691472 -8.39594e-05 -0.000276736  0.000196251 0.000213782  0.00694918 -0.00177226 0.00308428 -0.0931868   -9.80076 
               80.64  0.234275 -0.159257  -5.14399  239.078 -26.4478 0.073179 0 0 0 0.522     0 1.173 -0.697689  -1.02422 0.0691275 -8.54558e-05   -0.0002767  0.000195676 0.000198254  0.00695016  -0.0017718 0.00308621 -0.0931874   -9.80076 
                80.7 0.232357  -0.1599 -5.14314   239.076  -26.4568 0.0737089 0 0 0 0.522     0 1.173 -0.696768  -1.02404 0.0692061 -8.40156e-05 -0.000276543  0.000194802  0.00015685  0.00694024 -0.00177027 0.00309168 -0.0931872   -9.80076 
               80.74  0.231852 -0.159516  -5.14492    239.09  -26.4374 0.0723923 0 0 0 0.522     0 1.173 -0.695597  -1.02317 0.0692064 -8.31737e-05 -0.000277079  0.000195307 0.000113915  0.00691319 -0.00176762 0.00309781  -0.093185   -9.80076 
                80.8   0.23398 -0.158968  -5.14233  239.076 -26.4528 0.073367 0 0 0 0.522     0 1.173 -0.696701  -1.02388 0.0692836 -8.42221e-05 -0.000277277  0.000193748 0.000101257  0.00691541 -0.00176729 0.00309934 -0.0931857   -9.80076 
               80.84  0.231752 -0.159619  -5.14234    239.09  -26.4394 0.0725557 0 0 0 0.522     0 1.173 -0.695205  -1.02368 0.0693154 -8.27604e-05 -0.000277347  0.000193435 5.60644e-05  0.00690044 -0.00176578 0.00310538  -0.093185   -9.80076 
                80.9  0.234069 -0.159041  -5.14202   239.076  -26.4523 0.0733186 0 0 0 0.522     0 1.173 -0.695705  -1.02432  0.069369 -8.39656e-05 -0.000277549  0.000193002 4.34121e-05  0.00690009 -0.00176514 0.00310697 -0.0931853   -9.80076 
               80.94  0.234413 -0.157638  -5.15977   239.087  -26.4198 0.0725115 0 0 0 0.522     0 1.173 -0.694555  -1.02221 0.0693649 -8.29732e-05 -0.000278354  0.000201662 1.05992e-05  0.00684534 -0.00176355 0.00311253 -0.0931794   -9.80076 
                  81  0.236721 -0.157456  -5.16176   239.073  -26.4419 0.0730568 0 0 0 0.522     0 1.173 -0.695181  -1.02321 0.0694632 -8.44605e-05 -0.000278276   0.00020262 -1.20242e-06   0.00685417  -0.00176261 0.00311377 -0.0931808   -9.80076 
               81.04  0.227958 -0.150484  -5.13142   239.107  -26.4238 0.0731318 0 0 0 0.522     0 1.173 -0.691639  -1.02236  0.069584 -7.91085e-05 -0.000283099  0.000186053 -8.49408e-05   0.00682246  -0.00176292 0.00312494 -0.0931792   -9.80076 
                81.1  0.230384 -0.150979  -5.13805   239.092  -26.4354 0.0735994 0 0 0 0.522     0 1.173 -0.691961  -1.02284  0.069748 -8.05495e-05 -0.000282543  0.000190309 -9.82856e-05   0.00681753  -0.00176186 0.00312673 -0.0931789   -9.80076 
               81.14  0.236288 -0.158942  -5.13342   239.095  -26.4236 0.0720171 0 0 0 0.522     0 1.173 -0.691371  -1.02278 0.0697548 -8.34703e-05 -0.000278017  0.000187326 -0.000124018   0.00680387  -0.00175872 0.00313032 -0.0931779   -9.80076 
                81.2  0.238919 -0.160168  -5.12925   239.084  -26.4405 0.0729763 0 0 0 0.522     0 1.173 -0.691944  -1.02314 0.0697385 -8.53657e-05  -0.00027693  0.000183877 -0.000140212   0.00680679  -0.00175832 0.00313224 -0.0931787   -9.80076 
               81.26  0.234942 -0.156807  -5.15636   239.074  -26.4545 0.0744783 0 0 0 0.522     0 1.173 -0.692004   -1.0234 0.0697648 -8.28481e-05 -0.000278742  0.000199376 -0.000165667   0.00680758  -0.00175897 0.00313533 -0.0931795   -9.80076 
                81.3  0.228675 -0.150255  -5.13283  239.108 -26.4264 0.072767 0 0 0 0.522     0 1.173 -0.688288  -1.02176 0.0697573  -7.8927e-05 -0.000282941  0.000188161 -0.000249606   0.00675684  -0.00175527 0.00314697 -0.0931755   -9.80076 
               81.36 0.237305  -0.1568 -5.15542   239.077  -26.4516 0.0737627 0 0 0 0.522     0 1.173 -0.689809  -1.02324 0.0699572 -8.37478e-05 -0.000278857  0.000200091 -0.000241591   0.00677327  -0.00175507 0.00314558 -0.0931773   -9.80076 
                81.4  0.235811 -0.158377  -5.13287   239.095  -26.4228 0.0723423 0 0 0 0.522     0 1.173 -0.687854  -1.02142 0.0699293 -8.19938e-05 -0.000278602  0.000188647 -0.000292417   0.00672407  -0.00175206 0.00315311 -0.0931727   -9.80076 
               81.46   0.23914 -0.160848  -5.12579   239.084  -26.4428 0.0729622 0 0 0 0.522     0 1.173 -0.688125  -1.02225 0.0699704 -8.39785e-05 -0.000277097   0.00018417 -0.000310019   0.00673005  -0.00175113 0.00315511 -0.0931739   -9.80076 
                81.5  0.229293 -0.151949  -5.13286   239.109  -26.4276 0.0724963 0 0 0 0.522     0 1.173 -0.685426  -1.02178 0.0699073 -7.82666e-05  -0.00028248   0.00018755 -0.000378093   0.00670654  -0.00175022 0.00316398 -0.0931728   -9.80076 
               81.56  0.231572 -0.152286  -5.12699   239.101  -26.4457 0.0733625 0 0 0 0.522     0 1.173  -0.68551  -1.02217 0.0698718 -7.97274e-05  -0.00028231  0.000183419 -0.000402626   0.00671064  -0.00174968 0.00316686  -0.093174   -9.80076 
                81.6  0.236641 -0.160923  -5.12925   239.094  -26.4245 0.0718215 0 0 0 0.522     0 1.173 -0.685977  -1.02077 0.0697778  -8.1832e-05 -0.000277148  0.000184288 -0.000407251   0.00668232   -0.0017466 0.00316821 -0.0931707   -9.80076 
               81.66  0.231997 -0.153189  -5.12294   239.099  -26.4456 0.0734783 0 0 0 0.522     0 1.173   -0.6852  -1.02157 0.0698674 -7.85174e-05 -0.000283006  0.000179486 -0.000447633   0.00668907  -0.00174717 0.00317288 -0.0931725   -9.80076 
               81.72  0.229382 -0.154013  -5.14724   239.07 -26.4599 0.074934 0 0 0 0.522     0 1.173    -0.687  -1.02208 0.0699569 -7.69563e-05 -0.000281692  0.000193042 -0.000435474   0.00669608  -0.00174789 0.00317123 -0.0931731   -9.80076 
               81.76  0.231539 -0.153942  -5.14746   239.086   -26.436 0.0736639 0 0 0 0.522     0 1.173 -0.685454  -1.02073 0.0698604 -7.71612e-05 -0.000282113  0.000192847 -0.000479776   0.00666028  -0.00174539 0.00317751 -0.0931699   -9.80076 
               81.82   0.23961 -0.156878   -5.1241   239.086   -26.442 0.0735434 0 0 0 0.522     0 1.173 -0.685153  -1.02058 0.0698385 -8.10071e-05 -0.000280873   0.00018063 -0.000509392     0.006647  -0.00174334 0.00318144 -0.0931691   -9.80076 
               81.86  0.229213 -0.150661  -5.10581   239.109  -26.4342 0.0733688 0 0 0 0.522     0 1.173 -0.682471  -1.02085 0.0698927 -7.57872e-05 -0.000284657  0.000171603 -0.000576918   0.00663848   -0.0017432 0.00318974 -0.0931698   -9.80076 
               81.92   0.23071 -0.152146  -5.10356   239.104   -26.449 0.0738927 0 0 0 0.522     0 1.173 -0.682049  -1.02155 0.0699291 -7.65452e-05 -0.000283981  0.000170102 -0.000606135   0.00663838  -0.00174217 0.00319325 -0.0931706   -9.80076 
               81.96  0.233759 -0.152156  -5.12074   239.092  -26.4492 0.0740975 0 0 0 0.522     0 1.173 -0.682913   -1.0228 0.0700639 -7.82841e-05 -0.000283413   0.00017851 -0.000605068   0.00665757  -0.00174323 0.00319262 -0.0931728   -9.80076 
               82.02  0.235636 -0.151714  -5.13237   239.076  -26.4595 0.0745569 0 0 0 0.522     0 1.173 -0.683555  -1.02293 0.0699021 -7.93178e-05 -0.000283423  0.000185522 -0.000614165   0.00665698   -0.0017422 0.00319373  -0.093173   -9.80076 
               82.06  0.232981 -0.151713  -5.12524  239.091 -26.4491 0.074089 0 0 0 0.522     0 1.173 -0.682067  -1.02299 0.0698062 -7.76899e-05 -0.000283751  0.000181374 -0.000659097   0.00665243  -0.00174163  0.0031992 -0.0931736   -9.80076 
               82.12  0.235792 -0.152045  -5.13431  239.079 -26.4578 0.074639 0 0 0 0.522     0 1.173 -0.682428  -1.02369 0.0700349 -7.94291e-05 -0.000283314  0.000187313 -0.000673092   0.00664943  -0.00174074 0.00320095 -0.0931736   -9.80076 
               82.16  0.232853 -0.151323  -5.12313    239.09  -26.4506 0.0741795 0 0 0 0.522     0 1.173 -0.681286  -1.02455 0.0701947 -7.77116e-05 -0.000283903  0.000180686 -0.000711233   0.00665274  -0.00174024 0.00320538  -0.093175   -9.80076 
               82.22  0.235306 -0.152953  -5.13902   239.077  -26.4567 0.0746473 0 0 0 0.522     0 1.173 -0.681768  -1.02472 0.0702333 -7.92762e-05 -0.000282333  0.000192275 -0.000721109   0.00664691  -0.00173921 0.00320672 -0.0931745   -9.80076 
               82.28  0.231372 -0.153009    -5.134  239.076 -26.4655 0.075485 0 0 0 0.522     0 1.173  -0.68071  -1.02496 0.0702827 -7.67152e-05 -0.000282518  0.000188952 -0.000762389   0.00664032  -0.00173842 0.00321176 -0.0931748   -9.80076 
               82.32  0.231047 -0.152856  -5.13288   239.089  -26.4468 0.0740517 0 0 0 0.522     0 1.173 -0.679342  -1.02441 0.0702581 -7.60528e-05 -0.000282896  0.000188133 -0.000802646   0.00661852  -0.00173564 0.00321708 -0.0931733   -9.80076 
               82.38  0.232637 -0.154884  -5.13457    239.08   -26.455 0.0746691 0 0 0 0.522     0 1.173 -0.679511  -1.02466  0.070356 -7.67017e-05 -0.000281778  0.000188808 -0.000820545   0.00661226  -0.00173477 0.00321936  -0.093173   -9.80076 
               82.42   0.23133 -0.151608  -5.13017   239.091  -26.4483 0.0746538 0 0 0 0.522     0 1.173 -0.678369  -1.02521 0.0704671 -7.59672e-05 -0.000283615  0.000186333 -0.00085834  0.00661363 -0.00173519 0.00322375 -0.0931741   -9.80076 
               82.48  0.234407 -0.152721  -5.13774   239.077  -26.4589 0.0747631 0 0 0 0.522     0 1.173 -0.678889  -1.02569 0.0705276 -7.76641e-05 -0.000282746  0.000190578 -0.000869075   0.00661254  -0.00173362 0.00322505 -0.0931743   -9.80076 
               82.52    0.2308 -0.152016  -5.12914   239.091  -26.4501 0.0744607 0 0 0 0.522     0 1.173 -0.677354  -1.02611 0.0706086 -7.56319e-05 -0.000283469  0.000185767 -0.000914715   0.00661045  -0.00173338 0.00323044 -0.0931752   -9.80076 
               82.58   0.23412 -0.152737  -5.13546   239.077  -26.4593 0.0748196 0 0 0 0.522     0 1.173 -0.678016  -1.02663 0.0707465 -7.76462e-05 -0.000282724  0.000189629 -0.000923796   0.00660839  -0.00173217 0.00323157 -0.0931751   -9.80076 
               82.62  0.231567 -0.153019   -5.1263   239.095   -26.455 0.0744927 0 0 0 0.522     0 1.173  -0.67621  -1.02763 0.0708667 -7.62691e-05 -0.000283034  0.000184258 -0.000976944   0.00661625  -0.00173188 0.00323756 -0.0931774   -9.80076 
               82.68  0.233836 -0.153169   -5.1319   239.078  -26.4628 0.0747813 0 0 0 0.522     0 1.173 -0.676892  -1.02802 0.0709439 -7.77117e-05 -0.000282568  0.000187969 -0.000983796   0.00661385  -0.00173056 0.00323843 -0.0931773   -9.80076 
               82.74  0.235931 -0.156674  -5.10198   239.077  -26.4589 0.0742444 0 0 0 0.522     0 1.173  -0.67602  -1.02711 0.0709068 -7.82046e-05 -0.000280757  0.000170453 -0.0010206 0.00658132 -0.0017265 0.00324356 -0.0931744   -9.80076 
               82.78  0.239032 -0.152661  -5.09619   239.092  -26.4437 0.0740656 0 0 0 0.522     0 1.173 -0.674321  -1.02673 0.0710455 -7.91698e-05 -0.000282994  0.000167593 -0.00106655  0.00656387 -0.00172634  0.0032493 -0.0931736   -9.80076 
               82.84  0.237788 -0.156928  -5.11057   239.077  -26.4577 0.0736372 0 0 0 0.522     0 1.173 -0.674837  -1.02721 0.0711417 -7.84564e-05 -0.000280623  0.000174762 -0.00107635  0.00656593 -0.00172386 0.00325042  -0.093174   -9.80076 
               82.88  0.231194 -0.157475  -5.13313   239.096  -26.4625 0.0739016 0 0 0 0.522     0 1.173  -0.67279  -1.02933 0.0714028 -7.56237e-05 -0.000280931  0.000185279 -0.00113486  0.00659089 -0.00172473 0.00325654 -0.0931784   -9.80076 
               82.94  0.231897 -0.158834  -5.13712   239.086  -26.4619 0.0743957 0 0 0 0.522     0 1.173 -0.672832  -1.02886 0.0715001 -7.56379e-05 -0.000280092  0.000187292 -0.00115103  0.00657565 -0.00172353 0.00325879  -0.093177   -9.80076 
               82.98  0.231687 -0.156822  -5.13256     239.1  -26.4609 0.0739981 0 0 0 0.522     0 1.173   -0.6712  -1.02964 0.0714461  -7.5701e-05 -0.000281522  0.000184668 -0.00119944  0.00659086 -0.00172296 0.00326398 -0.0931799   -9.80076 
               83.04  0.238237 -0.152584  -5.12721   239.082  -26.4666 0.0750745 0 0 0 0.522     0 1.173 -0.671944  -1.02996 0.0715682 -7.96093e-05 -0.000283881  0.000181063 -0.00120477  0.00658592 -0.00172271 0.00326471 -0.0931795   -9.80076 
               83.08   0.22716 -0.148589  -5.06241   239.103  -26.4636 0.0747389 0 0 0 0.522     0 1.173 -0.669686  -1.03111  0.071645 -7.38636e-05 -0.000286754  0.000146124 -0.00126589  0.00659793 -0.00172233  0.0032714 -0.0931824   -9.80076 
               83.14  0.233186 -0.150532  -5.13122   239.077  -26.4701 0.0751454 0 0 0 0.522     0 1.173 -0.670933  -1.03151 0.0717275 -7.77371e-05 -0.000284677   0.00019311 -0.00126072  0.00659684 -0.00172117 0.00327086 -0.0931821   -9.80076 
               83.18  0.241312 -0.152407  -5.10822    239.09  -26.4531 0.0744316 0 0 0 0.522     0 1.173 -0.669486  -1.03164 0.0718602 -8.19118e-05 -0.000283875  0.000179839 -0.00130113    0.006582 -0.00171993 0.00327585 -0.0931814   -9.80076 
               83.24  0.231658 -0.151486  -5.08483   239.096  -26.4651 0.0748949 0 0 0 0.522     0 1.173 -0.668503  -1.03268 0.0720819 -7.45972e-05 -0.000284853  0.000162018 -0.00133891  0.00658228 -0.00171869 0.00328014 -0.0931824   -9.80076 
                83.3  0.239318 -0.158938  -5.12876   239.065  -26.4908 0.0751876 0 0 0 0.522     0 1.173  -0.67058  -1.03501 0.0721269 -7.95618e-05 -0.000279513  0.000187359 -0.00132271  0.00662076 -0.00171676 0.00327742 -0.0931863   -9.80076 
               83.34  0.236703 -0.155667  -5.13718   239.078  -26.4655 0.0737697 0 0 0 0.522     0 1.173 -0.669506  -1.03437 0.0720836 -7.76991e-05 -0.000281251  0.000190974 -0.00135904   0.0065931 -0.00171378 0.00328223 -0.0931841   -9.80076 
                83.4  0.238773 -0.158365  -5.13857   239.071  -26.4698 0.0742679 0 0 0 0.522     0 1.173 -0.669827  -1.03467 0.0722192 -7.85641e-05 -0.000279757  0.000191477 -0.00137542  0.00658497 -0.00171253 0.00328429 -0.0931835   -9.80076 
               83.44  0.240623 -0.157436   -5.1338   239.067  -26.4677 0.0739475 0 0 0 0.522     0 1.173 -0.670404  -1.03587 0.0723372 -7.97048e-05 -0.000279807  0.000188806 -0.00137863  0.00660425 -0.00171219  0.0032842 -0.0931858   -9.80076 
                83.5  0.242886 -0.160745  -5.13546   239.061  -26.4706 0.0743323 0 0 0 0.522     0 1.173 -0.670706  -1.03607 0.0724087 -8.07723e-05 -0.000277745  0.000189527 -0.00139437  0.00659505 -0.00171076 0.00328622 -0.0931851   -9.80076 
               83.54  0.243468 -0.159102  -5.13018    239.06  -26.4686 0.0739617 0 0 0 0.522     0 1.173 -0.671187  -1.03746 0.0724739 -8.13099e-05 -0.000278243  0.000186441 -0.00140158  0.00661512  -0.0017103 0.00328655 -0.0931876   -9.80076 
                83.6   0.24232 -0.151795  -5.11183   239.074  -26.4602 0.0751563 0 0 0 0.522     0 1.173 -0.670132  -1.03688 0.0726018 -7.99693e-05 -0.000283416  0.000174163 -0.00144137  0.00658758 -0.00170996 0.00329166 -0.0931854   -9.80076 
               83.64  0.235475 -0.149701  -5.11981   239.061  -26.4763 0.0745541 0 0 0 0.522     0 1.173 -0.671647  -1.04001 0.0726532 -7.71561e-05  -0.00028378  0.000178207 -0.00142951   0.0066466 -0.00170926 0.00328894 -0.0931917   -9.80076 
                83.7  0.239152 -0.155696  -5.11971    239.07  -26.4782 0.0749101 0 0 0 0.522     0 1.173 -0.670946  -1.04025 0.0727269 -7.94893e-05 -0.000279664  0.000177829 -0.00146462  0.00663659 -0.00170778 0.00329313 -0.0931915   -9.80076 
               83.76  0.242212 -0.159424  -5.14431   239.043  -26.4911 0.0757642 0 0 0 0.522     0 1.173 -0.672983   -1.0414 0.0728112 -8.12969e-05  -0.00027658  0.000191549 -0.00144657  0.00665042 -0.00170693 0.00329081 -0.0931926   -9.80076 
                83.8   0.24062 -0.155113  -5.12462   239.072  -26.4757 0.0747977 0 0 0 0.522     0 1.173 -0.670485  -1.04172 0.0728633 -8.03043e-05 -0.000279317   0.00018241 -0.00151024  0.00664039 -0.00170494 0.00329815  -0.093193   -9.80076 
               83.86  0.239617 -0.156011  -5.12774  239.067 -26.4814  0.07497 0 0 0 0.522     0 1.173 -0.670459  -1.04251 0.0730597 -7.96087e-05  -0.00027886  0.000183796 -0.00152847  0.00663572  -0.0017032 0.00330031 -0.0931929   -9.80076 
                83.9  0.241007 -0.155865  -5.13107   239.071  -26.4764 0.0750572 0 0 0 0.522     0 1.173 -0.670107  -1.04382 0.0732186 -8.04112e-05 -0.000278864  0.000185085 -0.0015505 0.00665014 -0.0017037 0.00330241  -0.093195   -9.80076 
               83.96 0.239478 -0.15648  -5.1278   239.068  -26.4814 0.0751454 0 0 0 0.522     0 1.173 -0.670045  -1.04402  0.073342 -7.93495e-05 -0.000278533  0.000182992 -0.00157048  0.00664476 -0.00170182 0.00330477 -0.0931949   -9.80076 
                  84 0.240769 -0.15653 -5.13076   239.072  -26.4761 0.0751634 0 0 0 0.522     0 1.173 -0.669773  -1.04506 0.0734941 -8.01337e-05 -0.000278383  0.000184175 -0.00159046    0.006659 -0.00170218 0.00330664 -0.0931969   -9.80076 
               84.08  0.240588 -0.154668  -5.13539   239.056  -26.4912 0.0768446 0 0 0 0.522     0 1.173 -0.669941  -1.04465 0.0736998 -7.95131e-05 -0.000279501  0.000186809  -0.0016098  0.00663819 -0.00170042 0.00330927 -0.0931951   -9.80076 
               84.16  0.240571 -0.155661  -5.13281  239.087 -26.4419 0.074053 0 0 0 0.522     0 1.173  -0.66333  -1.03545 0.0731606 -7.52738e-05 -0.000281024  0.000185035 -0.00175222  0.00641879 -0.00168315 0.00333023 -0.0931743   -9.80076 
                84.2  0.240014 -0.155826  -5.13876   239.102  -26.4144 0.0712206 0 0 0 0.522     0 1.173 -0.660959  -1.03297 0.0728878 -7.36551e-05 -0.000281362  0.000187523  -0.0018088  0.00635475 -0.00167466 0.00333801 -0.0931686   -9.80076 
               84.26  0.233401 -0.150838  -5.13762   239.099  -26.4455 0.0726366 0 0 0 0.522     0 1.173 -0.660626   -1.0345 0.0730207  -6.8929e-05 -0.000285145  0.000186364 -0.00183747  0.00637393 -0.00167463 0.00334069 -0.0931714   -9.80076 
               84.32  0.238712 -0.158784  -5.12778   239.094  -26.4427 0.0730448 0 0 0 0.522     0 1.173 -0.659848  -1.03361 0.0731282 -7.12604e-05 -0.000280544  0.000180202 -0.00187022  0.00633746 -0.00167221 0.00334515 -0.0931681   -9.80076 
               84.36  0.237222 -0.158319  -5.13767     239.1  -26.4251 0.0717398 0 0 0 0.522     0 1.173 -0.658851  -1.03289 0.0731384  -6.9941e-05 -0.000280862  0.000184511 -0.00190121  0.00630978 -0.00166919  0.0033492 -0.0931658   -9.80076 
               84.42  0.233226 -0.151968  -5.13505   239.097  -26.4443 0.0728266 0 0 0 0.522     0 1.173 -0.658631  -1.03372 0.0733027 -6.77586e-05 -0.000284433  0.000182885 -0.00192765  0.00631277 -0.00166859   0.003352 -0.0931668   -9.80076 
               84.46  0.232412 -0.152039  -5.13714   239.106  -26.4223 0.0714928 0 0 0 0.522     0 1.173 -0.657289  -1.03237 0.0733458 -6.65778e-05 -0.000284595    0.0001836 -0.00196453   0.0062762 -0.00166546 0.00335687 -0.0931637   -9.80076 
               84.52  0.232346 -0.151618  -5.13524  239.099 -26.4443 0.073074 0 0 0 0.522     0 1.173 -0.657069  -1.03309 0.0735586 -6.65886e-05 -0.000284875  0.000182224 -0.00198713  0.00628342 -0.00166561 0.00335915  -0.093165   -9.80076 
               84.56  0.231083 -0.151659  -5.13987   239.107  -26.4203 0.0718251 0 0 0 0.522     0 1.173 -0.655935   -1.0316 0.0735283 -6.50841e-05 -0.000284937  0.000184308 -0.00201962  0.00624366 -0.00166269 0.00336361 -0.0931614   -9.80076 
               84.62  0.232348 -0.151605  -5.13576   239.098  -26.4433 0.0730642 0 0 0 0.522     0 1.173 -0.655976  -1.03248 0.0737052 -6.59912e-05 -0.000284944  0.000181337 -0.00204078  0.00625253 -0.00166235 0.00336569 -0.0931628   -9.80076 
               84.66  0.237754 -0.162503  -5.13907   239.096  -26.4094 0.0713725 0 0 0 0.522     0 1.173 -0.656099  -1.02996 0.0736658  -6.7765e-05 -0.000278576  0.000182775 -0.00204827  0.00619411 -0.00165845 0.00336789 -0.0931567   -9.80076 
               84.72  0.240609 -0.161808  -5.13771   239.084  -26.4347 0.0726329 0 0 0 0.522     0 1.173 -0.656708  -1.03135  0.073779 -6.99124e-05 -0.000278854  0.000181497 -0.00206111  0.00620518 -0.00165812 0.00336902 -0.0931582   -9.80076 
               84.78  0.232817 -0.158604  -5.14089   239.085  -26.4505 0.0740425 0 0 0 0.522     0 1.173 -0.655638  -1.03223 0.0739567 -6.52893e-05 -0.000280963  0.000182975 -0.00210619  0.00620421 -0.00165788 0.00337388 -0.0931591   -9.80076 
               84.82  0.239282 -0.162473  -5.13822   239.095  -26.4101 0.0714312 0 0 0 0.522     0 1.173  -0.65463  -1.02903 0.0737766 -6.67348e-05 -0.000279363  0.000181476 -0.0021364 0.00612933 -0.0016518 0.00337887 -0.0931518   -9.80076 
               84.88  0.239735 -0.162574  -5.13335   239.088  -26.4338 0.0726405 0 0 0 0.522     0 1.173 -0.65507 -1.03012 0.073856 -6.70229e-05 -0.000279379  0.000178766 -0.00215733  0.00613591 -0.00165131 0.00338097  -0.093153   -9.80076 
               84.92  0.237186 -0.160654  -5.14633   239.092  -26.4167 0.0714048 0 0 0 0.522     0 1.173 -0.654689  -1.02943 0.0737694 -6.51633e-05 -0.000280211  0.000184684 -0.00217858  0.00610782 -0.00164836  0.0033839 -0.0931505   -9.80076 
               84.98  0.239644 -0.162208  -5.13626   239.085   -26.434 0.0726832 0 0 0 0.522     0 1.173 -0.654834  -1.02999 0.0738841 -6.64794e-05 -0.000279337  0.000178726 -0.00219756  0.00610721 -0.00164797 0.00338594 -0.0931508   -9.80076 
               85.02  0.233304 -0.156287  -5.15317   239.091  -26.4252 0.0728165 0 0 0 0.522     0 1.173 -0.654216  -1.02987  0.074058 -6.29495e-05 -0.000282298  0.000187006 -0.00222359  0.00609746 -0.00164817 0.00338891 -0.0931504   -9.80076 
               85.08  0.235289 -0.155805  -5.15588   239.081  -26.4497 0.0738648 0 0 0 0.522     0 1.173 -0.654437  -1.03103 0.0741761 -6.43376e-05 -0.000282469  0.000188434 -0.00223899  0.00611022 -0.00164758 0.00339027 -0.0931521   -9.80076 
               85.12  0.232681 -0.156015  -5.15098   239.091  -26.4237 0.0730615 0 0 0 0.522     0 1.173 -0.653359  -1.02933 0.0741886 -6.2074e-05 -0.00028243 0.000185464 -0.00227045  0.00606839 -0.00164568 0.00339455 -0.0931484   -9.80076 
               85.18  0.235056 -0.155775  -5.15669    239.08   -26.448 0.0739402 0 0 0 0.522     0 1.173  -0.65362  -1.03049 0.0741676 -6.38401e-05 -0.000282377  0.000189096 -0.00228394  0.00608121 -0.00164486 0.0033957  -0.09315  -9.80076 
               85.22  0.232919 -0.155771  -5.15137   239.091  -26.4234 0.0730934 0 0 0 0.522     0 1.173 -0.652487   -1.0292  0.074224 -6.18286e-05 -0.000282438  0.000185739 -0.00231594   0.0060427 -0.00164289 0.00339995 -0.0931467   -9.80076 
               85.28  0.234204 -0.155115  -5.15766   239.081  -26.4472 0.0741906 0 0 0 0.522     0 1.173 -0.652991  -1.03032 0.0745056 -6.29062e-05 -0.000282667   0.00019014 -0.00232942   0.0060553 -0.00164241 0.00340109 -0.0931483   -9.80076 
               85.34 0.232477 -0.15567 -5.15181   239.078  -26.4437 0.0746871 0 0 0 0.522     0 1.173 -0.652338  -1.02922 0.0746036 -6.11094e-05 -0.000282372  0.000186328 -0.00236109  0.00601838 -0.00164013 0.00340526 -0.0931451   -9.80076 
               85.38  0.231759 -0.155896  -5.14966   239.093  -26.4276 0.0733927 0 0 0 0.522     0 1.173 -0.650877  -1.02876 0.0745692 -6.02313e-05  -0.00028259  0.000185033 -0.00240287  0.00599341 -0.00163716 0.00341022 -0.0931434   -9.80076 
               85.44  0.234829 -0.155552  -5.15577   239.081  -26.4486 0.0741208 0 0 0 0.522     0 1.173 -0.651254  -1.02995 0.0745993 -6.19498e-05 -0.000282639  0.000188103 -0.00241522  0.00600131 -0.00163607 0.00341135 -0.0931445   -9.80076 
               85.48   0.23181 -0.155905  -5.14997  239.092 -26.4257 0.073388 0 0 0 0.522     0 1.173 -0.650166  -1.02824 0.0745628 -5.96974e-05 -0.000282634  0.000184926 -0.00244947   0.0059647  -0.0016343 0.00341575 -0.0931415   -9.80076 
               85.54  0.23437 -0.15569  -5.1536   239.082  -26.4517 0.0741215 0 0 0 0.522     0 1.173 -0.650712  -1.02898  0.074562 -6.14181e-05 -0.000282648  0.000186834 -0.00246447  0.00597961 -0.00163324   0.003417 -0.0931433   -9.80076 
               85.58  0.228914 -0.157718  -5.14418   239.094   -26.435 0.0732821 0 0 0 0.522     0 1.173 -0.649534  -1.02833 0.0745609 -5.80996e-05  -0.00028182  0.000181591 -0.00250267  0.00595827 -0.00163129 0.00342147  -0.093142   -9.80076 
               85.64  0.230597 -0.158064  -5.14011   239.084  -26.4522 0.0741074 0 0 0 0.522     0 1.173 -0.649939  -1.02895 0.0747073 -5.9219e-05 -0.00028144 0.000178649 -0.00251659  0.00596325 -0.00163033 0.00342282 -0.0931428   -9.80076 
               85.68  0.229433 -0.157169  -5.14599  239.093 -26.4338 0.073415 0 0 0 0.522     0 1.173 -0.649047  -1.02823 0.0748057  -5.8038e-05 -0.000281973  0.000181532 -0.00254807  0.00593974 -0.00162871 0.00342661 -0.0931411   -9.80076 
               85.74  0.231791 -0.157475  -5.13861   239.084   -26.454 0.0744216 0 0 0 0.522     0 1.173 -0.649257   -1.0288 0.0749068 -5.98259e-05 -0.000281608  0.000175938 -0.00256434  0.00594918 -0.00162804 0.00342809 -0.0931424   -9.80076 
                85.8  0.230624 -0.154765  -5.15407  239.076 -26.4546   0.0752 0 0 0 0.522     0 1.173 -0.648872  -1.02757 0.0748573 -5.85789e-05  -0.00028297  0.000184457 -0.00258568  0.00592467 -0.00162642 0.00343084 -0.0931403   -9.80076 
               85.84   0.23065 -0.154661  -5.14757   239.087   -26.436 0.0738214 0 0 0 0.522     0 1.173 -0.647766  -1.02676 0.0748126 -5.80477e-05 -0.000283214  0.000181247 -0.00261915  0.00589873 -0.00162331 0.00343488 -0.0931384   -9.80076 
                85.9  0.231784 -0.151208  -5.14019   239.092  -26.4424 0.0733874 0 0 0 0.522     0 1.173 -0.646964  -1.02689 0.0748859 -5.83289e-05 -0.000285275  0.000177253 -0.00265162  0.00588525 -0.00162034 0.00343854 -0.0931377   -9.80076 
               85.94  0.229216 -0.157587  -5.14097   239.093   -26.441 0.0734268 0 0 0 0.522     0 1.173 -0.646606  -1.02778 0.0749382 -5.71795e-05 -0.000282137   0.00017732 -0.00267292  0.00589491  -0.0016204 0.00344053 -0.0931392   -9.80076 
                  86  0.232073 -0.151793  -5.13556     239.1  -26.4409 0.0734027 0 0 0 0.522     0 1.173 -0.645639  -1.02734 0.0747836 -5.83341e-05 -0.000285746  0.000174038 -0.00270919  0.00587311 -0.00161798 0.00344472 -0.0931377   -9.80076 
               86.04 0.231169 -0.15492 -5.15473   239.087  -26.4398 0.0739491 0 0 0 0.522     0 1.173 -0.646765  -1.02776 0.0747944 -5.79871e-05 -0.000283478  0.000183441 -0.00270136   0.0058864  -0.0016193 0.00344363 -0.0931389   -9.80076 
                86.1  0.234581 -0.156206  -5.15006    239.08  -26.4516 0.0740241 0 0 0 0.522     0 1.173 -0.646762  -1.02782 0.0749051 -6.00173e-05 -0.000282597  0.000180257 -0.00271836  0.00588424 -0.00161721 0.00344544  -0.093139   -9.80076 
               86.14  0.229919 -0.159725  -5.13967   239.096  -26.4389 0.0730942 0 0 0 0.522     0 1.173 -0.645073  -1.02769 0.0748734 -5.72048e-05 -0.000281034  0.000174363 -0.00276268   0.0058714 -0.00161503 0.00345026 -0.0931387   -9.80076 
                86.2 0.233047 -0.16119 -5.13504   239.084  -26.4515 0.0737339 0 0 0 0.522     0 1.173 -0.645523  -1.02816 0.0749465 -5.92712e-05 -0.000279806  0.000170902 -0.00277415  0.00587114 -0.00161374 0.00345145 -0.0931389   -9.80076 
               86.24  0.236465 -0.159983  -5.13225   239.103   -26.424 0.0725664 0 0 0 0.522     0 1.173 -0.643662  -1.02628 0.0749442 -6.02604e-05 -0.000280896  0.000169011 -0.00282493  0.00582599 -0.00161087 0.00345759 -0.0931354   -9.80076 
                86.3  0.231059 -0.152526   -5.1266   239.102  -26.4444 0.0737179 0 0 0 0.522     0 1.173 -0.643374  -1.02685 0.0750332 -5.62512e-05 -0.000286553  0.000164508 -0.00285347  0.00583272 -0.00161029 0.00346032 -0.0931367   -9.80076 
               86.36   0.22897 -0.156623  -5.14614   239.081   -26.458 0.0751099 0 0 0 0.522     0 1.173 -0.644127   -1.0275 0.0753516 -5.49479e-05 -0.000283572  0.000175599 -0.00285551  0.00583581 -0.00161012 0.00346047 -0.0931371   -9.80076 
                86.4  0.231892 -0.153324  -5.15231    239.09  -26.4382 0.0741947 0 0 0 0.522     0 1.173 -0.643186  -1.02653 0.0755223 -5.57264e-05 -0.000285168  0.000178187 -0.00288397   0.0058094 -0.00160801 0.00346392  -0.093135   -9.80076 
               86.46  0.239003 -0.158466  -5.14035   239.087  -26.4395 0.0738156 0 0 0 0.522     0 1.173 -0.642972   -1.0262 0.0755305 -5.91611e-05 -0.000282488  0.000171504 -0.00290657   0.0057902  -0.0016051 0.00346664 -0.0931335   -9.80076 
                86.5 0.228619  -0.1509  -5.1068   239.111  -26.4335 0.0736499 0 0 0 0.522     0 1.173 -0.640288  -1.02643 0.0755623 -5.38953e-05 -0.000287021  0.000154706 -0.00297283  0.00578451 -0.00160449 0.00347341 -0.0931344   -9.80076 
               86.56  0.230327 -0.151876  -5.10016   239.108  -26.4505 0.0743952 0 0 0 0.522     0 1.173 -0.639811  -1.02684 0.0757687 -5.49104e-05 -0.000286573  0.000150544 -0.0030006 0.00578752 -0.0016033 0.00347615 -0.0931353   -9.80076 
                86.6  0.233267 -0.151633  -5.12027   239.094  -26.4496 0.0745528 0 0 0 0.522     0 1.173 -0.640754  -1.02778 0.0759553 -5.66529e-05 -0.000286029   0.00016074 -0.00299444  0.00580552 -0.00160378 0.00347515 -0.0931369   -9.80076 
               86.66  0.235959 -0.151435  -5.13527   239.082  -26.4584 0.0750053 0 0 0 0.522     0 1.173 -0.640962  -1.02864 0.0760972 -5.82587e-05  -0.00028586  0.000170333 -0.00300363  0.00580253 -0.00160222 0.00347615 -0.0931368   -9.80076 
                86.7  0.232545 -0.150848  -5.12956   239.093   -26.448 0.0745146 0 0 0 0.522     0 1.173 -0.639836  -1.02889 0.0761376 -5.62133e-05 -0.000286301  0.000166884 -0.00303888  0.00579857  -0.0016011 0.00347976 -0.0931372   -9.80076 
               86.76  0.234248 -0.151967  -5.13831   239.084  -26.4566 0.0749735 0 0 0 0.522     0 1.173 -0.640184   -1.0292 0.0763113 -5.72575e-05 -0.000285257  0.000172887 -0.00305263  0.00579473 -0.00159953 0.00348122 -0.0931371   -9.80076 
               86.82 0.232626 -0.15047 -5.12714   239.079  -26.4703 0.0761941 0 0 0 0.522     0 1.173 -0.639811  -1.03072 0.0765219 -5.63176e-05 -0.000286146  0.000166148 -0.00308337  0.00579899 -0.00159885 0.00348419 -0.0931381   -9.80076 
               86.86  0.231557 -0.150636  -5.12559   239.092  -26.4502 0.0745963 0 0 0 0.522     0 1.173  -0.63881  -1.03019 0.0764713 -5.53121e-05 -0.000286313  0.000165191 -0.00311994  0.00577516  -0.0015952 0.00348835 -0.0931365   -9.80076 
               86.92  0.229179 -0.159574  -5.13718   239.089   -26.459 0.0742909 0 0 0 0.522     0 1.173 -0.638592  -1.03041 0.0764781 -5.39036e-05 -0.000281812  0.000170935 -0.00314389  0.00576936 -0.00159239 0.00349088 -0.0931365   -9.80076 
               86.96  0.229077 -0.158188  -5.13256   239.101  -26.4492 0.0736616 0 0 0 0.522     0 1.173 -0.637194  -1.03062 0.0764208 -5.36822e-05 -0.000282755  0.000168444 -0.00318367  0.00576424 -0.00159076 0.00349493 -0.0931368   -9.80076 
               87.02  0.229861 -0.158743   -5.1357   239.089   -26.461 0.0745107 0 0 0 0.522     0 1.173 -0.637575  -1.03115 0.0765583 -5.40514e-05 -0.000282313  0.000170009 -0.00319705  0.00576408 -0.00158966 0.00349627  -0.093137   -9.80076 
               87.06  0.230981 -0.150382  -5.12431   239.092  -26.4532 0.0748629 0 0 0 0.522     0 1.173 -0.637057  -1.03153  0.076723 -5.45926e-05 -0.000286474  0.000163951 -0.00321836   0.0057667 -0.00159035 0.00349829 -0.0931377   -9.80076 
               87.12  0.233612 -0.151856  -5.13594    239.08  -26.4599 0.0750046 0 0 0 0.522     0 1.173 -0.637385  -1.03192 0.0768297 -5.60406e-05  -0.00028528  0.000170983 -0.00322742  0.00576084 -0.00158827 0.00349933 -0.0931373   -9.80076 
               87.16  0.231844 -0.151118  -5.12311   239.086  -26.4507 0.0744016 0 0 0 0.522     0 1.173 -0.636851  -1.03235 0.0768932 -5.50082e-05 -0.000285626  0.000163811 -0.00325153  0.00576043 -0.00158685 0.00350171 -0.0931378   -9.80076 
               87.22  0.232696 -0.152149  -5.12846   239.081  -26.4634 0.0750624 0 0 0 0.522     0 1.173 -0.637012  -1.03266  0.076952 -5.55333e-05 -0.000284785  0.000167223 -0.00326945  0.00576243 -0.00158551 0.00350344 -0.0931384   -9.80076 
               87.26  0.231084 -0.150436   -5.1255   239.091  -26.4525 0.0746236 0 0 0 0.522     0 1.173  -0.63593  -1.03277 0.0770818 -5.44744e-05  -0.00028582  0.000165244 -0.00330279  0.00575948 -0.00158444 0.00350676 -0.0931388   -9.80076 
               87.32  0.234023 -0.152206  -5.13119   239.081  -26.4587 0.0750505 0 0 0 0.522     0 1.173 -0.636248  -1.03279 0.0769528 -5.64619e-05 -0.000284173  0.000169216 -0.00331293  0.00575345 -0.00158276  0.0035079 -0.0931384   -9.80076 
               87.38  0.237979 -0.152326  -5.09751   239.087   -26.462 0.0762371 0 0 0 0.522     0 1.173 -0.634476  -1.03257 0.0769329 -5.83584e-05 -0.000284553  0.000149165 -0.00336351  0.00573342  -0.0015818 0.00351323 -0.0931374   -9.80076 
               87.42  0.238098 -0.152061  -5.09491   239.096  -26.4442 0.0746773 0 0 0 0.522     0 1.173 -0.633411  -1.03205 0.0770386 -5.79406e-05  -0.00028481  0.000147724 -0.00339488  0.00571254 -0.00157822 0.00351674 -0.0931361   -9.80076 
               87.48  0.239154 -0.153511  -5.10226   239.087  -26.4545 0.0753238 0 0 0 0.522     0 1.173 -0.633862   -1.0323   0.07721 -5.83549e-05 -0.000283934    0.0001515 -0.00340976  0.00570865 -0.00157682 0.00351827  -0.093136   -9.80076 
               87.52   0.23214 -0.155272  -5.13565   239.098  -26.4587 0.0745492 0 0 0 0.522     0 1.173  -0.63287  -1.03374 0.0772353 -5.52175e-05 -0.000283271  0.000167693  -0.0034508  0.00573342 -0.00157503 0.00352176 -0.0931392   -9.80076 
               87.58   0.23247 -0.157628  -5.13963   239.091  -26.4635 0.0749118 0 0 0 0.522     0 1.173 -0.633089  -1.03353 0.0772672 -5.51747e-05 -0.000281788  0.000169827 -0.00346763  0.00572485 -0.00157316 0.00352358 -0.0931387   -9.80076 
               87.62  0.229796 -0.155543  -5.13781   239.099  -26.4602 0.0743878 0 0 0 0.522     0 1.173 -0.631935  -1.03449 0.0771812 -5.39197e-05 -0.000283013  0.000168584 -0.00350246  0.00573719 -0.00157187  0.0035267 -0.0931406   -9.80076 
               87.68  0.234188 -0.151398  -5.13089   239.073  -26.4679 0.0750882 0 0 0 0.522     0 1.173 -0.632972  -1.03459 0.0771515  -5.6712e-05 -0.000285123  0.000163798 -0.00349177  0.00573632 -0.00157062  0.0035257 -0.0931403   -9.80076 
               87.72  0.231205 -0.148672  -5.06918   239.118  -26.4612 0.0752705 0 0 0 0.522     0 1.173 -0.628308  -1.03519 0.0772649 -5.50859e-05 -0.000288175  0.000129708 -0.00359806  0.00573644 -0.00157072 0.00353589 -0.0931424   -9.80076 
               87.78  0.231368 -0.150896  -5.13146   239.076  -26.4668 0.0753217 0 0 0 0.522     0 1.173 -0.630481  -1.03552 0.0772373 -5.49732e-05 -0.000285381  0.000174179 -0.00356901  0.00573548 -0.00156863 0.00353315 -0.0931418   -9.80076 
               87.84  0.241104 -0.154295  -5.09679   239.079  -26.4728 0.0762287 0 0 0 0.522     0 1.173 -0.629243  -1.03602 0.0773153  -6.0298e-05 -0.000283703  0.000153957 -0.00360969   0.0057245 -0.00156708 0.00353728 -0.0931415   -9.80076 
               87.88 0.236311 -0.14982 -5.06975   239.111  -26.4647 0.0748755 0 0 0 0.522     0 1.173  -0.6257 -1.03667 0.077362 -5.80656e-05 -0.000286865  0.000141563 -0.00369253  0.00572312 -0.00156384 0.00354524  -0.093143   -9.80076 
               87.94  0.238263 -0.157778  -5.13268    239.08  -26.4703 0.0751139 0 0 0 0.522     0 1.173 -0.627228  -1.03702 0.0773472 -5.88469e-05 -0.000282041  0.000173672 -0.00367819  0.00571974  -0.0015619 0.00354397 -0.0931424   -9.80076 
               87.98  0.233266 -0.155003  -5.13154  239.087  -26.471 0.074413 0 0 0 0.522     0 1.173 -0.626527   -1.0386 0.0773219 -5.67879e-05 -0.000283425  0.000172851 -0.00370651  0.00574268 -0.00156024 0.00354623 -0.0931452   -9.80076 
               88.04  0.235252 -0.156915    -5.134    239.08  -26.4684 0.0748791 0 0 0 0.522     0 1.173 -0.626756   -1.0382 0.0774344  -5.7526e-05 -0.000282221  0.000174016 -0.00372011  0.00572584 -0.00155849 0.00354787 -0.0931438   -9.80076 
               88.08  0.237529 -0.155374   -5.1347   239.077  -26.4683 0.0745268 0 0 0 0.522     0 1.173 -0.627385  -1.03971 0.0774256 -5.90124e-05 -0.000282603  0.000174066 -0.00372549  0.00574917 -0.00155768 0.00354793 -0.0931461   -9.80076 
               88.14   0.23887 -0.158577  -5.13835   239.071  -26.4644 0.0749241 0 0 0 0.522     0 1.173 -0.627919  -1.03895 0.0772642 -5.9416e-05 -0.00028041  0.00017609  -0.0037372  0.00573034 -0.00155583 0.00354943 -0.0931446   -9.80076 
               88.18 0.238449  -0.1559 -5.13311   239.071  -26.4668 0.0745968 0 0 0 0.522     0 1.173 -0.628251  -1.04038  0.077257 -5.96082e-05 -0.000281531  0.000172971 -0.00374748  0.00575777  -0.0015551 0.00354987 -0.0931474   -9.80076 
               88.24 0.237099 -0.15273 -5.10441    239.08  -26.4623 0.0750525 0 0 0 0.522     0 1.173 -0.627513  -1.03996 0.0773084 -5.82506e-05 -0.000283935  0.000152998 -0.00377864  0.00573621 -0.00155331 0.00355323 -0.0931459   -9.80076 
               88.28   0.23734 -0.153299  -5.13444  239.067 -26.4787 0.075239 0 0 0 0.522     0 1.173 -0.629013  -1.04313  0.077411 -5.93674e-05 -0.000282747  0.000169544 -0.00376547  0.00579728 -0.00155396 0.00355081 -0.0931514   -9.80076 
               88.34 0.245512 -0.15654 -5.09158  239.082 -26.4682 0.075725 0 0 0 0.522     0 1.173 -0.627877  -1.04255 0.0774702 -6.49661e-05 -0.000280719  0.000137123 -0.00380552  0.00576901 -0.00155221 0.00355514 -0.0931495   -9.80076 
                88.4  0.238581 -0.157037  -5.14543   239.055   -26.499 0.0760951 0 0 0 0.522     0 1.173 -0.629917  -1.04534 0.0774765 -6.16192e-05 -0.000279376  0.000168356 -0.00378674  0.00581934 -0.00154983 0.00355244 -0.0931539   -9.80076 
               88.44   0.24535 -0.155533  -5.09341   239.084  -26.4665 0.0755505 0 0 0 0.522     0 1.173 -0.627289  -1.04387 0.0775083  -6.3905e-05 -0.000280909  0.000143953 -0.00384958  0.00577444 -0.00154829 0.00355919 -0.0931509   -9.80076 
                88.5    0.2456 -0.156338  -5.09256   239.078  -26.4742 0.0759275 0 0 0 0.522     0 1.173 -0.627403  -1.04434 0.0775599 -6.38975e-05 -0.000280426  0.000143314 -0.00386531  0.00577107  -0.0015465 0.00356074 -0.0931509   -9.80076 
               88.54 0.245553 -0.15665 -5.09077  239.082 -26.4703  0.07592 0 0 0 0.522     0 1.173 -0.627174  -1.04539 0.0775957 -6.40468e-05 -0.000280169  0.000142191 -0.00388536  0.00578616 -0.00154648 0.00356232 -0.0931527   -9.80076 
                88.6  0.244928 -0.156433  -5.09537   239.078  -26.4721 0.0760758 0 0 0 0.522     0 1.173 -0.627273  -1.04531  0.077558 -6.33791e-05 -0.000280228  0.000144735 -0.00390261  0.00577521 -0.00154436 0.00356415  -0.093152   -9.80076 
               88.64  0.245642 -0.156766  -5.08717   239.086  -26.4727 0.0760349 0 0 0 0.522     0 1.173 -0.626471  -1.04703 0.0776449 -6.40976e-05 -0.000280111  0.000140208 -0.00393213  0.00579913  -0.0015443 0.00356643 -0.0931548   -9.80076 
               88.72  0.233896 -0.150793  -5.13386   239.055  -26.4943 0.0772186 0 0 0 0.522     0 1.173 -0.627118  -1.04694 0.0780509 -5.60399e-05 -0.000283413  0.000170608 -0.00392879  0.00578961 -0.00154146 0.00356632 -0.0931538   -9.80076 
                88.8  0.236601 -0.156634  -5.14975   239.087  -26.4521 0.0741081 0 0 0 0.522     0 1.173  -0.62039  -1.03887 0.0776191 -5.36113e-05 -0.000282252  0.000178373 -0.00406464  0.00559073  -0.0015224 0.00358281 -0.0931381   -9.80076 
               88.86  0.236128 -0.157983  -5.15099   239.093  -26.4413 0.0729345 0 0 0 0.522     0 1.173 -0.617897  -1.03617 0.0772586 -5.19329e-05 -0.000282092  0.000178577 -0.00412545  0.00551861  -0.0015137 0.00358985 -0.0931326   -9.80076 
                88.9  0.244534 -0.156971   -5.1071  239.106 -26.4163 0.071667 0 0 0 0.522     0 1.173 -0.616441  -1.03456 0.0772774 -5.48591e-05 -0.000282917  0.000158511 -0.00416458  0.00547232 -0.00151029 0.00359434 -0.0931291   -9.80076 
               88.96   0.24381 -0.158453   -5.0965   239.097  -26.4382 0.0733014 0 0 0 0.522     0 1.173 -0.616605  -1.03552 0.0774577 -5.45421e-05 -0.000282167  0.000152869 -0.00418218  0.00547788 -0.00151015 0.00359586 -0.0931299   -9.80076 
                  89 0.236797 -0.15935 -5.15243   239.091  -26.4125 0.0710874 0 0 0 0.522     0 1.173  -0.61718  -1.03373 0.0773103 -5.02263e-05 -0.000281099  0.000179418 -0.00417831  0.00543463 -0.00150479 0.00359636 -0.0931259   -9.80076 
               89.06  0.242202 -0.157576  -5.10651   239.098  -26.4364 0.0734509 0 0 0 0.522     0 1.173 -0.616345  -1.03469 0.0774811 -5.34187e-05 -0.000282519  0.000153107 -0.00421487  0.00544049 -0.00150564 0.00359958 -0.0931271   -9.80076 
                89.1  0.241908 -0.157829  -5.10736   239.106  -26.4146 0.0720607 0 0 0 0.522     0 1.173 -0.615337  -1.03334 0.0774164 -5.24869e-05 -0.000282446  0.000153265 -0.00424449   0.0054024 -0.00150208 0.00360302 -0.0931242   -9.80076 
               89.16  0.242393 -0.158815  -5.10131   239.097  -26.4381 0.0735869 0 0 0 0.522     0 1.173 -0.615484  -1.03434 0.0775324 -5.28883e-05 -0.000281741  0.000149255 -0.00426097  0.00541108 -0.00150183 0.00360437 -0.0931253   -9.80076 
                89.2  0.241103 -0.157872  -5.10774   239.106  -26.4135 0.0723206 0 0 0 0.522     0 1.173 -0.614429  -1.03276 0.0774801 -5.13164e-05 -0.000282271  0.000152423 -0.00429104  0.00536831 -0.00149854 0.00360792  -0.093122   -9.80076 
               89.26  0.241303 -0.158914  -5.10053   239.098  -26.4385 0.0738018 0 0 0 0.522     0 1.173  -0.61459  -1.03396 0.0776515  -5.1592e-05 -0.000281459   0.00014722 -0.00430905  0.00537944 -0.00149825 0.00360935 -0.0931233   -9.80076 
                89.3  0.233638 -0.159701  -5.15115   239.093  -26.4159 0.0717783 0 0 0 0.522     0 1.173 -0.615064  -1.03258 0.0775248 -4.64693e-05 -0.000280346  0.000175371 -0.00430811  0.00534521 -0.00149341 0.00360994 -0.0931202   -9.80076 
               89.36  0.237489 -0.159538  -5.14879   239.087  -26.4353 0.0729281 0 0 0 0.522     0 1.173 -0.615107  -1.03319 0.0775563 -4.93514e-05 -0.000280296  0.000173295 -0.00432454  0.00534893 -0.00149257 0.00361136 -0.0931209   -9.80076 
               89.42 0.239005  -0.1582 -5.10791   239.092  -26.4417 0.0742302 0 0 0 0.522     0 1.173 -0.613609  -1.03284 0.0776448  -4.9821e-05 -0.000281488  0.000148994 -0.00437205   0.0053272 -0.00149154 0.00361605 -0.0931198   -9.80076 
               89.46  0.233904 -0.159993  -5.15674   239.093  -26.4158 0.0716904 0 0 0 0.522     0 1.173 -0.613453  -1.03112 0.0774299 -4.65034e-05 -0.000280306  0.000171441 -0.00438229  0.00528318 -0.00148547 0.00361783  -0.093116   -9.80076 
               89.52   0.23609 -0.160044  -5.14699    239.09  -26.4333 0.0730291 0 0 0 0.522     0 1.173 -0.613241   -1.0317 0.0774745 -4.76218e-05 -0.000280346  0.000165963 -0.00440374  0.00528185 -0.00148485 0.00361979 -0.0931163   -9.80076 
               89.56 0.234165 -0.15837 -5.15934   239.086    -26.42 0.0720622 0 0 0 0.522     0 1.173 -0.613594  -1.03111 0.0774444 -4.62438e-05 -0.000280723  0.000171771  -0.0044066  0.00526363 -0.00148231  0.0036204 -0.0931147   -9.80076 
               89.62  0.236341 -0.159604  -5.14927   239.089  -26.4384 0.0731089 0 0 0 0.522     0 1.173 -0.613297  -1.03133 0.0773805 -4.75251e-05 -0.000280147   0.00016553 -0.00443504  0.00526454 -0.00148127 0.00362294 -0.0931153   -9.80076 
               89.66  0.227611 -0.152033  -5.14171   239.108  -26.4255 0.0729103 0 0 0 0.522     0 1.173 -0.611404  -1.03061 0.0773368 -4.25664e-05 -0.000284548  0.000161312 -0.00448615    0.005245 -0.00148035 0.00362784 -0.0931145   -9.80076 
               89.72  0.230769 -0.152805   -5.1375   239.098  -26.4412 0.0736457 0 0 0 0.522     0 1.173  -0.61154  -1.03108 0.0774001 -4.45907e-05 -0.000283885  0.000158302 -0.00450028  0.00524532 -0.00147897 0.00362911 -0.0931148   -9.80076 
               89.76  0.228041 -0.152428  -5.14159   239.108  -26.4244 0.0727696 0 0 0 0.522     0 1.173 -0.610256  -1.03037  0.077347  -4.2552e-05 -0.000284186  0.000160248 -0.00453487  0.00522067 -0.00147665 0.00363265 -0.0931133   -9.80076 
               89.82 0.230655 -0.15278 -5.13789   239.098  -26.4406 0.0736613 0 0 0 0.522     0 1.173  -0.61035  -1.03098 0.0773597 -4.43959e-05 -0.000283722  0.000157321 -0.00454828   0.0052222 -0.00147552 0.00363383 -0.0931136   -9.80076 
               89.88  0.227974 -0.152437   -5.1403   239.098  -26.4453 0.0744015 0 0 0 0.522     0 1.173  -0.60922  -1.03043 0.0773907 -4.23575e-05 -0.000284052  0.000158391 -0.00458631  0.00519964 -0.00147337 0.00363762 -0.0931123   -9.80076 
               89.92   0.22807 -0.151763  -5.14448  239.104 -26.4235 0.072801 0 0 0 0.522     0 1.173 -0.608307  -1.02907 0.0773038 -4.16731e-05   -0.0002844  0.000160031 -0.00461281  0.00516362 -0.00146944 0.00364064 -0.0931096   -9.80076 
               89.98  0.229407 -0.151723  -5.14314   239.095  -26.4423 0.0738313 0 0 0 0.522     0 1.173 -0.608491  -1.02984 0.0773094 -4.23769e-05 -0.000284367  0.000159151 -0.00462801  0.00516688 -0.00146849 0.00364193 -0.0931102   -9.80076 
               90.02  0.227003 -0.151636   -5.1449   239.107  -26.4254 0.0729238 0 0 0 0.522     0 1.173  -0.60713  -1.02909 0.0772416 -4.06702e-05 -0.000284638  0.000159735 -0.00466629  0.00514012 -0.00146607  0.0036458 -0.0931085   -9.80076 
               90.08  0.229221 -0.151563  -5.14223   239.095  -26.4427 0.0738478 0 0 0 0.522     0 1.173 -0.607324  -1.02972 0.0772574 -4.19242e-05 -0.000284514   0.00015801 -0.00467729   0.0051425 -0.00146499 0.00364674 -0.0931089   -9.80076 
               90.12 0.227206 -0.15152  -5.1459   239.105  -26.4241 0.0729083 0 0 0 0.522     0 1.173 -0.606068  -1.02878 0.0771978 -4.02926e-05 -0.000284646  0.000159597 -0.00471072  0.00511351 -0.00146253 0.00365021  -0.093107   -9.80076 
               90.18  0.228912 -0.151264  -5.14581   239.093  -26.4407 0.0739994 0 0 0 0.522     0 1.173 -0.606343  -1.02936 0.0772245 -4.13327e-05 -0.000284569   0.00015931 -0.00472004   0.0051152 -0.00146171   0.003651 -0.0931073   -9.80076 
               90.22  0.235201 -0.156818  -5.11368   239.098  -26.4295 0.0731453 0 0 0 0.522     0 1.173 -0.605754  -1.02927 0.0771754 -4.44603e-05 -0.000281549  0.000141802 -0.00474226  0.00510375 -0.00145957 0.00365318 -0.0931067   -9.80076 
               90.28  0.238468 -0.157787  -5.11006   239.085  -26.4462 0.0741526 0 0 0 0.522     0 1.173 -0.606251  -1.02994  0.077256 -4.67156e-05 -0.000280592  0.000139081 -0.00474998  0.00510771 -0.00145866 0.00365379 -0.0931072   -9.80076 
               90.32   0.23528 -0.156523   -5.1126   239.098  -26.4275 0.0730794 0 0 0 0.522     0 1.173  -0.60507  -1.02913 0.0772229  -4.4355e-05 -0.000281382  0.000140245 -0.00478378  0.00508153 -0.00145596 0.00365722 -0.0931055   -9.80076 
               90.38 0.237907 -0.15725 -5.10836   239.085  -26.4491 0.0742641 0 0 0 0.522     0 1.173  -0.6056 -1.03015 0.077314 -4.64746e-05  -0.00028051  0.000136815 -0.00479141  0.00509298 -0.00145534 0.00365769 -0.0931066   -9.80076 
               90.44  0.225793 -0.150549  -5.14759  239.089 -26.4467 0.074692 0 0 0 0.522     0 1.173  -0.60426    -1.029 0.0773152  -3.8599e-05 -0.000284532  0.000159544 -0.00483162  0.00505856 -0.00145252 0.00366179 -0.0931044   -9.80076 
               90.48  0.225356 -0.150321  -5.14088   239.103  -26.4293 0.0733042 0 0 0 0.522     0 1.173 -0.602711  -1.02813  0.077249 -3.78565e-05 -0.000284946   0.00015617 -0.00487209   0.0050318  -0.0014491 0.00366579 -0.0931028   -9.80076 
               90.54  0.232496 -0.156893   -5.1598   239.087  -26.4535 0.0739116 0 0 0 0.522     0 1.173 -0.603343  -1.02921 0.0772986 -4.19012e-05 -0.000281107  0.000166182  -0.0048776  0.00504581 -0.00144763 0.00366604 -0.0931041   -9.80076 
               90.58  0.233979 -0.155546  -5.10234   239.095  -26.4366 0.0736971 0 0 0 0.522     0 1.173 -0.602524  -1.02859 0.0773472  -4.2259e-05 -0.000281906  0.000137565 -0.00490411  0.00502459 -0.00144681  0.0036687 -0.0931027   -9.80076 
               90.64  0.231797 -0.155997  -5.15713   239.091  -26.4505 0.0742888 0 0 0 0.522     0 1.173 -0.602453  -1.02906 0.0773981 -4.08203e-05 -0.000281463  0.000170047 -0.00492253  0.00502469 -0.00144525 0.0036703 -0.093103  -9.80076 
               90.68  0.225676 -0.150329  -5.14257   239.102  -26.4282 0.0732229 0 0 0 0.522     0 1.173 -0.601224   -1.0278 0.0773633 -3.69589e-05 -0.000284554  0.000162158 -0.00495527  0.00499068 -0.00144252 0.00367372 -0.0931007   -9.80076 
               90.74   0.22927 -0.152335  -5.14529   239.091  -26.4405 0.0738321 0 0 0 0.522     0 1.173  -0.60172  -1.02773 0.0773293 -3.91939e-05 -0.000282997  0.000163696 -0.00496568  0.00498721 -0.00144098 0.00367469 -0.0931006   -9.80076 
               90.78  0.234524 -0.157318  -5.10776   239.095  -26.4359 0.0732693 0 0 0 0.522     0 1.173 -0.601494  -1.02808 0.0772891 -4.21364e-05 -0.000280194   0.00014279 -0.00498595  0.00499107 -0.00143952 0.00367638 -0.0931013   -9.80076 
               90.84  0.236842 -0.156853  -5.11141   239.086  -26.4495 0.0741386 0 0 0 0.522     0 1.173 -0.601897  -1.02842 0.0772848 -4.37485e-05 -0.000280255  0.000145178 -0.00499643  0.00499224  -0.0014384 0.00367726 -0.0931015   -9.80076 
                90.9  0.230913 -0.158975  -5.14086   239.089  -26.4438 0.0743552 0 0 0 0.522     0 1.173 -0.600787  -1.02678 0.0771913 -3.94556e-05  -0.00027913  0.000161786  -0.0050349  0.00495068 -0.00143506 0.00368129 -0.0930987   -9.80076 
               90.94 0.228788 -0.15597 -5.15114   239.104  -26.4449 0.0736668 0 0 0 0.522     0 1.173 -0.599105  -1.02776 0.0771561 -3.86624e-05 -0.000280891  0.000166181 -0.00508158  0.00496324 -0.00143327 0.00368505 -0.0931006   -9.80076 
                  91  0.236433 -0.154712  -5.11051   239.086  -26.4479 0.0747178 0 0 0 0.522     0 1.173 -0.599775  -1.02746  0.077182 -4.23563e-05 -0.000281285  0.000145106 -0.00508112  0.00494996  -0.0014324 0.00368525 -0.0930994   -9.80076 
               91.04  0.226098 -0.151132  -5.14309   239.105  -26.4284 0.0730639 0 0 0 0.522     0 1.173 -0.597787  -1.02642 0.0770907 -3.67341e-05 -0.000283382  0.000160485 -0.00513019  0.00491904 -0.00142836 0.00368996 -0.0930977   -9.80076 
                91.1 0.235291 -0.15357 -5.14554   239.081  -26.4427 0.0744117 0 0 0 0.522     0 1.173 -0.598943  -1.02684 0.0771928  -4.1917e-05 -0.000281474  0.000161654 -0.00512202  0.00491988 -0.00142799 0.00368927 -0.0930976   -9.80076 
               91.14  0.227499 -0.156475  -5.15305   239.108  -26.4411 0.0738522 0 0 0 0.522     0 1.173 -0.596316  -1.02762 0.0772105 -3.79889e-05 -0.000280719  0.000165191 -0.00518895  0.00492544 -0.00142646 0.00369483 -0.0930992   -9.80076 
                91.2  0.230083 -0.157473   -5.1504    239.09  -26.4546 0.0745254 0 0 0 0.522     0 1.173 -0.597053  -1.02809 0.0772649 -3.95996e-05 -0.000279726  0.000163286 -0.00519048  0.00492767  -0.0014251 0.00369494 -0.0930994   -9.80076 
               91.24  0.232227 -0.152404  -5.11056   239.107  -26.4348 0.0745924 0 0 0 0.522     0 1.173 -0.595232  -1.02724 0.0773458 -4.02358e-05 -0.000282861  0.000141675 -0.00523646  0.00489994 -0.00142493 0.00369927 -0.0930979   -9.80076 
                91.3  0.234405 -0.153648   -5.1028   239.094  -26.4591 0.0750936 0 0 0 0.522     0 1.173 -0.595765  -1.02866 0.0773245 -4.19949e-05 -0.000281739  0.000136109 -0.00524551  0.00491671  -0.0014234 0.00369976 -0.0930994   -9.80076 
               91.34  0.232093 -0.152821  -5.09151   239.109  -26.4443 0.0746584 0 0 0 0.522     0 1.173 -0.594133  -1.02847  0.077361 -4.03821e-05 -0.000282483  0.000129512  -0.0052892  0.00490317 -0.00142224 0.00370366  -0.093099   -9.80076 
                91.4   0.23471 -0.152811  -5.10582   239.094  -26.4561 0.0753002 0 0 0 0.522     0 1.173 -0.594564  -1.02878  0.077494 -4.22698e-05  -0.00028204  0.000140017 -0.00529374  0.00490465  -0.0014209 0.00370403 -0.0930992   -9.80076 
               91.46  0.231247 -0.153373  -5.09357   239.096  -26.4645 0.0760823 0 0 0 0.522     0 1.173 -0.593361  -1.02895 0.0775381  -4.0038e-05 -0.000281914   0.00013256 -0.00533432  0.00489683 -0.00141905 0.00370756 -0.0930993   -9.80076 
                91.5  0.230108 -0.153864  -5.09297   239.109  -26.4421 0.0744198 0 0 0 0.522     0 1.173 -0.591855  -1.02767 0.0774541 -3.88941e-05 -0.000281958  0.000132072 -0.00537319  0.00486633 -0.00141513 0.00371134 -0.0930974   -9.80076 
               91.56  0.231725 -0.155604  -5.13712   239.093  -26.4652 0.0753351 0 0 0 0.522     0 1.173 -0.592381  -1.02845 0.0775319 -3.99567e-05 -0.000280677  0.000155741 -0.00537898  0.00488224 -0.00141417 0.00371157 -0.0930988   -9.80076 
                91.6  0.230889 -0.154099  -5.13145   239.108  -26.4526 0.0745485 0 0 0 0.522     0 1.173  -0.59078  -1.02848 0.0775301 -3.93374e-05 -0.000281758  0.000152686 -0.00542239  0.00487363  -0.0014122 0.00371532 -0.0930988   -9.80076 
               91.66  0.231242 -0.154951  -5.13783   239.094  -26.4643 0.0756875 0 0 0 0.522     0 1.173 -0.591281  -1.02905 0.0776755 -3.95155e-05 -0.000280987  0.000156277 -0.00542971   0.0048752 -0.00141154 0.00371591 -0.0930991   -9.80076 
                91.7   0.23213 -0.153404  -5.09235  239.109 -26.4412 0.074677 0 0 0 0.522     0 1.173 -0.589799  -1.02799 0.0777289 -3.94003e-05 -0.000282144  0.000132301 -0.00547035  0.00484374 -0.00140904 0.00371981 -0.0930972   -9.80076 
               91.76  0.233728 -0.153874  -5.09885  239.095 -26.4605 0.075141 0 0 0 0.522     0 1.173 -0.590306  -1.02884 0.0778338 -4.05806e-05 -0.000281533   0.00013636 -0.00547775  0.00485466  -0.0014074 0.00372026 -0.0930982   -9.80076 
                91.8 0.230903 -0.15358 -5.08881   239.107  -26.4413 0.0745735 0 0 0 0.522     0 1.173 -0.588942  -1.02818 0.0778549  -3.856e-05 -0.00028187 0.000130601 -0.00551473  0.00483225 -0.00140589 0.00372368 -0.0930969   -9.80076 
               91.86  0.233701 -0.153944  -5.09983   239.098  -26.4591 0.0752471 0 0 0 0.522     0 1.173 -0.589167  -1.02884  0.077845  -4.0646e-05 -0.000281358  0.000138304 -0.00552832  0.00484087 -0.00140453 0.00372467 -0.0930979   -9.80076 
               91.92  0.230828 -0.153811  -5.09066   239.099  -26.4648 0.0760074 0 0 0 0.522     0 1.173 -0.588145  -1.02866 0.0778714 -3.87004e-05 -0.000281623  0.000132767 -0.00556755  0.00482787 -0.00140255 0.00372812 -0.0930975   -9.80076 
               91.96  0.230847 -0.153624  -5.09092   239.109  -26.4446 0.0745151 0 0 0 0.522     0 1.173 -0.586988   -1.0279 0.0778398 -3.81841e-05 -0.000281888  0.000132682 -0.00560082  0.00480246 -0.00139899 0.00373128 -0.0930959   -9.80076 
               92.02   0.23584 -0.152391  -5.11138  239.079 -26.4522 0.074829 0 0 0 0.522     0 1.173 -0.588492  -1.02831 0.0780014 -4.05881e-05 -0.000281827  0.000143027 -0.00558376  0.00479801  -0.0013971 0.00372998 -0.0930953   -9.80076 
               92.06   0.23531 -0.150207  -5.10091   239.086  -26.4469 0.0746104 0 0 0 0.522     0 1.173 -0.588066  -1.02897 0.0780902 -4.03715e-05 -0.000282803  0.000137783 -0.00560432  0.00480297 -0.00139642 0.00373158  -0.093096   -9.80076 
               92.12  0.235759 -0.152208  -5.10707    239.08  -26.4552 0.0746911 0 0 0 0.522     0 1.173 -0.588246  -1.02899 0.0780347 -4.04637e-05 -0.000281521  0.000141097 -0.00561718  0.00479742 -0.00139409 0.00373274 -0.0930958   -9.80076 
               92.16  0.235049 -0.153851  -5.13029   239.108  -26.4581 0.0754042 0 0 0 0.522     0 1.173 -0.585541  -1.03066 0.0781272 -4.03849e-05 -0.000281457  0.000152641 -0.0056884 0.00481755 -0.0013954 0.00373819 -0.0930986   -9.80076 
               92.22  0.236087 -0.155055  -5.13951   239.099  -26.4657 0.0759589 0 0 0 0.522     0 1.173  -0.58582  -1.03114 0.0781047 -4.08972e-05 -0.000280502  0.000158186 -0.00570031  0.00481415 -0.00139385 0.00373922 -0.0930985   -9.80076 
               92.26  0.235845 -0.153499  -5.13302   239.108  -26.4604 0.0754071 0 0 0 0.522     0 1.173 -0.584762  -1.03202 0.0781278 -4.08787e-05  -0.00028145  0.000154428 -0.00573369  0.00482368 -0.00139254 0.00374178 -0.0930998   -9.80076 
               92.32  0.235619 -0.153138  -5.09525   239.096  -26.4647 0.0755416 0 0 0 0.522     0 1.173 -0.585031  -1.03223 0.0780944 -4.05974e-05 -0.000281501  0.000128223 -0.00574125  0.00481665 -0.00139036 0.00374252 -0.0930993   -9.80076 
               92.36  0.226119 -0.149533  -5.11629   239.092  -26.4534 0.0741757 0 0 0 0.522     0 1.173 -0.585363  -1.03257 0.0780328 -3.51531e-05  -0.00028298  0.000139789 -0.00574386   0.0048168 -0.00138726 0.00374275 -0.0930994   -9.80076 
               92.42  0.236117 -0.153067  -5.09501   239.092  -26.4696 0.0758789 0 0 0 0.522     0 1.173 -0.585128  -1.03356 0.0782119 -4.27877e-05 -0.000280327  0.000123584  -0.0057667  0.00482466 -0.00138738 0.00374447 -0.0931004   -9.80076 
               92.48  0.237941 -0.150662  -5.11419   239.073  -26.4711 0.0763733 0 0 0 0.522     0 1.173 -0.586358  -1.03291   0.07808 -4.34879e-05 -0.000280966  0.000134562 -0.00575778  0.00481082 -0.00138497   0.003744 -0.0930991   -9.80076 
               92.52  0.232722 -0.150432  -5.12416   239.088  -26.4578 0.0740874 0 0 0 0.522     0 1.173 -0.585188  -1.03268  0.077834 -4.08354e-05  -0.00028128  0.000138981 -0.00579386  0.00480253 -0.00137972 0.00374706 -0.0930991   -9.80076 
               92.58   0.23646 -0.154883   -5.1337   239.089  -26.4692 0.0760147 0 0 0 0.522     0 1.173 -0.584762  -1.03321 0.0779713  -4.2796e-05 -0.000278969  0.000143948 -0.00581852  0.00480246 -0.00138012 0.00374904 -0.0930994   -9.80076 
               92.62  0.233123 -0.151375  -5.12629   239.094  -26.4705 0.0752746 0 0 0 0.522     0 1.173 -0.584276  -1.03477 0.0779734 -4.15628e-05 -0.000280655   0.00014006 -0.00584114   0.0048279 -0.00137846 0.00375045 -0.0931018   -9.80076 
               92.68  0.232419 -0.152476  -5.13104  239.086  -26.472 0.075799 0 0 0 0.522     0 1.173 -0.584462  -1.03472 0.0780168 -4.08913e-05 -0.000279793  0.000142697 -0.00585121   0.0048179 -0.00137685 0.00375143 -0.0931012   -9.80076 
               92.72   0.23486 -0.152148   -5.1248   239.086  -26.4691 0.0753752 0 0 0 0.522     0 1.173 -0.58454 -1.03594  0.07805 -4.24498e-05 -0.000279659  0.000139188 -0.00586142  0.00483699 -0.00137591 0.00375195 -0.0931029   -9.80076 
               92.78  0.235122 -0.153362  -5.13087    239.08    -26.47 0.0757611 0 0 0 0.522     0 1.173 -0.584682  -1.03588 0.0780876 -4.23504e-05 -0.000278632  0.000142956 -0.0058726 0.00482609 -0.0013741 0.00375303 -0.0931022   -9.80076 
               92.82  0.235944 -0.152184  -5.12592   239.082  -26.4707 0.0754344 0 0 0 0.522     0 1.173 -0.584866  -1.03722 0.0780371  -4.3229e-05 -0.000278967  0.000139973 -0.00588377   0.0048529 -0.00137341  0.0037535 -0.0931045   -9.80076 
               92.88  0.237541 -0.153274   -5.1202   239.079  -26.4606 0.0752128 0 0 0 0.522     0 1.173 -0.585164  -1.03624  0.077822 -4.38274e-05 -0.000277983  0.000135625 -0.00589632  0.00482624 -0.00137064 0.00375494 -0.0931026   -9.80076 
               92.94  0.244086 -0.154886  -5.09093   239.069  -26.4891 0.0771544 0 0 0 0.522     0 1.173 -0.585662  -1.03886 0.0779013 -4.82862e-05 -0.000276799  0.000118567  -0.0059082  0.00486609 -0.00137157 0.00375525 -0.0931059   -9.80076 
               92.98  0.238346 -0.155037  -5.13763    239.07  -26.4623 0.0746033 0 0 0 0.522     0 1.173 -0.585812  -1.03779 0.0778208 -4.50284e-05 -0.000276253  0.000139416 -0.00590969  0.00483696 -0.00136583 0.00375587 -0.0931036   -9.80076 
               93.04   0.23245 -0.149205  -5.13999    239.07  -26.4796 0.0757054 0 0 0 0.522     0 1.173 -0.585424  -1.03873 0.0780446 -4.21265e-05 -0.000279269  0.000140476 -0.00592863  0.00484657 -0.00136506 0.00375721 -0.0931047   -9.80076 
               93.08  0.238405 -0.155239  -5.14803   239.065  -26.4662 0.0745769 0 0 0 0.522     0 1.173 -0.586265  -1.03892 0.0780085 -4.48693e-05 -0.000275759  0.000144079 -0.00592119  0.00484496  -0.0013625 0.00375668 -0.0931044   -9.80076 
               93.14  0.239226 -0.156903  -5.15128   239.065  -26.4701 0.0749435 0 0 0 0.522     0 1.173 -0.586091  -1.03884 0.0779347 -4.51119e-05 -0.000274732  0.000145729  -0.0059367  0.00483623 -0.00136057 0.00375805  -0.093104   -9.80076 
               93.18  0.238912 -0.155576  -5.15018   239.066  -26.4668 0.0746795 0 0 0 0.522     0 1.173 -0.586338  -1.03984 0.0779099 -4.51892e-05 -0.000275004  0.000144918 -0.0059414 0.00485311 -0.0013599 0.00375816 -0.0931054   -9.80076 
               93.24    0.2389 -0.157028  -5.15134   239.065  -26.4699 0.0749472 0 0 0 0.522     0 1.173 -0.584369  -1.04024 0.0782425 -4.49452e-05 -0.000273954  0.000145427  -0.0059553   0.0048438 -0.00135785 0.00375941 -0.0931048   -9.80076 
               93.28  0.242786 -0.165167  -5.12801   239.064  -26.4829 0.0753977 0 0 0 0.522     0 1.173 -0.572731  -1.04428 0.0795249 -4.79807e-05 -0.000269202  0.000132646 -0.00595624  0.00489831 -0.00135889 0.00375866 -0.0931091   -9.80076 
               93.36   0.23767 -0.216771  -5.09892   239.06 -26.4903 0.078193 0 0 0 0.522     0 1.173 -0.489324  -1.05103 0.0834014 -4.38952e-05 -0.000239462  0.000112324 -0.00597757  0.00486767 -0.00135795 0.00376088 -0.0931071   -9.80076 
               93.44  0.227466 -0.252395  -5.10557   239.114  -26.4326 0.0760063 0 0 0 0.522     0 1.173 -0.367808  -1.04981 0.0850516 -3.38641e-05 -0.000262481  0.000115344 -0.00613398  0.00461665 -0.00133997 0.00377693 -0.0930901   -9.80076 
                93.5  0.220461 -0.314715  -5.11689   239.119  -26.4279 0.0757495 0 0 0 0.522     0 1.173 -0.268542  -1.05565 0.0852551  -2.9023e-05 -0.000279843  0.000120483 -0.00614876  0.00455492 -0.00133301 0.00377902 -0.0930855   -9.80076 
               93.54  0.22248 -0.38287 -5.06615   239.169  -26.4027 0.0751616 0 0 0 0.522     0 1.173 -0.192832  -1.05983 0.0846458 -2.88416e-05 -0.000283274  9.65367e-05 -0.00623028   0.0044963 -0.00133052  0.0037862 -0.0930823   -9.80076 
                93.6  0.225553 -0.429405  -5.08578  239.189 -26.4219 0.078378 0 0 0 0.522     0 1.173 -0.078573  -1.06979 0.0833155 -3.01371e-05 -0.000280847  0.000106902  -0.0062512  0.00449096 -0.00133225 0.00378788 -0.0930822   -9.80076 
               93.64  0.214849 -0.472403  -5.12985   239.196  -26.4194 0.0770658 0 0 0 0.522     0 1.173 -0.00178288    -1.07658   0.0822389 -2.42978e-05 -0.000282632  0.000128374  -0.0062332  0.00448867 -0.00132897 0.00378656 -0.0930817   -9.80076 
                93.7  0.236145 -0.501296  -5.09025    239.24  -26.4264 0.0779914 0 0 0 0.522     0 1.173  0.117017  -1.08676 0.0809071 -3.66257e-05 -0.000278783  0.000104468  -0.0062635  0.00446556 -0.00132749 0.00378926 -0.0930804   -9.80076 
               93.74  0.230865 -0.513371  -5.07661    239.28  -26.4148 0.0773334 0 0 0 0.522     0 1.173    0.1971  -1.09227 0.0803258 -3.35668e-05  -0.00028273  9.70927e-05 -0.00629311  0.00443708 -0.00132554 0.00379196 -0.0930787   -9.80076 
                93.8  0.239938 -0.521355  -5.12387   239.327  -26.4626 0.0777607 0 0 0 0.522     0 1.173  0.315854  -1.10442 0.0801748 -4.0426e-05 -0.00028139 0.000127976 -0.00631803  0.00447201 -0.00132367 0.00379336 -0.0930817   -9.80076 
               93.84  0.229902 -0.519409  -5.10432    239.38  -26.4315 0.0770641 0 0 0 0.522     0 1.173  0.396244  -1.10874 0.0803902 -3.49084e-05 -0.000283907  0.000116959 -0.00635601  0.00440847 -0.00132151 0.00379721 -0.0930774   -9.80076 
                93.9  0.219889 -0.508631  -5.10757   239.422  -26.4602 0.0784884 0 0 0 0.522     0 1.173  0.513488  -1.11977 0.0809046 -2.89583e-05 -0.000290348  0.000119118  -0.0063529  0.00441878 -0.00132109  0.0037968 -0.0930782   -9.80076 
               93.96  0.237009 -0.512978  -5.08233  239.505 -26.4923 0.078829 0 0 0 0.522     0 1.173 0.634157 -1.13188 0.081595 -4.06241e-05 -0.000286746  0.000104368 -0.00642033  0.00443805 -0.00131787 0.00380169 -0.0930806   -9.80076 
                  94  0.229698 -0.510073  -5.05827   239.552  -26.4534 0.0782594 0 0 0 0.522     0 1.173  0.713018  -1.13554 0.0823819 -3.69868e-05 -0.000286194  9.32834e-05 -0.00641992  0.00436139 -0.00131598 0.00380281 -0.0930748   -9.80076 
               94.06  0.230203 -0.511402   -5.0988   239.621  -26.4802 0.0786359 0 0 0 0.522     0 1.173  0.830538  -1.14681 0.0834568 -3.78205e-05 -0.000284243  0.000114002 -0.00642507  0.00436525  -0.0013138 0.00380316 -0.0930752   -9.80076 
                94.1  0.223205 -0.507224  -5.06929   239.696  -26.4575 0.0784819 0 0 0 0.522     0 1.173 0.910997 -1.15181 0.084101 -3.45294e-05  -0.00028552  9.96073e-05 -0.00646268  0.00431108 -0.00131258 0.00380681 -0.0930717   -9.80076 
               94.16  0.228677 -0.509992   -5.0974   239.792  -26.4873 0.0798805 0 0 0 0.522     0 1.173   1.03064  -1.16319 0.0855744 -3.82628e-05 -0.000283432  0.000115462 -0.00649079  0.00431385 -0.00131168  0.0038089 -0.0930723   -9.80076 
                94.2  0.228121 -0.508919  -5.00565   239.872   -26.498 0.0803262 0 0 0 0.522     0 1.173   1.11127  -1.17117 0.0864476  -3.9688e-05 -0.000283766  6.86793e-05 -0.00653299     0.00433 -0.00131193 0.00381184 -0.0930741   -9.80076 
               94.26  0.230144 -0.510609  -5.12035   239.955  -26.5083 0.0816365 0 0 0 0.522     0 1.173   1.22907  -1.18129 0.0867129 -4.11716e-05   -0.0002813  0.000140254 -0.00652436  0.00431279 -0.00131086 0.00381145 -0.0930727   -9.80076 
                94.3  0.224445 -0.503268   -5.1071   240.029  -26.4859 0.0819957 0 0 0 0.522     0 1.173   1.30839  -1.18731 0.0865613 -3.95536e-05 -0.000283948  0.000130217 -0.00652368  0.00426008 -0.00131085 0.00381216 -0.0930688   -9.80076 
               94.36  0.226783 -0.504612  -5.12756    240.16  -26.5124 0.0825492 0 0 0 0.522     0 1.173   1.42882  -1.20049 0.0863507 -4.33977e-05 -0.000282452   0.00013992 -0.00656301  0.00425343 -0.00130862 0.00381522 -0.0930688   -9.80076 
                94.4  0.217462 -0.501643  -5.08956   240.252  -26.5298 0.0818783 0 0 0 0.522     0 1.173   1.50921  -1.20958 0.0864797 -4.11436e-05 -0.000283015  0.000114093 -0.00659386   0.0042803 -0.00130657 0.00381716 -0.0930713   -9.80076 
               94.46   0.22875 -0.503101  -5.10302   240.386  -26.5488 0.0835009 0 0 0 0.522     0 1.173    1.6292  -1.22237 0.0871172 -5.14734e-05 -0.000280624  0.000117806 -0.00662384  0.00426805  -0.0013059 0.00381958 -0.0930708   -9.80076 
               94.52  0.228711 -0.503201  -5.16602   240.516  -26.5469 0.0842885 0 0 0 0.522     0 1.173   1.74906  -1.23284 0.0879121 -5.28596e-05 -0.000278427  0.000144104 -0.00664318  0.00420323 -0.00130292 0.00382199 -0.0930663   -9.80076 
               94.56  0.225437 -0.501437  -5.11022   240.615  -26.5777 0.0828188 0 0 0 0.522     0 1.173   1.82906  -1.24321 0.0882672 -5.37428e-05 -0.000277778  0.000110964 -0.00666694  0.00425523 -0.00129907 0.00382305 -0.0930704   -9.80076 
               94.62   0.22527 -0.499343   -5.1523   240.749  -26.5596 0.0855747 0 0 0 0.522     0 1.173   1.94787  -1.25472 0.0888487 -5.28514e-05  -0.00027708  0.000127565 -0.00666316  0.00418967 -0.00129981  0.0038237 -0.0930655   -9.80076 
               94.66  0.213572 -0.495157   -5.1583   240.858  -26.5993 0.0848197 0 0 0 0.522     0 1.173   2.02774  -1.26801 0.0889418 -5.03986e-05 -0.000277139  0.000119363 -0.00668836  0.00425639 -0.00129762 0.00382464 -0.0930708   -9.80076 
               94.72 0.215061 -0.49657 -5.16417   241.031  -26.6169 0.0862321 0 0 0 0.522     0 1.173   2.14802  -1.28013 0.0888244 -5.21536e-05  -0.00027496  0.000113496 -0.00672623  0.00423724 -0.00129643 0.00382772   -0.09307   -9.80076 
               94.76  0.209015 -0.489463  -5.19653    241.13  -26.6056 0.0849656 0 0 0 0.522     0 1.173   2.22602  -1.28742 0.0890214 -4.80814e-05 -0.000275465  0.000117426  -0.0067034  0.00420483 -0.00129295 0.00382653 -0.0930673   -9.80076 
               94.82  0.220655 -0.494167  -5.22302   241.332  -26.6355 0.0874086 0 0 0 0.522     0 1.173   2.34694   -1.3017 0.0897288 -5.48921e-05  -0.00027111  0.000122804 -0.00676663  0.00419478 -0.00129321 0.00383134 -0.0930674   -9.80076 
               94.86  0.211818 -0.493607  -5.21319  241.435 -26.6391 0.087404 0 0 0 0.522     0 1.173   2.42461  -1.31101 0.0896193 -5.03088e-05 -0.000268011   0.00010056 -0.00674487  0.00419048 -0.00129264 0.00382981 -0.0930668   -9.80076 
               94.92  0.210408 -0.489441  -5.23668   241.631  -26.6805 0.0903395 0 0 0 0.522     0 1.173  2.54474 -1.32526 0.089849 -5.07387e-05 -0.000268964  0.000100658  -0.0067852  0.00419955 -0.00129386 0.00383262 -0.0930681   -9.80076 
               94.98 0.212832 -0.48083 -5.33638   241.789  -26.6785 0.0915723 0 0 0 0.522     0 1.173   2.66146  -1.33628 0.0904874 -5.10392e-05 -0.000269581  0.000137663 -0.00674091  0.00412948 -0.00129214  0.0038304 -0.0930623   -9.80076 
               95.02  0.205615 -0.476696  -5.31587   241.925  -26.6841 0.0906497 0 0 0 0.522     0 1.173   2.74092  -1.34622 0.0909524 -4.85404e-05 -0.000268985  0.000110554 -0.00675017  0.00411765  -0.0012896 0.00383127 -0.0930616   -9.80076 
               95.08  0.213478 -0.477112  -5.36241   242.133  -26.7244 0.0925872 0 0 0 0.522     0 1.173   2.85992  -1.36159 0.0918626 -5.3347e-05 -0.00026705 0.000119432 -0.00677486  0.00411975 -0.00128936 0.00383304 -0.0930621   -9.80076 
               95.12  0.212242 -0.475722  -5.41432   242.298  -26.7045 0.0914866 0 0 0 0.522     0 1.173   2.94119  -1.36847 0.0922831 -5.13135e-05 -0.000265626  0.000123244 -0.00682758  0.00404943 -0.00128598 0.00383792 -0.0930578   -9.80076 
               95.18  0.206895 -0.465919  -5.45118   242.498  -26.7553 0.0942749 0 0 0 0.522     0 1.173   3.05902  -1.38588 0.0931192 -4.86752e-05 -0.000268777  0.000126656 -0.00682909  0.00406382 -0.00128704  0.0038378 -0.0930588   -9.80076 
               95.22  0.211445 -0.466214  -5.44041   242.638   -26.752 0.0928766 0 0 0 0.522     0 1.173  3.13623  -1.3963 0.093679 -5.11934e-05 -0.000265644  9.56119e-05 -0.00681316  0.00403287 -0.00128341 0.00383714 -0.0930563   -9.80076 
               95.28  0.217336 -0.463831   -5.5451   242.884  -26.7895 0.0948868 0 0 0 0.522     0 1.173  3.25498 -1.41347 0.094786 -5.33013e-05 -0.000266303  0.000140006 -0.00685689  0.00402351   -0.001283 0.00384043 -0.0930563   -9.80076 
               95.32  0.222839 -0.469647  -5.53152    243.06  -26.8124 0.0946272 0 0 0 0.522     0 1.173  3.33536 -1.42546 0.095432 -5.41862e-05  -0.00026345  0.000104792   -0.006909  0.00404033 -0.00128168 0.00384397 -0.0930583   -9.80076 
               95.38  0.212145 -0.459651  -5.62256  243.288 -26.8259 0.097101 0 0 0 0.522     0 1.173   3.45333  -1.44029 0.0964494 -4.35449e-05 -0.000270284  0.000142209   -0.006914  0.00400132 -0.00128194 0.00384487 -0.0930556   -9.80076 
               95.42  0.227324 -0.462468  -5.63777   243.454  -26.8275 0.0970442 0 0 0 0.522     0 1.173   3.53255  -1.45068 0.0969206 -4.82185e-05 -0.000269458  0.000119458  -0.0069228  0.00397007 -0.00128112 0.00384597 -0.0930535   -9.80076 
               95.48  0.239587 -0.463212  -5.69725  243.707 -26.8945 0.099311 0 0 0 0.522     0 1.173    3.6514  -1.47123 0.0971379 -5.38184e-05 -0.000269569  0.000136095 -0.00695089  0.00399948 -0.00128125 0.00384755  -0.093056   -9.80076 
               95.54   0.25023 -0.463151  -5.73618  243.944 -26.9181 0.100574 0 0 0 0.522     0 1.173   3.76884  -1.48793 0.0964758 -5.34369e-05  -0.00026891  0.000125079 -0.00693745  0.00396009 -0.00127923 0.0038472 -0.093053  -9.80076 
               95.58  0.246659 -0.462061  -5.77146   244.128  -26.9209 0.0991021 0 0 0 0.522     0 1.173   3.84824  -1.49779 0.0959528 -4.52952e-05 -0.000268995  0.000114741 -0.00695391  0.00393069 -0.00127541 0.00384886 -0.0930511   -9.80076 
               95.64  0.263785 -0.461802  -5.82253  244.388 -26.9591 0.102492 0 0 0 0.522     0 1.173   3.96511  -1.51328 0.0961495 -4.96824e-05 -0.000268544  0.000121575 -0.00695699  0.00391744 -0.00127729 0.00384926 -0.0930502   -9.80076 
               95.68  0.263476 -0.452603  -5.85515  244.572 -26.9859 0.102993 0 0 0 0.522     0 1.173   4.04291  -1.52492 0.0962829  -4.5566e-05 -0.000272758  0.000108734 -0.00695887  0.00393796 -0.00127833 0.00384906 -0.0930517   -9.80076 
               95.74  0.256695 -0.456364  -5.95602  244.877 -27.0085 0.105049 0 0 0 0.522     0 1.173   4.16251  -1.53976 0.0965771 -3.83888e-05 -0.000271369  0.000145609 -0.00700504  0.00389844  -0.0012782 0.00385294 -0.0930497   -9.80076 
               95.78 0.260864 -0.45731 -5.97966  245.058 -27.0267 0.105789 0 0 0 0.522     0 1.173   4.23987   -1.5502 0.0969816 -3.98677e-05 -0.000271413  0.000127419  -0.0069877  0.00389768 -0.00127999 0.00385171 -0.0930494   -9.80076 
               95.84  0.259866 -0.464228  -6.08919  245.357 -27.0557 0.107312 0 0 0 0.522     0 1.173   4.35833  -1.56556 0.0980197 -3.88337e-05  -0.00026807  0.000173704 -0.00700976  0.00386452 -0.00127928 0.00385381 -0.0930474   -9.80076 
               95.88  0.263393 -0.470871  -6.08002  245.561 -27.0567 0.107453 0 0 0 0.522     0 1.173   4.43661  -1.57611 0.0997457 -4.17055e-05 -0.000266177  0.000136658 -0.00701554  0.00381709 -0.00127953 0.00385499 -0.0930442   -9.80076 
               95.94  0.262051 -0.475129  -6.09295  245.898 -27.1599 0.110404 0 0 0 0.522     0 1.173   4.5552  -1.6008 0.103406 -4.25478e-05  -0.00026537  0.000118669 -0.00708981  0.00388116 -0.00128086 0.00385913 -0.0930499   -9.80076 
                  96  0.261496 -0.471177  -6.14719  246.168 -27.1526 0.110988 0 0 0 0.522     0 1.173  4.66674 -1.61625 0.107969 -3.68002e-05  -0.00026717  0.000117905 -0.00702561  0.00376537 -0.00127724 0.00385662 -0.0930407   -9.80076 
               96.04  0.287042 -0.477783  -6.20177  246.345 -27.1701 0.109924 0 0 0 0.522     0 1.173  4.73798 -1.62921 0.111197 -4.18758e-05 -0.000264175  0.000117887 -0.00694678  0.00375719 -0.00127457  0.0038513 -0.0930388   -9.80076 
                96.1  0.298735 -0.488555  -6.23113   246.73 -27.2303 0.112823 0 0 0 0.522     0 1.173  4.85531 -1.64902 0.115216 -4.12031e-05 -0.000263507   0.00011391 -0.00704674  0.00375121 -0.00127445 0.00385837 -0.0930401   -9.80076 
               96.14  0.320657 -0.516059  -6.23339  246.961 -27.2288  0.11237 0 0 0 0.522     0 1.173  4.93211 -1.65723 0.116916 -3.98168e-05 -0.000259315   8.8202e-05 -0.00707285  0.00369237  -0.0012719 0.00386126 -0.0930365   -9.80076 
                96.2  0.320962 -0.534873  -6.27969  247.301 -27.3115 0.118215 0 0 0 0.522     0 1.173  5.04609 -1.67399 0.120722 -3.20022e-05 -0.000258879  9.46897e-05 -0.00710854  0.00372305  -0.0012761 0.00386313 -0.0930393   -9.80076 
               96.24  0.307599 -0.584796  -6.33195  247.481 -27.2516 0.116009 0 0 0 0.522     0 1.173   5.1169 -1.67626 0.123905 -1.57736e-05 -0.000249062  9.49391e-05 -0.00699782  0.00355059 -0.00126962 0.00385872 -0.0930254   -9.80076 
                96.3  0.317387 -0.630654  -6.38707  247.912 -27.3657 0.121818 0 0 0 0.522     0 1.173  5.23701 -1.69586 0.128175 -2.15557e-05 -0.000241531  0.000108037 -0.00714302  0.00360411 -0.00127281 0.00386772 -0.0930318   -9.80076 
               96.34  0.320449 -0.682875  -6.49133  248.257 -27.4114   0.1242 0 0 0 0.522     0 1.173    5.326 -1.70917 0.129936 -2.22021e-05 -0.000246095  0.000136575 -0.00741593  0.00362138 -0.00127497 0.00388613 -0.0930382   -9.80076 
                96.4  0.317801 -0.698723  -6.51127  248.535 -27.3984 0.127791 0 0 0 0.522     0 1.173   5.4387 -1.72198 0.131251  -1.7354e-05 -0.000259465  0.000127247 -0.00734431   0.0035249 -0.00127507 0.00388303 -0.0930302   -9.80076 
               96.44  0.314774 -0.768864  -6.46934  248.827 -27.4513 0.128774 0 0 0 0.522     0 1.173  5.52272 -1.73613 0.132849 -1.56026e-05 -0.000255064  7.68412e-05 -0.00749109   0.0035538 -0.00127473 0.00389253 -0.0930351   -9.80076 
                96.5  0.321703 -0.807406  -6.51242  249.123 -27.4763 0.132991 0 0 0 0.522     0 1.173  5.63522 -1.75241 0.136289 -1.82731e-05 -0.000252771  8.66048e-05 -0.00742303  0.00350374 -0.00127572 0.00388887 -0.0930303   -9.80076 
               96.56  0.314152 -0.851312  -6.56358  249.592 -27.5577 0.138559 0 0 0 0.522     0 1.173  5.76326    -1.77 0.141005 -9.97174e-06 -0.000262241  9.21761e-05 -0.00768131  0.00350484 -0.00127851 0.00390637 -0.0930357   -9.80076 
                96.6  0.318963 -0.877733  -6.54991  249.773  -27.569 0.140649 0 0 0 0.522     0 1.173  5.83551 -1.77673 0.144817 -1.00609e-05  -0.00026889  6.73784e-05 -0.00756578  0.00347397 -0.00128109 0.00389911 -0.0930312   -9.80076 
               96.66  0.318647 -0.903823  -6.66279  250.187 -27.6217 0.147632 0 0 0 0.522     0 1.173  5.95447 -1.78931 0.152902 -1.03193e-05 -0.000269234  0.000114508 -0.00763697  0.00344373 -0.00128484 0.00390452 -0.0930307   -9.80076 
                96.7  0.304816 -0.930237  -6.66307  250.481 -27.6089 0.149515 0 0 0 0.522     0 1.173  6.03561 -1.79447 0.160166 -6.87233e-06 -0.000273613  9.63056e-05 -0.00772907  0.00332868 -0.00128504 0.00391319 -0.0930249   -9.80076 
               96.76  0.314733 -0.943103   -6.6824   250.88 -27.7105  0.15617 0 0 0 0.522     0 1.173  6.14933 -1.81248 0.170288 -1.80223e-05 -0.000277132  9.45146e-05 -0.00777849  0.00336184 -0.00128742 0.00391576 -0.0930282   -9.80076 
                96.8 0.306634 -0.96886  -6.7417  251.203 -27.7551 0.159404 0 0 0 0.522     0 1.173  6.22925 -1.82495 0.175811 -1.87541e-05 -0.000277557  0.000109465 -0.00794303  0.00336917 -0.00128937 0.00392662 -0.0930324   -9.80076 
               96.86  0.312819 -0.978523  -6.76317   251.57 -27.7901 0.166387 0 0 0 0.522     0 1.173  6.33439 -1.83947 0.181455  -2.4572e-05 -0.000279226   0.00011149 -0.00792917  0.00332163 -0.00129109 0.00392675 -0.0930289   -9.80076 
                96.9  0.317641 -0.985625  -6.72958   251.92 -27.8438 0.172871 0 0 0 0.522     0 1.173  6.41447 -1.84865 0.182994 -2.93061e-05 -0.000289338  8.01219e-05 -0.00813986  0.00333921 -0.00129936 0.00394028 -0.0930349   -9.80076 
               96.96  0.30344 -1.00307 -6.89822  252.357 -27.8794  0.17916 0 0 0 0.522     0 1.173  6.52343 -1.85068 0.180791 -1.86422e-05 -0.000284784  0.000190831 -0.00822017  0.00328166 -0.00129943 0.00394699 -0.0930331   -9.80076 
               97.02 0.267338 -1.01338 -6.84138  252.811 -27.9769 0.189372 0 0 0 0.522     0 1.173  6.63228 -1.85555 0.176501 -1.19588e-05 -0.000284875  0.000146537 -0.00838789  0.00331797 -0.00130885 0.00395713 -0.0930395   -9.80076 
               97.06  0.197518 -0.992012  -6.98894   253.08 -27.9907 0.190777 0 0 0 0.522     0 1.173  6.69911 -1.85615 0.172937   1.2779e-06 -0.000291385  0.000204608 -0.00842578  0.00327681  -0.0013078 0.00396064 -0.0930378   -9.80076 
               97.12  0.149429 -0.973604  -6.94191  253.454 -28.0376 0.197886 0 0 0 0.522     0 1.173  6.79417 -1.86593 0.166514  4.20345e-06 -0.000294124  0.000174591 -0.00839435  0.00324515 -0.00131102  0.0039593 -0.0930349   -9.80076 
               97.16 0.0952778 -0.921246  -6.92373  253.839 -28.0684 0.202929 0 0 0 0.522     0 1.173  6.86956 -1.87854 0.161662 -2.05928e-06 -0.000308221  0.000159185 -0.00864843  0.00320528 -0.00131813 0.00397691 -0.0930388   -9.80076 
               97.22  0.119229 -0.863433  -6.94867  254.223 -28.1186  0.20596 0 0 0 0.522     0 1.173    6.958 -1.89894 0.155014 -3.54673e-05 -0.000319333  0.000169256 -0.00862272  0.00317277 -0.00131669 0.00397606 -0.0930359   -9.80076 
               97.26  0.121837 -0.772709  -6.93978  254.621 -28.1846 0.211431 0 0 0 0.522     0 1.173  7.02687  -1.9163 0.153073 -5.55982e-05 -0.000330615  0.000160511 -0.00890743  0.00320146 -0.00132619 0.00399379 -0.0930453   -9.80076 
               97.32  0.130647 -0.694232  -6.96698 255.008  -28.23 0.21561 0 0 0 0.522     0 1.173  7.10265 -1.92849 0.150161 -6.74691e-05 -0.000339979  0.000174382  -0.0088806  0.00316485 -0.00132748 0.00399298 -0.0930421   -9.80076 
               97.36  0.140425 -0.600641   -6.9616  255.382 -28.2755 0.221059 0 0 0 0.522     0 1.173  7.16192 -1.93416 0.147114 -7.63664e-05 -0.000341183  0.000167632 -0.00910671  0.00315764 -0.00133816 0.00400774 -0.0930478   -9.80076 
               97.42  0.106768 -0.554332  -6.98962  255.787 -28.3282 0.221367 0 0 0 0.522     0 1.173  7.23449 -1.93795 0.140258 -5.78204e-05 -0.000330309  0.000183195 -0.00909653  0.00312796 -0.00133463 0.00400798 -0.0930457   -9.80076 
               97.46  0.043439 -0.461154   -7.0624  256.187 -28.3988 0.223822 0 0 0 0.522     0 1.173  7.29581 -1.94315 0.136293 -3.70745e-05 -0.000339276  0.000219729 -0.00937804  0.00317141 -0.00133959 0.00402489 -0.0930565   -9.80076 
               97.52 -0.00744094   -0.395867    -7.01096  256.607 -28.4481 0.223687 0 0 0 0.522     0 1.173  7.36332 -1.94877 0.127179  -1.8462e-05 -0.000344912  0.000177329 -0.00938509  0.00313969  -0.0013363 0.00402629 -0.0930548   -9.80076 
               97.58 -0.0512195  -0.339792   -6.97766  257.114  -28.496 0.229815 0 0 0 0.522     0 1.173  7.43391 -1.95947 0.116236 -1.61186e-05 -0.000334316  0.000153904   -0.009566  0.00306161 -0.00134529  0.0040401 -0.0930551   -9.80076 
               97.62 -0.0243389  -0.305221   -7.01992  257.379 -28.5696 0.230954 0 0 0 0.522     0 1.173  7.47388 -1.97325 0.110345   -4.408e-05 -0.000320448  0.000171499 -0.00956055  0.00314296 -0.00135165 0.00403728   -0.09306   -9.80076 
               97.68 -0.0389883  -0.286213   -6.97589  257.819 -28.5748 0.225619 0 0 0 0.522     0 1.173  7.53473 -1.98266 0.104042 -4.06551e-05 -0.000311915  0.000146298 -0.00955901  0.00304404 -0.00134293 0.00404032 -0.0930537   -9.80076 
               97.72 -0.0346069  -0.235704   -6.94043  258.214 -28.6379 0.228253 0 0 0 0.522     0 1.173   7.5856 -1.99329 0.102936 -4.60399e-05 -0.000318602  0.000127976 -0.00979556   0.0030636  -0.0013517 0.00405467 -0.0930622   -9.80076 
               97.78 -0.0251683   -0.21831   -7.01624  258.622  -28.677 0.227773 0 0 0 0.522     0 1.173   7.64194  -2.00025 0.0994586 -4.90916e-05 -0.000310978  0.000172752 -0.00974899  0.00301186 -0.00135116 0.00405334 -0.0930574   -9.80076 
               97.82 -0.0128622  -0.179899   -7.01414  259.059 -28.7396 0.228825 0 0 0 0.522     0 1.173   7.69448  -2.00674 0.0957388 -5.25681e-05 -0.000316598  0.000171513  -0.0100687  0.00301836 -0.00135664 0.00407332  -0.093068   -9.80076 
               97.88 -0.0315806  -0.179729   -6.94878  259.513 -28.7903 0.227227 0 0 0 0.522     0 1.173   7.75209  -2.01025 0.0907066 -3.80576e-05 -0.000303013  0.000128486  -0.0100913   0.0029745 -0.00135487 0.00407622  -0.093066   -9.80076 
               97.92 -0.0378123  -0.136958   -7.00341  259.887  -28.819 0.227169 0 0 0 0.522     0 1.173   7.79856    -2.013 0.0879174 -3.44462e-05 -0.000313445  0.000158689 -0.0102796  0.0029236 -0.0013593 0.00408964 -0.0930689   -9.80076 
               98.01 -0.0393727  -0.117833    -7.0062  260.535 -28.9438 0.231354 0 0 0 0.522     0 1.173    7.8759  -2.02164 0.0829061 -3.50438e-05 -0.000310885  0.000161141  -0.0102347  0.00290181 -0.00136355 0.00408747  -0.093066   -9.80076 
               98.08 -0.032541 -0.122867   -7.0688  260.728 -28.9111 0.225489 0 0 0 0.522     0 1.173   7.88095  -2.01066 0.0785754 -3.76773e-05 -0.000254801  0.000194562 -0.00903234  0.00261572  -0.0013529 0.00402197 -0.0930078   -9.80076 
               98.14 -0.0390114 -0.0755266   -6.99786  261.073 -28.9122 0.224392 0 0 0 0.522     0 1.173   7.90686  -2.00831 0.0752155 -3.31085e-05 -0.000240573  0.000156669  -0.0085354  0.00242717 -0.00135641 0.00399737 -0.0929791   -9.80076 
               98.18 -0.0515101 -0.0217307   -7.11076  261.264 -28.9746 0.222307 0 0 0 0.522     0 1.173   7.91461  -2.01445 0.0721288 -2.9364e-05 -0.00023151 0.000212193 -0.00808335  0.00247175 -0.00136176 0.00396768 -0.0929661   -9.80076 
               98.24 -0.0469158  0.0178656   -7.01254  261.848   -29.05 0.224762 0 0 0 0.522     0 1.173   7.95694  -2.02052 0.0672303 -2.99674e-05 -0.000233153  0.000157875 -0.00808675  0.00242875 -0.00136832  0.0039693 -0.0929635   -9.80076 
               98.28 -0.0399885  0.0640855   -6.98222    262.2 -29.0791 0.221149 0 0 0 0.522     0 1.173   7.97814  -2.01953 0.0640497 -2.44925e-05 -0.000228794  0.000146337 -0.00795277  0.00236986 -0.00136942 0.00396311 -0.0929551   -9.80076 
               98.34 -0.0171137  0.0921803   -7.01357  262.769 -29.1539 0.223047 0 0 0 0.522     0 1.173   8.01786  -2.01591 0.0598475 -2.96567e-05 -0.000227557   0.00017117 -0.00794942  0.00232679 -0.00137618 0.00396435 -0.0929523   -9.80076 
               98.38 -0.0021869   0.124582    -7.0703  263.014 -29.1988 0.220388 0 0 0 0.522     0 1.173   8.02693  -2.01319 0.0574939 -2.80793e-05 -0.000217617  0.000211168 -0.00760169  0.00232969 -0.00138182 0.00394284 -0.0929398   -9.80076 
               98.44 0.0124711  0.147495  -6.98236  263.602 -29.2719  0.22232 0 0 0 0.522     0 1.173   8.06404  -2.00954 0.0540134 -2.95893e-05 -0.000218717  0.000161724 -0.00761104  0.00228585  -0.0013895 0.00394491 -0.0929375   -9.80076 
               98.48 0.020468 0.168506 -6.93048  263.974 -29.2895 0.219319 0 0 0 0.522     0 1.173  8.08404 -2.00546 0.052743 -2.27709e-05 -0.000215423  0.000149634 -0.00752516  0.00219961 -0.00139376 0.00394282  -0.092929   -9.80076 
               98.54 0.0371548  0.178066  -6.97796  264.492 -29.3944 0.218617 0 0 0 0.522     0 1.173    8.1137    -2.009 0.0527209 -2.51345e-05 -0.000213319  0.000203711 -0.00745512  0.00221135 -0.00139887 0.00393805 -0.0929271   -9.80076 
                98.6 0.062423 0.186521 -6.96781  264.959 -29.4728 0.216058 0 0 0 0.522     0 1.173   8.13503  -2.00402 0.0545053 -2.06906e-05 -0.000208828  0.000222121 -0.00723109   0.0021954 -0.00140309 0.00392502 -0.0929175   -9.80076 
               98.64 0.0976643   0.18648  -6.93769  265.272 -29.4631  0.21332 0 0 0 0.522     0 1.173   8.14524  -1.99214 0.0568436 -1.63377e-05 -0.000203217  0.000229189 -0.00699002  0.00207592 -0.00140891 0.00391497  -0.092901   -9.80076 
                98.7 0.101959 0.182347 -6.84226   265.86 -29.5384 0.213331 0 0 0 0.522     0 1.173   8.17659  -1.98043 0.0608242 -4.49138e-06 -0.000202724   0.00019563 -0.00699135  0.00203375 -0.00141434 0.00391662 -0.0928985   -9.80076 
               98.74 0.117515 0.179197  -6.7265  266.267 -29.5589 0.212239 0 0 0 0.522     0 1.173   8.19683  -1.96835 0.0638176  3.72336e-06 -0.000206219  0.000164699 -0.00697283   0.0019422 -0.00142252 0.00391897 -0.0928923   -9.80076 
                98.8 0.149388 0.171686 -6.73455  266.725 -29.6577 0.211822 0 0 0 0.522     0 1.173   8.21641  -1.95842 0.0689212 -7.85908e-06 -0.000204535  0.000191821 -0.00680896  0.00195777 -0.00142803 0.00390847 -0.0928867   -9.80076 
               98.84 0.150356 0.152569 -6.71488   267.06 -29.7008   0.2123 0 0 0 0.522     0 1.173  8.22471 -1.95318 0.074135 -8.66514e-07 -0.000201905  0.000211927  -0.0066279  0.00194711 -0.00144047 0.00389792 -0.0928788   -9.80076 
                98.9 0.183741 0.121523 -6.50841  267.701 -29.7474 0.213996 0 0 0 0.522     0 1.173   8.25369  -1.94638 0.0814931 -1.37401e-05 -0.000195776  0.000102689 -0.00670361  0.00186348   -0.001447 0.00390572 -0.0928768   -9.80076 
               98.94  0.189989 0.0827399  -6.62625  267.967 -29.7902 0.212978 0 0 0 0.522     0 1.173   8.25612  -1.94102 0.0863322 -4.07476e-06 -0.000188004  0.000201219 -0.00639706  0.00186663 -0.00145629 0.00388728 -0.0928646   -9.80076 
                  99  0.217647 0.0585368  -6.43224  268.592 -29.8283 0.212842 0 0 0 0.522     0 1.173   8.28557  -1.92704 0.0920038  -1.0092e-05 -0.000190635  9.14658e-05 -0.00644931  0.00177141 -0.00145937 0.00389422  -0.092861   -9.80076 
               99.06  0.244374 0.0269478  -6.40204  269.162 -29.9137 0.215162 0 0 0 0.522     0 1.173  8.31164 -1.91372 0.095313 -1.47994e-05 -0.000193655  0.000109863 -0.00644769  0.00173825 -0.00146957 0.00389534  -0.092859   -9.80076 
                99.1    0.248598 -0.00685989    -6.33299  269.456 -29.9259 0.214636 0 0 0 0.522     0 1.173   8.31625  -1.90693 0.0979468 -1.54731e-05 -0.000189187  0.000104291 -0.00620582  0.00166545 -0.00147863 0.00388399 -0.0928447   -9.80076 
               99.16   0.224699 -0.0210717   -6.35458  270.037 -29.9855 0.216601 0 0 0 0.522     0 1.173  8.33902  -1.9096 0.104173 -8.75216e-06 -0.000193189  0.000130801 -0.00620581   0.0016056  -0.0014845 0.00388638 -0.0928412   -9.80076 
                99.2   0.208697 -0.0454116   -6.26915  270.385 -30.0222 0.214715 0 0 0 0.522     0 1.173  8.34739 -1.91324 0.108913 -1.14694e-05 -0.000193716  0.000105042 -0.00607849  0.00156298  -0.0014896 0.00388063 -0.0928333   -9.80076 
               99.26  0.198638 -0.065367  -6.30594  270.892  -30.104 0.217614 0 0 0 0.522     0 1.173  8.36001 -1.92434 0.117056  -1.1998e-05 -0.000189384  0.000133143 -0.00597843   0.0015484 -0.00149659 0.00387532 -0.0928283   -9.80076 
                99.3   0.186651 -0.0883848   -6.29693  271.276 -30.1297 0.218583 0 0 0 0.522     0 1.173  8.36656 -1.92697 0.122496 -9.15537e-06 -0.000187862  0.000132067 -0.00590871  0.00147898 -0.00150667 0.00387405 -0.0928213   -9.80076 
               99.36   0.202662 -0.0918948   -6.37136  271.743 -30.2114 0.219949 0 0 0 0.522     0 1.173  8.37299 -1.93012  0.12846 -1.99826e-05 -0.000194039    0.0001772 -0.00574442  0.00147274 -0.00151078 0.00386469 -0.0928139   -9.80076 
                99.4  0.193642 -0.130509  -6.26124  272.202 -30.2259 0.219374 0 0 0 0.522     0 1.173  8.38828 -1.93056 0.131561 -1.60736e-05 -0.000194533  0.000111308 -0.00581872  0.00135937 -0.00151581 0.00387374 -0.0928105   -9.80076 
               99.46  0.159933 -0.188188  -6.40954   272.67  -30.292 0.224653 0 0 0 0.522     0 1.173  8.39875 -1.94356 0.134058 2.47081e-06 -0.00017108 0.000204047 -0.00565465  0.00132838 -0.00152495 0.00386552 -0.0928017   -9.80076 
                99.5  0.138661 -0.213907  -6.37183  272.999 -30.3845 0.225369 0 0 0 0.522     0 1.173  8.40096  -1.9582 0.134612  7.89802e-06 -0.000175177  0.000168273 -0.00546768  0.00141675 -0.00153458 0.00385083 -0.0927988   -9.80076 
               99.56 0.143581 -0.23175 -6.39822   273.64 -30.3915 0.230991 0 0 0 0.522     0 1.173  8.42077 -1.96838 0.136966  8.04586e-06 -0.000177676  0.000170939  -0.0055215  0.00127708 -0.00154286 0.00385981 -0.0927931   -9.80076 
               99.62 0.160961 -0.24297 -6.43972  274.102  -30.499 0.232342 0 0 0 0.522     0 1.173  8.42465 -1.98273 0.141751  3.97147e-06 -0.000178159   0.00017052 -0.00526694  0.00131507 -0.00154814  0.0038435 -0.0927842   -9.80076 
               99.66   0.16649 -0.243917  -6.55284  274.425  -30.513 0.231735 0 0 0 0.522     0 1.173  8.42359 -1.98663 0.145298  8.14028e-06 -0.000177977  0.000198552 -0.00503362  0.00123928 -0.00155426 0.00383336 -0.0927697   -9.80076 
               99.72  0.150625 -0.245003  -6.49922  275.066 -30.5708  0.23904 0 0 0 0.522     0 1.173  8.43937 -1.99296 0.149805  1.90997e-05 -0.000179085  0.000146404 -0.00508852   0.0011607 -0.00156443 0.00383979 -0.0927677   -9.80076 
               99.76  0.136491 -0.256204  -6.57246  275.409 -30.6226 0.241267 0 0 0 0.522     0 1.173  8.43935 -1.99847 0.150837  2.08321e-05 -0.000168774  0.000145002 -0.00492849  0.00114616 -0.00157646  0.0038312 -0.0927598   -9.80076 
               99.82  0.133575 -0.243593  -6.59879  276.096 -30.6448 0.248778 0 0 0 0.522     0 1.173  8.45684 -2.01321  0.14734  1.26066e-05 -0.000177031  0.000125279 -0.00505985   0.0010019 -0.00158646 0.00384486 -0.0927574   -9.80076 
               99.86 0.0948109  -0.24743  -6.68406  276.409 -30.7172  0.24885 0 0 0 0.522     0 1.173  8.45662 -2.03131 0.143076   9.1832e-06 -0.000170178  0.000116612 -0.00487715  0.00102139 -0.00159495 0.00383357 -0.0927504   -9.80076 
               99.92 0.0794785 -0.238038  -6.78235  277.048  -30.783 0.252381 0 0 0 0.522     0 1.173  8.47404 -2.05941 0.136377  5.93627e-07 -0.000174584  0.000130573 -0.00496476 0.000941497  -0.0016006 0.00384199 -0.0927497   -9.80076 
               99.96 0.0469419 -0.221965  -6.89274   277.38 -30.8479 0.251176 0 0 0 0.522     0 1.173   8.4747 -2.08314 0.132543 -3.77216e-06 -0.000169858  0.000120396 -0.00483395 0.000940567 -0.00160714 0.00383461 -0.0927438   -9.80076 
              100.02 0.0377315  -0.19305   -7.0335  277.995  -30.917 0.252661 0 0 0 0.522     0 1.173  8.48605 -2.11593 0.127461 -1.34611e-05 -0.000175953  0.000151033 -0.00489843 0.000866633  -0.0016109  0.0038415 -0.0927425   -9.80076 
              100.08 0.00600053  -0.152965   -7.13277  278.526 -31.0304 0.255509 0 0 0 0.522     0 1.173  8.49159 -2.15178  0.12151 -1.59303e-05 -0.000173265  0.000113233 -0.00484354 0.000868172  -0.0016213 0.00383824 -0.0927401   -9.80076 
              100.12 -0.0544547   -0.10144   -7.25587  278.914 -31.0594 0.258127 0 0 0 0.522     0 1.173  8.49648 -2.17671 0.117533 -3.05543e-06 -0.000173227  8.78209e-05 -0.00483156 0.000777048 -0.00163701 0.00384156 -0.0927345   -9.80076 
              100.18 -0.0653886 -0.0579912   -7.54674  279.433 -31.1609 0.257187 0 0 0 0.522     0 1.173  8.49662 -2.22291 0.109602 -7.10106e-06 -0.000174115  0.000171421 -0.00477284  0.00076117 -0.00163974   0.003839 -0.0927308   -9.80076 
              100.22 -0.0649155 -0.0071806   -7.61823   279.86 -31.1623 0.257511 0 0 0 0.522     0 1.173  8.50024  -2.2463 0.104242 -1.00636e-05 -0.000170846    0.0001072 -0.00483338 0.000587953 -0.00165119 0.00385032 -0.0927241   -9.80076 
              100.28 -0.0613138  0.0376968   -7.85433  280.431 -31.3046 0.259634 0 0 0 0.522     0 1.173   8.50111  -2.29232 0.0972449  -1.1326e-05 -0.000177314  0.000159263  -0.0048655 0.000606332  -0.0016595 0.00385109 -0.0927266   -9.80076 
              100.32 -0.0314881  0.0736158   -8.07294  280.805 -31.3257 0.255997 0 0 0 0.522     0 1.173   8.49945  -2.31758 0.0950603 -2.06618e-05 -0.000172187  0.000154433 -0.00484097 0.000484468 -0.00166445 0.00385553 -0.0927187   -9.80076 
              100.38 -0.0210693   0.105171   -8.26154  281.391 -31.4278 0.256195 0 0 0 0.522     0 1.173   8.49612  -2.37307 0.0928518 -2.43087e-05 -0.000175908  0.000172527 -0.00489432 0.000436362 -0.00167053  0.0038607 -0.0927187   -9.80076 
              100.42 -0.00597342    0.130453    -8.45723   281.71  -31.475 0.251614 0 0 0 0.522     0 1.173    8.4835  -2.41135 0.0924351  -2.5838e-05 -0.000169032  0.000141776 -0.00476844 0.000371462  -0.0016745 0.00385701 -0.0927089   -9.80076 
              100.48 0.00560323   0.141668   -8.72336  282.331 -31.5918 0.251727 0 0 0 0.522     0 1.173   8.47723  -2.46268 0.0967711 -1.65258e-05 -0.000169187  0.000202569 -0.00487185 0.000329442 -0.00168037 0.00386464 -0.0927118   -9.80076 
              100.52 0.0633142  0.131555  -8.91067  282.721 -31.6167  0.24943 0 0 0 0.522     0 1.173  8.47332 -2.48609 0.101693 -1.53118e-05  -0.00016348  0.000150619  -0.0049054 0.000184441 -0.00168804 0.00387374 -0.0927057   -9.80076 
              100.58 0.0680924 0.0787371  -9.15999  283.229 -31.7425 0.251124 0 0 0 0.522     0 1.173  8.46274 -2.52977 0.110364  4.07619e-06 -0.000133809  0.000192329  -0.0048663 0.000164989 -0.00169623 0.00387263 -0.0927027   -9.80076 
              100.64 0.0569122 0.0171427  -9.54092  283.966   -31.86 0.254966 0 0 0 0.522     0 1.173  8.47661 -2.57294 0.118866  2.93923e-05 -0.000130026  0.000240356 -0.00530071 4.50234e-05  -0.0017098 0.00390199 -0.0927192   -9.80076 
              100.68  0.0795612 -0.0489386   -9.89024  284.192 -31.9563 0.255037 0 0 0 0.522     0 1.173  8.45854 -2.60943 0.124898  2.40498e-05 -0.000120383  0.000260332  -0.0050537 8.99514e-05 -0.00172323 0.00388633 -0.0927082   -9.80076 
              100.74  0.0844853 -0.0815057   -9.99309  284.663  -31.984 0.253036 0 0 0 0.522     0 1.173  8.44193 -2.66379 0.133637  2.52473e-05 -0.000123423  0.000201847  -0.00493839 -6.61521e-05  -0.00172424 0.00388878 -0.0926937   -9.80076 
              100.78 0.0692331 -0.161893   -10.402  285.008 -32.0816 0.248331 0 0 0 0.522     0 1.173  8.43481 -2.70077 0.139908  3.66141e-05 -0.000117774  0.000243005  -0.00487446 -7.39992e-05  -0.00172457 0.00388588 -0.0926897   -9.80076 
              100.84 0.0656781 -0.229651  -10.6584   285.74 -32.2311 0.258087 0 0 0 0.522     0 1.173  8.44651 -2.75489 0.150421  4.08014e-05 -0.000111613  0.000262838   -0.0051503 -0.000127167  -0.00173983 0.00390316 -0.0927027   -9.80076 
              100.88 0.0516799 -0.257808   -10.908   286.08 -32.2812 0.263946 0 0 0 0.522     0 1.173  8.44414 -2.78918 0.156217   4.4218e-05 -0.000127181  0.000214131  -0.00511838 -0.000236966  -0.00176216 0.00390764 -0.0926951   -9.80076 
              100.94 0.0788701 -0.253584  -11.1654  286.565 -32.4492 0.271771 0 0 0 0.522     0 1.173  8.43679 -2.85107 0.160657  1.90241e-05 -0.000146606   0.00022999  -0.00506498 -0.000218318  -0.00177586 0.00390356 -0.0926928   -9.80076 
              100.98 0.0675136 -0.272764  -11.6883  287.015 -32.5051 0.271798 0 0 0 0.522     0 1.173  8.44371 -2.88808 0.161777 1.88664e-05 -0.00015359  0.00032107 -0.00524645 -0.00034979 -0.00178456  0.0039208 -0.0926972   -9.80076 
              101.04 0.0712668  -0.25624  -11.7923  287.513 -32.6209 0.276759 0 0 0 0.522     0 1.173  8.44059 -2.94927 0.160894  1.09542e-05 -0.000171269  0.000222922  -0.00520565 -0.000418182  -0.00179372  0.0039229 -0.0926911   -9.80076 
               101.1 0.0701761 -0.230758  -12.2552  288.109 -32.7521 0.280484 0 0 0 0.522     0 1.173  8.44114 -3.01213 0.158242  1.05724e-05 -0.000185123  0.000280007  -0.00534813 -0.000531357  -0.00180411 0.00393724 -0.0926947   -9.80076 
              101.14 0.0814576 -0.192045  -12.5372  288.505 -32.8266 0.280888 0 0 0 0.522     0 1.173  8.43871 -3.05188 0.155777  8.18383e-06 -0.000192089  0.000242362  -0.00544116 -0.000640239  -0.00181487   0.003949 -0.0926954   -9.80076 
               101.2 0.0900324 -0.167614   -12.711  288.995 -32.9496 0.283613 0 0 0 0.522     0 1.173  8.42451 -3.11181 0.151143  8.28764e-06 -0.000191454  0.000205167  -0.00539508 -0.000719154  -0.00182168 0.00395205 -0.0926883   -9.80076 
              101.24  0.102359 -0.132953  -13.1611  289.316 -33.0652 0.284018 0 0 0 0.522     0 1.173  8.41213 -3.15331 0.148583  8.53049e-06 -0.000189927  0.000241486  -0.00532561 -0.000725999  -0.00183441 0.00394899  -0.092683   -9.80076 
               101.3  0.107707 -0.121056   -13.477  289.864  -33.225 0.287585 0 0 0 0.522     0 1.173  8.39934 -3.21279 0.144894  1.02195e-05 -0.000185276  0.000277093  -0.00534978 -0.000767951  -0.00184311 0.00395312 -0.0926827   -9.80076 
              101.34  0.111327 -0.106124  -13.9241  290.288 -33.3313 0.289432 0 0 0 0.522     0 1.173  8.39593  -3.2517 0.142582  1.27632e-05 -0.000181894  0.000309387  -0.00549434 -0.000829624  -0.00185891 0.00396449 -0.0926905   -9.80076 
               101.4    0.1163 -0.112916  -14.3059  290.809 -33.5151 0.289343 0 0 0 0.522     0 1.173  8.37946 -3.31506 0.136855  1.29494e-05 -0.000170266  0.000388062  -0.00550113 -0.000835826  -0.00186332 0.00396527 -0.0926907   -9.80076 
              101.44  0.118652 -0.105903   -14.613  291.213 -33.6068 0.289566 0 0 0 0.522     0 1.173  8.37584 -3.35348 0.134405  1.94248e-05 -0.000173088  0.000347129  -0.00561235 -0.000921687  -0.00187658 0.00397713 -0.0926955   -9.80076 
               101.5   0.120301 -0.0984366   -14.7044  291.719 -33.6936 0.291595 0 0 0 0.522     0 1.173  8.34941 -3.40269 0.131094  2.54439e-05 -0.000176799  0.000234199 -0.00557605 -0.00107316 -0.00188475 0.00398769 -0.0926855   -9.80076 
              101.54   0.131135 -0.0934573   -15.3198  292.093 -33.8695 0.293964 0 0 0 0.522     0 1.173   8.3276 -3.44341 0.130576  1.94707e-05 -0.000176754  0.000363637  -0.00565117 -0.000995715  -0.00190447 0.00398443 -0.0926952   -9.80076 
               101.6   0.125886 -0.0474845   -15.3291   292.66 -33.9451 0.294653 0 0 0 0.522     0 1.173   8.2775 -3.48513 0.130015 2.54886e-05 -0.00020006 0.000176984 -0.00569861 -0.00118905 -0.00191085 0.00400318 -0.0926906   -9.80076 
              101.66  0.127198 0.0258706  -15.8116  293.287  -34.151 0.303468 0 0 0 0.522     0 1.173  8.20856 -3.52424 0.130983   2.4014e-05 -0.000215555  0.000233566 -0.00597231 -0.00125537 -0.00193838 0.00402096 -0.0927119   -9.80076 
               101.7 0.107719 0.103558 -16.2312  293.535 -34.2779  0.29847 0 0 0 0.522     0 1.173  8.13787 -3.54614 0.132773  3.06106e-05 -0.000213375  0.000249778 -0.00581144 -0.00124911 -0.00194401 0.00401326 -0.0926974   -9.80076 
              101.76 0.0892432  0.159591   -16.726  294.089 -34.5245  0.30057 0 0 0 0.522     0 1.173  8.03674 -3.58244 0.136197 3.43049e-05 -0.00021602 0.000377816  -0.0059096 -0.00120637  -0.0019532 0.00401335 -0.0927085   -9.80076 
               101.8 0.0727103  0.221987   -17.215   294.44 -34.6491  0.30255 0 0 0 0.522     0 1.173  7.96611 -3.60486 0.139398  3.27858e-05 -0.000213369  0.000426511 -0.00597185 -0.00122117 -0.00197277 0.00401725 -0.0927139   -9.80076 
              101.86 0.0748318  0.220291  -17.4637  294.886 -34.8246 0.300288 0 0 0 0.522     0 1.173  7.85243 -3.63644 0.143121  2.56356e-05 -0.000192092   0.00041945 -0.00591821 -0.00124153 -0.00197583 0.00401708 -0.0927076   -9.80076 
               101.9 0.0833145  0.213944  -17.7743  295.235 -34.8886 0.299027 0 0 0 0.522     0 1.173  7.78169  -3.6502 0.145586  2.11424e-05 -0.000176205  0.000379875  -0.0059434 -0.00138838 -0.00198741 0.00403324 -0.0927041   -9.80076 
              101.96 0.0957424  0.199866  -17.9784  295.647 -35.0584 0.299461 0 0 0 0.522     0 1.173  7.66953 -3.67277 0.149215  1.67719e-05 -0.000162595  0.000348251 -0.00583775 -0.00142108 -0.00199393 0.00403246 -0.0926914   -9.80076 
                 102 0.113627 0.177473 -18.3927  296.019 -35.1605 0.301973 0 0 0 0.522     0 1.173  7.60332 -3.68291 0.152195  1.52498e-05 -0.000157281   0.00037189 -0.00591514 -0.00151443 -0.00201327  0.0040456 -0.0926962   -9.80076 
              102.06 0.103998 0.136468 -18.4525  296.564 -35.3184 0.306127 0 0 0 0.522     0 1.173  7.50542 -3.69756 0.154786   2.7945e-05 -0.000140675  0.000239596 -0.00600503 -0.00161574 -0.00202389 0.00406052 -0.0927025   -9.80076 
              102.12 0.0911087  0.106325  -18.7643  297.106 -35.5066 0.311691 0 0 0 0.522     0 1.173  7.41395 -3.71395 0.156918  3.59165e-05 -0.000143484  0.000210664 -0.00617856 -0.00171636 -0.00204282 0.00407861 -0.0927189   -9.80076 
              102.16 0.0799422 0.0953555   -19.102  297.297 -35.5133 0.308776 0 0 0 0.522     0 1.173  7.33593 -3.71397  0.15768  4.14904e-05 -0.000146472  0.000200925 -0.00588064 -0.00195693 -0.00205181 0.00409658 -0.0926743   -9.80076 
              102.22 0.0915584 0.0866975  -19.5666  297.794 -35.8744 0.313699 0 0 0 0.522     0 1.173  7.23681 -3.74345 0.158305  2.83162e-05 -0.000151543  0.000318128 -0.00598296 -0.00177974 -0.00206433  0.0040781 -0.0926931   -9.80076 
              102.26 0.0938219 0.0770321  -19.6624  298.104 -35.7788 0.312273 0 0 0 0.522     0 1.173  7.17104 -3.73094 0.159144  3.47944e-05 -0.000154653  0.000196035 -0.00587428 -0.00228016 -0.00207511 0.00413797  -0.092662   -9.80076 
              102.32  0.104969 0.0831146  -19.9299  298.438 -36.0412 0.312055 0 0 0 0.522     0 1.173  7.06545 -3.74784 0.160007  2.84815e-05 -0.000160042  0.000218193 -0.00571887 -0.00220291 -0.00208101 0.00412256 -0.0926442   -9.80076 
              102.36  0.118993 0.0917207  -20.2023  298.817 -36.0932 0.315947 0 0 0 0.522     0 1.173  7.00578 -3.74863  0.16099  2.98268e-05 -0.000169002  0.000184955 -0.00579274 -0.00245388 -0.00210336 0.00415851 -0.0926459   -9.80076 
              102.42 0.131163 0.104237 -20.5512  299.271 -36.3967 0.319297 0 0 0 0.522     0 1.173  6.90539 -3.76631 0.162431  2.56871e-05 -0.000175189   0.00026513  -0.0058315 -0.00235805 -0.00211388 0.00414632 -0.0926542   -9.80076 
              102.46 0.151264 0.116966 -20.8276  299.585  -36.502 0.318955 0 0 0 0.522     0 1.173  6.83892 -3.76747 0.164877  2.66201e-05 -0.000177464  0.000238098 -0.00583805 -0.00244817 -0.00212818 0.00415919 -0.0926524   -9.80076 
              102.52 0.148321 0.104656 -21.0383  300.036 -36.7142 0.321978 0 0 0 0.522     0 1.173  6.73886 -3.77266 0.168524  3.71981e-05 -0.000166995  0.000235445 -0.00586148 -0.00246567  -0.0021378 0.00416238 -0.0926553   -9.80076 
              102.56  0.167569 0.0941097  -21.2739  300.327 -36.7007 0.322954 0 0 0 0.522     0 1.173  6.67111 -3.75976 0.171336  4.19267e-05 -0.000161826  0.000190867 -0.00577086 -0.00280371 -0.00215444 0.00421034 -0.0926324   -9.80076 
              102.65  0.161459 0.0663627  -21.4155  300.923 -36.9858 0.330436 0 0 0 0.522     0 1.173    6.518 -3.76124 0.175123  5.55932e-05 -0.000145726  0.000143227 -0.00571094 -0.00288698 -0.00216278 0.00422158 -0.0926209   -9.80076 
              102.72   0.14906 0.0418791  -21.8479  301.221 -37.2389 0.326546 0 0 0 0.522     0 1.173  6.36969 -3.76184 0.176783  6.85861e-05 -0.000138957  0.000131026  -0.0050791 -0.00276541 -0.00215899 0.00418688 -0.0925238   -9.80076 
              102.78  0.158175 0.0144237  -22.0984  301.539  -37.332 0.327772 0 0 0 0.522     0 1.173  6.25425 -3.74613 0.178297  7.64979e-05 -0.000137836  7.67501e-05  -0.0046592 -0.00301149 -0.00217121   0.004218 -0.0924491   -9.80076 
              102.82   0.166324 -0.0140244   -22.1852  301.897 -37.3092 0.326383 0 0 0 0.522     0 1.173  6.19349 -3.72433 0.179633  8.67558e-05 -0.000143706 -2.47647e-05 -0.00459554 -0.00344196 -0.00218138  0.0042897 -0.0924296   -9.80076 
              102.88   0.176662 -0.0335361   -22.3174  302.239 -37.4993 0.329988 0 0 0 0.522     0 1.173  6.09448 -3.71542 0.181641  8.55238e-05 -0.000144776 -5.90054e-05 -0.00442451 -0.00350472 -0.00219154 0.00429733 -0.0923986   -9.80076 
              102.92   0.178387 -0.0633038   -22.7664   302.45 -37.7113  0.32914 0 0 0 0.522     0 1.173   6.0212 -3.71587 0.183003  8.46428e-05 -0.000140063  3.07054e-05 -0.00420131 -0.00337709  -0.0022054 0.00427069  -0.092361   -9.80076 
              102.98   0.184806 -0.0804599   -22.9656  302.817 -37.8927 0.334415 0 0 0 0.522     0 1.173  5.92209 -3.70766 0.184016 8.32482e-05 -0.00013455 4.31274e-05 -0.00405323 -0.00343312 -0.00221775 0.00427851 -0.0923331   -9.80076 
              103.02   0.187855 -0.0896509   -23.0367  303.096 -37.8614 0.332144 0 0 0 0.522     0 1.173 5.85408 -3.6836 0.18429  9.10239e-05 -0.000132162 -6.33562e-05 -0.00380129 -0.00383769 -0.00222684 0.00435018 -0.0922806   -9.80076 
              103.08   0.189876 -0.0958865   -23.2378  303.483 -38.0775 0.337843 0 0 0 0.522     0 1.173   5.7601 -3.67601 0.185025  9.21567e-05 -0.000128387 -4.42296e-05 -0.00369801 -0.00388765 -0.00223959 0.00435836 -0.0922603   -9.80076 
              103.14  0.186385 -0.100545  -23.5641  303.849 -38.3126 0.342071 0 0 0 0.522     0 1.173  5.66821 -3.67011 0.186291  9.49873e-05 -0.000123286 -6.28992e-06 -0.00352632 -0.00389774 -0.00225591 0.00435844 -0.0922268   -9.80077 
              103.18   0.188125 -0.0953132   -23.8047  304.083  -38.427 0.341445 0 0 0 0.522     0 1.173  5.60538 -3.66245 0.186861  9.47684e-05 -0.000120465 -1.47866e-05 -0.00329264 -0.00397989 -0.00226979 0.00437271 -0.0921796   -9.80077 
              103.24   0.186077 -0.0906239   -23.8435  304.315 -38.4612 0.343977 0 0 0 0.522     0 1.173  5.51433 -3.64736 0.187201  9.95211e-05 -0.000114969 -8.28197e-05 -0.00289229 -0.00419431 -0.00227888 0.00441364 -0.0920969   -9.80077 
              103.28   0.180527 -0.0907157   -24.0511  304.656 -38.6021 0.345977 0 0 0 0.522     0 1.173  5.46582 -3.64098 0.188308  0.000104633 -0.000113551 -0.000104843 -0.00284234 -0.00433268 -0.00229743 0.00444193 -0.0920859   -9.80077 
              103.34   0.193478 -0.0866069   -24.3205  305.039 -38.8419 0.353155 0 0 0 0.522     0 1.173  5.39497 -3.64117 0.189657  9.91217e-05 -0.000116327 -4.64994e-05  -0.0027516 -0.00435428 -0.00231261 0.00444614 -0.0920666   -9.80077 
              103.38  0.199879 -0.099415  -24.5322  305.338 -38.9706 0.353954 0 0 0 0.522     0 1.173  5.35195 -3.63791 0.190785  0.000100799 -0.000116543  -6.3776e-05 -0.00265639 -0.00447298 -0.00232942 0.00447153  -0.092046   -9.80077 
              103.44 0.206345 -0.12049 -24.7321  305.677 -39.1233 0.359259 0 0 0 0.522     0 1.173  5.29077 -3.63679 0.191479  0.000102189 -0.000110553 -3.96812e-05 -0.00248699 -0.00458753 -0.00234217 0.00449693 -0.0920089   -9.80077 
              103.48   0.20803 -0.152463    -24.88  305.876 -39.2049 0.358304 0 0 0 0.522     0 1.173  5.24468 -3.63016 0.192166   0.00010798 -0.000103548 -8.95994e-05 -0.00215517 -0.00473755 -0.00235653 0.00453168 -0.0919352   -9.80077 
              103.54  0.225003 -0.172147  -25.1834  306.276  -39.468 0.365712 0 0 0 0.522     0 1.173  5.19422 -3.64043 0.192348   9.8508e-05 -0.000102792  8.08609e-06 -0.00211806 -0.00473909  -0.0023722 0.00453212 -0.0919266   -9.80077 
              103.58  0.222618 -0.195324  -25.4071  306.643 -39.6087 0.366265 0 0 0 0.522     0 1.173  5.16949  -3.6441 0.192068  0.000105112 -0.000109376 -2.28349e-06 -0.00220086  -0.0048891 -0.00238814 0.00456611  -0.091947   -9.80077 
              103.64  0.24407  -0.2161 -25.5203  306.951 -39.7691 0.370438 0 0 0 0.522     0 1.173  5.12034 -3.65133 0.190938  9.59167e-05  -0.00010759 -3.79826e-05  -0.0020292 -0.00497963  -0.0023999 0.00458928 -0.0919073   -9.80077 
               103.7  0.247814 -0.247166  -25.7658  307.292 -39.9243 0.372133 0 0 0 0.522     0 1.173   5.0758 -3.65395  0.19094  0.000105213 -0.000105517 -3.52621e-05 -0.00182261 -0.00515892 -0.00241181 0.00463501 -0.0918599   -9.80077 
              103.74   0.24997 -0.267852  -25.9976  307.493 -40.0225 0.370195 0 0 0 0.522     0 1.173  5.04205 -3.65333 0.192078  0.000112085 -0.000105668 -4.00252e-05 -0.00154512 -0.00528291 -0.00242466 0.00466966 -0.0917938   -9.80077 
               103.8  0.277684 -0.293157  -26.1541  307.858 -40.2473 0.378982 0 0 0 0.522     0 1.173  5.00279 -3.66563 0.194569  0.000100002 -9.97228e-05 -4.40432e-05 -0.00147092 -0.00532853 -0.00244288 0.00468225  -0.091776   -9.80077 
              103.84  0.257533 -0.300053  -26.4322  308.106  -40.382 0.374799 0 0 0 0.522     0 1.173  4.97475 -3.67021 0.196341  0.000113466 -0.000102159 -2.97926e-05 -0.00132464 -0.00541003  -0.0024504 0.00470591 -0.0917406   -9.80077 
               103.9  0.278291 -0.311207   -26.661  308.508 -40.5885 0.383461 0 0 0 0.522     0 1.173  4.93964 -3.68221 0.198555  0.000103264 -9.91185e-05  6.53904e-06 -0.00130525 -0.00549785 -0.00246779 0.00472887 -0.0917375   -9.80077 
              103.94   0.27553 -0.315058  -26.9211  308.745  -40.722 0.382368 0 0 0 0.522     0 1.173  4.91277 -3.68867 0.199771  0.000106384 -9.73595e-05  9.86061e-06 -0.00116611 -0.00557479  -0.0024821 0.00475254  -0.091703   -9.80077 
                 104  0.278478 -0.314662  -27.1196  309.111 -40.9518 0.387133 0 0 0 0.522     0 1.173  4.87864 -3.70681  0.20102  0.000105143 -9.78745e-05  2.83542e-05  -0.0011326 -0.00561167 -0.00249406 0.00476324 -0.0916951   -9.80077 
              104.04  0.276023 -0.321263  -27.3382  309.343 -41.0189 0.387464 0 0 0 0.522     0 1.173  4.84964 -3.70604   0.2017  0.000111872 -9.22361e-05  7.68132e-06 -0.000937539  -0.00581193  -0.00251134 0.00482342 -0.0916486   -9.80077 
               104.1  0.294846 -0.316292  -27.4978  309.685 -41.2232 0.395303 0 0 0 0.522     0 1.173  4.81137 -3.71668 0.202034  0.000102625 -9.55261e-05  6.55194e-08 -0.000861571  -0.00587917  -0.00252806 0.00484436 -0.0916299   -9.80077 
              104.16  0.291139 -0.322227  -27.7639  310.022 -41.4547 0.397816 0 0 0 0.522     0 1.173  4.77226 -3.72692 0.202439  0.000109373 -9.27726e-05  6.67411e-06 -0.000771039  -0.00591826  -0.00254179 0.00485855  -0.091606   -9.80077 
               104.2  0.289374 -0.329187  -28.0098  310.277 -41.5298 0.397841 0 0 0 0.522     0 1.173  4.74853 -3.72537 0.203078  0.000115957 -9.10666e-05  2.72617e-06 -0.000636894  -0.00613236  -0.00255842 0.00492453 -0.0915766   -9.80077 
              104.26  0.298572 -0.350111   -28.202  310.579 -41.7349 0.403631 0 0 0 0.522     0 1.173  4.71713 -3.74059  0.20408  0.000112973 -8.17206e-05  1.38486e-05 -0.000517366  -0.00617933  -0.00257267 0.00494317 -0.0915442   -9.80077 
               104.3  0.285451 -0.359108  -28.3738  310.803 -41.8266 0.404528 0 0 0 0.522     0 1.173  4.69734 -3.74482 0.205166  0.000122405 -8.23127e-05 -2.71569e-05 -0.000328361  -0.00634262    -0.002592 0.00499948 -0.0914966   -9.80077 
              104.36  0.299823 -0.369287  -28.5591  311.154 -42.0468 0.411823 0 0 0 0.522     0 1.173  4.67346 -3.76358 0.205857   0.00011529 -8.29816e-05 -1.98551e-05 -0.000277854  -0.00640678  -0.00260815 0.00502084 -0.0914847   -9.80077 
               104.4  0.290419 -0.399275  -28.8306  311.456  -42.182 0.411274 0 0 0 0.522     0 1.173  4.66178  -3.7714 0.206337   0.00012288 -7.86166e-05 -1.34854e-05 -0.000297387  -0.00657095   -0.0026235 0.00506898 -0.0914991   -9.80077 
              104.46  0.289449 -0.406533  -29.0642  311.802 -42.4154  0.41799 0 0 0 0.522     0 1.173  4.64082 -3.78891 0.206099  0.000124781 -8.14686e-05  2.49339e-05 -0.000274935  -0.00662135  -0.00263891 0.00508546 -0.0914951   -9.80077 
               104.5  0.293689 -0.420454  -29.3761  312.063 -42.5412 0.420377 0 0 0 0.522     0 1.173  4.63019 -3.79545 0.206543  0.000123675 -8.20461e-05  5.38932e-05 -0.000238649  -0.00676887  -0.00266161 0.00513289 -0.0914925   -9.80077 
